path,class_folder,width,height,size_bytes,mean_intensity,reasons
161/be_002tg_8_1.jpg,161,32,41,1693,141.41615853658536,width(z=+3.6); size_bytes(z=+5.6)
161/be_003tg_5_27.jpg,161,32,40,1512,142.49609375,width(z=+3.6); size_bytes(z=+4.6)
161/be_006tg_2_5.jpg,161,29,40,1554,131.43879310344826,size_bytes(z=+4.8)
162/bc_008tg_2_12.jpg,162,36,41,1490,99.4979674796748,width(z=+4.5); size_bytes(z=+4.4)
162/be_008sg_5_18.jpg,162,12,7,477,115.41666666666669,aspect_ratio(z=+4.7)
162/be_012tg_1_8.jpg,162,34,40,1931,146.0095588235294,width(z=+4.0); size_bytes(z=+6.9)
162/be_013tg_3_10.jpg,162,34,40,1902,139.84264705882353,width(z=+4.0); size_bytes(z=+6.8)
162/be_014sg_4_304.jpg,162,13,7,482,114.91208791208793,aspect_ratio(z=+5.4)
162/be_019tg_7_16.jpg,162,34,41,1940,141.390243902439,width(z=+4.0); size_bytes(z=+7.0)
162/be_020tg_3_19.jpg,162,34,40,1823,135.23602941176472,width(z=+4.0); size_bytes(z=+6.3)
162/bl_008tg_1_33.jpg,162,30,35,1444,101.72095238095238,size_bytes(z=+4.2)
162/bl_009tg_1_11.jpg,162,30,36,1341,109.4175925925926,size_bytes(z=+3.6)
164/bc_008tg_2_4.jpg,164,36,42,1755,103.375,width(z=+4.5); size_bytes(z=+5.9)
164/bc_009tg_1_13.jpg,164,30,36,1475,101.18148148148148,size_bytes(z=+4.3)
164/bc_012tg_3_29.jpg,164,30,35,1500,102.3095238095238,size_bytes(z=+4.5)
164/be_002tg_3_5.jpg,164,34,40,1721,133.31470588235294,width(z=+4.0); size_bytes(z=+5.7)
164/be_003tg_5_0.jpg,164,34,40,1845,134.64705882352942,width(z=+4.0); size_bytes(z=+6.5)
164/be_004tg_5_17.jpg,164,34,41,1899,139.23888091822096,width(z=+4.0); size_bytes(z=+6.8)
164/be_018tg_2_11.jpg,164,33,40,1716,137.9121212121212,width(z=+3.8); size_bytes(z=+5.7)
164/be_019tg_7_12.jpg,164,34,41,1909,137.76111908177904,width(z=+4.0); size_bytes(z=+6.8)
164/bl_004tg_1_92.jpg,164,54,37,2399,119.03953953953952,width(z=+8.5); size_bytes(z=+9.6)
164/bl_005sg_6_3.jpg,164,21,14,565,89.37414965986395,aspect_ratio(z=+3.6)
167/bc_008tg_2_6.jpg,167,31,41,1438,124.61762391817469,size_bytes(z=+4.1)
167/bc_009tg_1_12.jpg,167,26,35,1402,126.73736263736264,size_bytes(z=+3.9)
167/bc_009tg_1_28.jpg,167,26,36,1395,127.53632478632478,size_bytes(z=+3.9)
170/bc_009tg_1_26.jpg,170,34,37,1468,117.18839427662957,width(z=+4.0); size_bytes(z=+4.3)
170/bc_012tg_3_28.jpg,170,34,35,1615,115.21008403361344,width(z=+4.0); size_bytes(z=+5.1)
170/bc_012tg_3_9.jpg,170,34,35,1556,114.13781512605044,width(z=+4.0); size_bytes(z=+4.8)
170/be_003tg_5_16.jpg,170,34,41,1747,147.64921090387375,width(z=+4.0); size_bytes(z=+5.9)
170/be_013tg_3_18.jpg,170,34,41,1696,142.53371592539455,width(z=+4.0); size_bytes(z=+5.6)
170/be_013tg_3_26.jpg,170,33,40,1619,137.5681818181818,width(z=+3.8); size_bytes(z=+5.2)
170/be_019tg_7_4.jpg,170,34,40,1695,141.40220588235294,width(z=+4.0); size_bytes(z=+5.6)
170/bl_001tg_1_8.jpg,170,53,38,2289,119.19463753723932,width(z=+8.3); size_bytes(z=+9.0)
171/be_001tg_2_360.jpg,171,30,31,1351,154.5247311827957,size_bytes(z=+3.6)
171/be_011tg_6_148.jpg,171,30,31,1356,157.54408602150536,size_bytes(z=+3.7)
171/be_020tg_3_8.jpg,171,40,41,1924,145.9939024390244,width(z=+5.4); size_bytes(z=+6.9)
171/bl_001sg_1_2.jpg,171,36,25,1033,102.42666666666666,width(z=+4.5)
171/bl_001tg_1_2.jpg,171,54,38,2373,120.46052631578948,width(z=+8.5); size_bytes(z=+9.5)
171/bl_002sg_1_10.jpg,171,36,25,1131,103.27,width(z=+4.5)
171/bl_004tg_1_13.jpg,171,55,37,2351,121.08009828009828,width(z=+8.8); aspect_ratio(z=+3.5); size_bytes(z=+9.3)
171/bl_007sg_1_0.jpg,171,37,25,966,106.26810810810812,width(z=+4.7); aspect_ratio(z=+3.5)
171/bl_007tg_1_0.jpg,171,56,38,2152,118.30968045112782,width(z=+9.0); size_bytes(z=+8.2)
173/be_001tg_2_1.jpg,173,35,30,1633,128.72380952380954,width(z=+4.3); size_bytes(z=+5.2)
173/be_001tg_2_244.jpg,173,33,31,1366,148.68426197458456,width(z=+3.8); size_bytes(z=+3.7)
173/be_001tg_2_273.jpg,173,33,30,1245,143.63333333333333,width(z=+3.8)
173/be_001tg_2_410.jpg,173,33,30,1261,143.87878787878788,width(z=+3.8)
173/be_004tg_2_135.jpg,173,29,27,1352,146.71519795657727,size_bytes(z=+3.6)
173/be_007tg_4_152.jpg,173,30,27,1359,151.91604938271604,size_bytes(z=+3.7)
173/be_007tg_6_80.jpg,173,30,27,1359,150.3469135802469,size_bytes(z=+3.7)
173/be_009tg_2_99.jpg,173,33,30,1237,147.74343434343433,width(z=+3.8)
173/be_009tg_4_272.jpg,173,33,30,1192,148.46969696969697,width(z=+3.8)
173/be_009tg_4_54.jpg,173,33,31,1224,154.15933528836754,width(z=+3.8)
173/be_011tg_4_139.jpg,173,33,30,1190,151.04343434343434,width(z=+3.8)
173/be_011tg_4_17.jpg,173,33,30,1283,144.8929292929293,width(z=+3.8)
173/be_014tg_4_375.jpg,173,30,27,1350,150.34814814814814,size_bytes(z=+3.6)
173/be_018tg_3_83.jpg,173,29,27,1375,143.48275862068965,size_bytes(z=+3.8)
173/be_020tg_2_240.jpg,173,30,28,1339,156.79404761904763,size_bytes(z=+3.6)
173/bl_001tg_3_20.jpg,173,30,20,1071,160.03833333333333,aspect_ratio(z=+3.6)
173/bl_005tg_9_15.jpg,173,32,22,1036,162.08948863636363,width(z=+3.6)
173/bl_005tg_9_43.jpg,173,32,22,992,161.3622159090909,width(z=+3.6)
173/bl_008tg_3_166.jpg,173,36,28,1444,141.86607142857142,width(z=+4.5); size_bytes(z=+4.2)
173/bl_009tg_3_446.jpg,173,37,28,1356,143.28281853281854,width(z=+4.7); size_bytes(z=+3.7)
175/bc_007tg_5_312.jpg,175,21,37,1342,136.45302445302443,size_bytes(z=+3.6)
176/be_012tg_1_4.jpg,176,28,40,1735,140.40178571428572,size_bytes(z=+5.8)
178/be_008tg_6_244.jpg,178,33,27,1299,113.95061728395062,width(z=+3.8)
178/be_008tg_6_395.jpg,178,33,27,1324,114.20763187429854,width(z=+3.8)
178/be_009tg_2_266.jpg,178,33,31,1408,136.05571847507332,width(z=+3.8); size_bytes(z=+4.0)
178/be_009tg_4_200.jpg,178,33,30,1357,134.91717171717173,width(z=+3.8); size_bytes(z=+3.7)
178/be_011tg_4_96.jpg,178,33,31,1424,134.81036168132945,width(z=+3.8); size_bytes(z=+4.0)
178/be_011tg_6_167.jpg,178,32,30,1340,133.83229166666666,width(z=+3.6); size_bytes(z=+3.6)
178/be_020tg_2_190.jpg,178,29,27,1335,131.57598978288632,size_bytes(z=+3.5)
178/be_020tg_2_58.jpg,178,30,27,1331,136.2962962962963,size_bytes(z=+3.5)
179/bc_001tg_8_360.jpg,179,33,26,1372,133.46853146853147,width(z=+3.8); size_bytes(z=+3.7)
179/bc_002tg_5_54.jpg,179,37,26,1518,110.8908523908524,width(z=+4.7); size_bytes(z=+4.6)
179/bc_008tg_13_102.jpg,179,34,25,1146,171.75176470588235,width(z=+4.0)
179/bc_008tg_14_177.jpg,179,34,25,1193,166.71882352941176,width(z=+4.0)
179/bc_008tg_14_233.jpg,179,34,26,1404,170.0101809954751,width(z=+4.0); size_bytes(z=+3.9)
179/bc_008tg_14_309.jpg,179,34,25,1149,164.6129411764706,width(z=+4.0)
179/bc_008tg_7_20.jpg,179,37,25,1328,121.62378378378378,width(z=+4.7); aspect_ratio(z=+3.5)
179/bc_008tg_7_29.jpg,179,38,25,1305,132.84421052631578,width(z=+4.9); aspect_ratio(z=+3.7)
179/bc_008tg_8_37.jpg,179,34,25,1184,168.15882352941176,width(z=+4.0)
179/bc_008tg_8_484.jpg,179,33,25,1148,169.25333333333333,width(z=+3.8)
179/bc_008tg_8_75.jpg,179,34,25,1193,172.6494117647059,width(z=+4.0)
179/bc_009tg_2_185.jpg,179,34,26,1474,169.70814479638008,width(z=+4.0); size_bytes(z=+4.3)
179/bc_009tg_2_308.jpg,179,34,25,1256,169.0929411764706,width(z=+4.0)
179/bc_009tg_2_392.jpg,179,33,26,1343,169.82284382284382,width(z=+3.8); size_bytes(z=+3.6)
179/bc_011tg_3_113.jpg,179,33,26,1317,170.73193473193473,width(z=+3.8)
179/bc_011tg_3_2.jpg,179,34,25,1209,172.97529411764705,width(z=+4.0)
179/bc_011tg_3_50.jpg,179,33,25,1112,173.55757575757576,width(z=+3.8)
179/bc_011tg_6_48.jpg,179,33,26,1349,167.46386946386946,width(z=+3.8); size_bytes(z=+3.6)
179/bc_012tg_2_287.jpg,179,34,25,1262,168.74470588235295,width(z=+4.0)
179/bc_012tg_2_334.jpg,179,34,25,1198,170.28,width(z=+4.0)
179/bc_012tg_2_59.jpg,179,34,25,1204,167.58352941176472,width(z=+4.0)
179/bc_012tg_2_67.jpg,179,34,25,1203,168.75882352941176,width(z=+4.0)
179/bc_012tg_3_22.jpg,179,46,35,1983,113.4832298136646,width(z=+6.7); size_bytes(z=+7.2)
179/bc_012tg_3_30.jpg,179,47,35,1998,120.33252279635258,width(z=+7.0); size_bytes(z=+7.3)
179/bc_012tg_4_112.jpg,179,34,25,1119,166.06588235294117,width(z=+4.0)
179/bc_012tg_4_251.jpg,179,34,25,1246,163.6764705882353,width(z=+4.0)
179/bc_012tg_4_259.jpg,179,33,25,1179,164.29333333333332,width(z=+3.8)
179/bc_012tg_4_276.jpg,179,34,25,1084,169.39882352941177,width(z=+4.0)
179/bc_012tg_4_39.jpg,179,34,25,1230,165.7364705882353,width(z=+4.0)
179/bc_012tg_4_47.jpg,179,34,25,1237,171.1094117647059,width(z=+4.0)
179/bc_014tg_5_275.jpg,179,32,24,1167,143.01953125,width(z=+3.6)
179/bc_014tg_5_311.jpg,179,32,24,1169,142.35026041666666,width(z=+3.6)
179/bc_015tg_3_409.jpg,179,32,24,1113,139.81380208333334,width(z=+3.6)
179/bc_016tg_3_255.jpg,179,32,24,1114,144.02734375,width(z=+3.6)
179/bc_016tg_3_260.jpg,179,32,24,1107,141.73177083333334,width(z=+3.6)
179/bc_016tg_5_132.jpg,179,32,24,1096,133.83723958333334,width(z=+3.6)
179/bc_016tg_5_257.jpg,179,32,24,1114,133.45963541666666,width(z=+3.6)
179/bc_016tg_5_262.jpg,179,33,24,1173,130.0770202020202,width(z=+3.8)
179/bc_016tg_5_310.jpg,179,32,24,1088,125.53515625,width(z=+3.6)
179/bc_016tg_5_315.jpg,179,32,25,1130,136.40375,width(z=+3.6)
179/bc_016tg_7_195.jpg,179,32,25,1174,143.10125,width(z=+3.6)
179/bc_016tg_7_35.jpg,179,32,24,1148,140.3828125,width(z=+3.6)
179/bc_017tg_3_176.jpg,179,33,25,1228,126.78666666666666,width(z=+3.8)
179/bc_017tg_3_265.jpg,179,32,25,1202,124.335,width(z=+3.6)
179/bc_017tg_3_271.jpg,179,32,24,1121,118.95182291666669,width(z=+3.6)
179/bc_017tg_3_301.jpg,179,32,24,1142,137.07161458333334,width(z=+3.6)
179/bc_017tg_3_344.jpg,179,32,25,1201,125.93,width(z=+3.6)
179/bc_017tg_3_382.jpg,179,32,25,1160,133.58375,width(z=+3.6)
179/bc_017tg_3_391.jpg,179,32,24,1144,126.82682291666669,width(z=+3.6)
179/bc_017tg_3_399.jpg,179,32,24,1117,120.5703125,width(z=+3.6)
179/bc_017tg_5_41.jpg,179,32,25,1195,123.09,width(z=+3.6)
179/bc_018tg_4_317.jpg,179,33,24,1154,133.625,width(z=+3.8)
179/bc_019tg_3_104.jpg,179,32,24,1094,138.73697916666666,width(z=+3.6)
179/bc_019tg_5_112.jpg,179,32,24,1140,133.4765625,width(z=+3.6)
179/bc_019tg_5_48.jpg,179,32,24,1092,139.39192708333334,width(z=+3.6)
179/bc_019tg_5_9.jpg,179,32,24,1149,132.7890625,width(z=+3.6)
179/bc_019tg_6_193.jpg,179,32,25,1201,144.62625,width(z=+3.6)
179/bc_019tg_6_217.jpg,179,32,24,1129,135.42838541666666,width(z=+3.6)
179/bc_019tg_6_266.jpg,179,32,25,1225,138.91375,width(z=+3.6)
179/bc_019tg_6_281.jpg,179,32,24,1069,133.81510416666666,width(z=+3.6)
179/bc_019tg_6_52.jpg,179,32,24,1079,146.71223958333334,width(z=+3.6)
179/bc_019tg_7_116.jpg,179,32,23,1078,139.92934782608697,width(z=+3.6)
179/bc_019tg_7_139.jpg,179,32,24,1108,144.73046875,width(z=+3.6)
179/bc_019tg_7_287.jpg,179,32,24,1132,138.08723958333334,width(z=+3.6)
179/bc_019tg_7_345.jpg,179,32,24,1064,137.46484375,width(z=+3.6)
179/bc_019tg_8_321.jpg,179,32,25,1164,141.50875,width(z=+3.6)
179/bc_020tg_7_103.jpg,179,32,24,1148,142.37239583333334,width(z=+3.6)
179/be_001tg_2_183.jpg,179,33,30,1353,143.14646464646464,width(z=+3.8); size_bytes(z=+3.6)
179/be_001tg_2_22.jpg,179,37,31,1695,136.02353966870095,width(z=+4.7); size_bytes(z=+5.6)
179/be_001tg_2_281.jpg,179,33,30,1363,141.86969696969695,width(z=+3.8); size_bytes(z=+3.7)
179/be_001tg_2_60.jpg,179,34,31,1447,149.13092979127134,width(z=+4.0); size_bytes(z=+4.2)
179/be_001tg_4_21.jpg,179,34,31,1411,146.29127134724857,width(z=+4.0); size_bytes(z=+4.0)
179/be_001tg_5_151.jpg,179,34,30,1431,145.1794117647059,width(z=+4.0); size_bytes(z=+4.1)
179/be_001tg_5_187.jpg,179,33,31,1358,144.75757575757575,width(z=+3.8); size_bytes(z=+3.7)
179/be_001tg_5_204.jpg,179,34,31,1415,146.74003795066417,width(z=+4.0); size_bytes(z=+4.0)
179/be_001tg_5_68.jpg,179,34,30,1407,137.97156862745098,width(z=+4.0); size_bytes(z=+3.9)
179/be_002tg_9_237.jpg,179,30,27,1387,139.9962962962963,size_bytes(z=+3.8)
179/be_003sg_5_2.jpg,179,32,28,1405,133.44308035714286,width(z=+3.6); size_bytes(z=+3.9)
179/be_003tg_5_2.jpg,179,49,41,2560,142.85067197610752,width(z=+7.4); size_bytes(z=+10.5)
179/be_003tg_8_86.jpg,179,30,27,1362,142.84938271604938,size_bytes(z=+3.7)
179/be_007tg_7_157.jpg,179,30,27,1332,137.81358024691357,size_bytes(z=+3.5)
179/be_008tg_4_244.jpg,179,30,27,1393,149.7641975308642,size_bytes(z=+3.9)
179/be_009tg_4_90.jpg,179,34,31,1450,145.5673624288425,width(z=+4.0); size_bytes(z=+4.2)
179/be_012tg_3_123.jpg,179,30,27,1352,149.42592592592592,size_bytes(z=+3.6)
179/be_012tg_4_61.jpg,179,30,27,1385,142.18148148148148,size_bytes(z=+3.8)
179/be_014tg_3_161.jpg,179,30,27,1345,145.0456790123457,size_bytes(z=+3.6)
179/be_016tg_8_217.jpg,179,30,27,1392,142.5395061728395,size_bytes(z=+3.9)
179/be_016tg_8_387.jpg,179,30,27,1359,142.21604938271605,size_bytes(z=+3.7)
179/be_016tg_9_166.jpg,179,30,27,1359,149.12222222222223,size_bytes(z=+3.7)
179/be_017tg_7_248.jpg,179,30,27,1379,145.35185185185185,size_bytes(z=+3.8)
179/be_017tg_7_319.jpg,179,30,27,1388,146.2753086419753,size_bytes(z=+3.8)
179/be_017tg_7_484.jpg,179,30,27,1364,145.04444444444445,size_bytes(z=+3.7)
179/be_018tg_3_103.jpg,179,30,28,1342,141.66904761904763,size_bytes(z=+3.6)
179/be_018tg_3_300.jpg,179,30,27,1378,139.70246913580246,size_bytes(z=+3.8)
179/be_018tg_7_4.jpg,179,30,27,1342,142.88148148148147,size_bytes(z=+3.6)
179/be_019sg_4_33.jpg,179,33,27,1357,130.79236812570147,width(z=+3.8); size_bytes(z=+3.7)
179/be_019tg_4_33.jpg,179,49,42,2763,143.4139941690962,width(z=+7.4); size_bytes(z=+11.7)
179/be_019tg_6_236.jpg,179,30,28,1383,142.96190476190475,size_bytes(z=+3.8)
179/be_019tg_6_4.jpg,179,30,28,1403,147.7404761904762,size_bytes(z=+3.9)
179/be_020tg_2_243.jpg,179,30,27,1388,141.58271604938273,size_bytes(z=+3.8)
179/bl_001sg_3_218.jpg,179,22,14,724,157.16883116883116,aspect_ratio(z=+4.0)
179/bl_001sg_8_237.jpg,179,24,15,770,157.11388888888888,aspect_ratio(z=+4.1)
179/bl_001tg_3_163.jpg,179,33,21,1189,162.11688311688312,width(z=+3.8); aspect_ratio(z=+4.0)
179/bl_001tg_8_240.jpg,179,36,23,1251,168.55676328502415,width(z=+4.5); aspect_ratio(z=+3.9)
179/bl_002sg_3_133.jpg,179,22,14,777,151.37662337662337,aspect_ratio(z=+4.0)
179/bl_002tg_3_134.jpg,179,33,21,1205,159.91197691197692,width(z=+3.8); aspect_ratio(z=+4.0)
179/bl_003sg_7_337.jpg,179,25,15,746,153.63466666666667,aspect_ratio(z=+4.4)
179/bl_003sg_7_490.jpg,179,23,15,730,152.19130434782608,aspect_ratio(z=+3.8)
179/bl_003tg_7_341.jpg,179,36,22,1271,162.75,width(z=+4.5); aspect_ratio(z=+4.3)
179/bl_004sg_11_84.jpg,179,24,16,725,153.921875,aspect_ratio(z=+3.6)
179/bl_004tg_11_78.jpg,179,36,23,1232,156.93236714975845,width(z=+4.5); aspect_ratio(z=+3.9)
179/bl_006sg_8_29.jpg,179,24,15,773,150.0361111111111,aspect_ratio(z=+4.1)
179/bl_006tg_8_77.jpg,179,37,22,1245,162.46437346437347,width(z=+4.7); aspect_ratio(z=+4.5)
179/bl_007sg_3_170.jpg,179,22,14,716,143.1461038961039,aspect_ratio(z=+4.0)
179/bl_007sg_3_185.jpg,179,22,14,732,150.58441558441558,aspect_ratio(z=+4.0)
179/bl_007sg_8_382.jpg,179,24,16,777,155.29427083333334,aspect_ratio(z=+3.6)
179/bl_007tg_3_174.jpg,179,33,21,1185,155.12842712842712,width(z=+3.8); aspect_ratio(z=+4.0)
179/bl_007tg_3_189.jpg,179,33,21,1170,154.81096681096682,width(z=+3.8); aspect_ratio(z=+4.0)
179/bl_007tg_8_477.jpg,179,37,23,1213,162.60047003525264,width(z=+4.7); aspect_ratio(z=+4.2)
179/bl_008tg_3_248.jpg,179,39,28,1542,144.01739926739927,width(z=+5.2); size_bytes(z=+4.7)
179/bl_008tg_4_6.jpg,179,38,28,1633,143.70676691729324,width(z=+4.9); size_bytes(z=+5.2)
179/bl_011tg_4_187.jpg,179,40,28,1455,146.17678571428573,width(z=+5.4); size_bytes(z=+4.2)
179/bl_011tg_4_30.jpg,179,38,28,1586,143.23214285714286,width(z=+4.9); size_bytes(z=+5.0)
179/bl_011tg_4_353.jpg,179,40,30,1611,152.8925,width(z=+5.4); size_bytes(z=+5.1)
179/bl_011tg_4_380.jpg,179,40,29,1568,149.79137931034484,width(z=+5.4); size_bytes(z=+4.9)
179/bl_011tg_4_58.jpg,179,39,29,1497,148.08576480990274,width(z=+5.2); size_bytes(z=+4.5)
180/bc_009tg_1_11.jpg,180,30,35,1414,98.95904761904762,size_bytes(z=+4.0)
180/be_006tg_2_12.jpg,180,34,41,1940,131.90459110473458,width(z=+4.0); size_bytes(z=+7.0)
180/be_018tg_2_10.jpg,180,34,41,2012,143.90961262553802,width(z=+4.0); size_bytes(z=+7.4)
180/be_019tg_4_24.jpg,180,34,41,1971,136.83500717360116,width(z=+4.0); size_bytes(z=+7.2)
181/bc_009tg_1_29.jpg,181,30,36,1426,93.65462962962962,size_bytes(z=+4.1)
181/be_003tg_5_7.jpg,181,35,41,2006,136.99233449477353,width(z=+4.3); size_bytes(z=+7.4)
181/be_004tg_5_44.jpg,181,34,40,1814,126.77867647058824,width(z=+4.0); size_bytes(z=+6.3)
181/be_013tg_3_23.jpg,181,35,40,1838,137.995,width(z=+4.3); size_bytes(z=+6.4)
181/be_018tg_2_8.jpg,181,34,40,1989,139.8294117647059,width(z=+4.0); size_bytes(z=+7.3)
181/be_018tg_4_12.jpg,181,26,31,1432,137.57320099255583,size_bytes(z=+4.1)
181/be_018tg_4_16.jpg,181,26,30,1378,132.0897435897436,size_bytes(z=+3.8)
181/be_019tg_4_3.jpg,181,35,41,1890,135.9212543554007,width(z=+4.3); size_bytes(z=+6.7)
181/be_020tg_1_19.jpg,181,35,41,2038,132.42787456445993,width(z=+4.3); size_bytes(z=+7.6)
181/be_020tg_1_37.jpg,181,34,41,1832,127.52080344332856,width(z=+4.0); size_bytes(z=+6.4)
181/be_020tg_3_3.jpg,181,29,41,1594,131.4524810765349,size_bytes(z=+5.0)
181/be_020tg_3_36.jpg,181,35,40,1889,129.18785714285715,width(z=+4.3); size_bytes(z=+6.7)
181/bl_008tg_1_9.jpg,181,30,34,1338,86.43725490196078,size_bytes(z=+3.6)
183/bc_012tg_3_23.jpg,183,32,35,1270,104.18928571428572,width(z=+3.6)
183/be_003tg_5_13.jpg,183,38,41,1897,142.08793324775354,width(z=+4.9); size_bytes(z=+6.8)
183/be_004tg_5_0.jpg,183,38,41,1866,145.63222079589218,width(z=+4.9); size_bytes(z=+6.6)
183/be_004tg_5_32.jpg,183,37,41,1857,144.7363216875412,width(z=+4.7); size_bytes(z=+6.5)
183/be_018tg_2_19.jpg,183,37,40,1932,150.0027027027027,width(z=+4.7); size_bytes(z=+7.0)
183/be_018tg_4_0.jpg,183,28,31,1330,136.90668202764977,size_bytes(z=+3.5)
183/be_018tg_4_39.jpg,183,29,30,1423,145.55057471264368,size_bytes(z=+4.0)
183/be_019tg_4_41.jpg,183,38,41,1931,144.05198973042363,width(z=+4.9); size_bytes(z=+6.9)
183/be_019tg_7_24.jpg,183,39,40,1704,141.7121794871795,width(z=+5.2); size_bytes(z=+5.6)
183/be_020tg_1_27.jpg,183,38,41,1846,140.82284980744544,width(z=+4.9); size_bytes(z=+6.5)
183/be_020tg_3_29.jpg,183,38,40,1785,137.6092105263158,width(z=+4.9); size_bytes(z=+6.1)
183/bl_009tg_1_2.jpg,183,36,35,1564,120.9468253968254,width(z=+4.5); size_bytes(z=+4.8)
183/bl_009tg_1_7.jpg,183,36,35,1631,120.36825396825397,width(z=+4.5); size_bytes(z=+5.2)
185/bc_008tg_14_291.jpg,185,17,10,624,129.09411764705882,aspect_ratio(z=+4.6)
185/bc_009tg_1_24.jpg,185,35,36,1312,124.41349206349206,width(z=+4.3)
185/bc_012tg_3_11.jpg,185,36,35,1363,130.88174603174602,width(z=+4.5); size_bytes(z=+3.7)
185/bc_012tg_3_13.jpg,185,36,35,1433,130.2547619047619,width(z=+4.5); size_bytes(z=+4.1)
185/bc_012tg_3_20.jpg,185,35,34,1313,119.30336134453782,width(z=+4.3)
185/bc_017tg_4_5.jpg,185,31,32,1369,102.47379032258064,size_bytes(z=+3.7)
185/be_001tg_2_20.jpg,185,30,31,1370,154.04193548387096,size_bytes(z=+3.7)
185/be_004tg_5_14.jpg,185,39,41,1725,159.17073170731706,width(z=+5.2); size_bytes(z=+5.8)
185/be_004tg_5_2.jpg,185,39,40,1672,155.93141025641026,width(z=+5.2); size_bytes(z=+5.5)
185/be_004tg_5_25.jpg,185,39,40,1693,155.46858974358975,width(z=+5.2); size_bytes(z=+5.6)
185/be_004tg_5_37.jpg,185,39,41,1739,158.3827392120075,width(z=+5.2); size_bytes(z=+5.8)
185/be_006tg_2_10.jpg,185,39,40,1671,152.55769230769232,width(z=+5.2); size_bytes(z=+5.5)
185/be_007tg_5_16.jpg,185,26,27,1346,143.38746438746438,size_bytes(z=+3.6)
185/be_007tg_5_3.jpg,185,26,27,1349,144.08689458689457,size_bytes(z=+3.6)
185/be_011tg_1_269.jpg,185,27,29,1343,150.69220945083015,size_bytes(z=+3.6)
185/be_012tg_1_7.jpg,185,39,41,1772,160.5972482801751,width(z=+5.2); size_bytes(z=+6.0)
185/be_012tg_4_12.jpg,185,27,27,1337,154.4718792866941,size_bytes(z=+3.5)
185/be_012tg_4_228.jpg,185,27,27,1401,156.51577503429354,size_bytes(z=+3.9)
185/be_012tg_4_375.jpg,185,26,27,1425,155.6096866096866,size_bytes(z=+4.1)
185/be_012tg_4_377.jpg,185,26,27,1369,158.8903133903134,size_bytes(z=+3.7)
185/be_012tg_4_9.jpg,185,27,28,1417,158.01190476190476,size_bytes(z=+4.0)
185/be_013tg_3_29.jpg,185,40,40,1730,153.58375,width(z=+5.4); size_bytes(z=+5.8)
185/be_018tg_4_33.jpg,185,30,30,1404,156.82555555555555,size_bytes(z=+3.9)
185/be_019tg_4_12.jpg,185,40,41,1662,162.81951219512194,width(z=+5.4); size_bytes(z=+5.4)
185/be_019tg_4_15.jpg,185,40,41,1902,161.19939024390243,width(z=+5.4); size_bytes(z=+6.8)
185/be_019tg_4_20.jpg,185,40,41,1712,158.94756097560975,width(z=+5.4); size_bytes(z=+5.7)
185/be_019tg_4_28.jpg,185,40,42,1893,160.09702380952382,width(z=+5.4); size_bytes(z=+6.7)
185/be_019tg_4_39.jpg,185,39,42,1860,159.24542124542126,width(z=+5.2); size_bytes(z=+6.5)
185/be_019tg_4_47.jpg,185,39,41,1783,158.5528455284553,width(z=+5.2); size_bytes(z=+6.1)
185/be_019tg_7_10.jpg,185,40,41,1798,157.9548780487805,width(z=+5.4); size_bytes(z=+6.2)
185/be_019tg_7_22.jpg,185,40,41,1827,157.30243902439025,width(z=+5.4); size_bytes(z=+6.4)
185/be_019tg_7_29.jpg,185,32,41,1574,156.2278963414634,width(z=+3.6); size_bytes(z=+4.9)
185/be_019tg_7_8.jpg,185,39,41,1662,153.78048780487805,width(z=+5.2); size_bytes(z=+5.4)
185/be_020tg_1_22.jpg,185,40,41,1867,159.475,width(z=+5.4); size_bytes(z=+6.6)
185/be_020tg_1_25.jpg,185,40,41,1894,158.20365853658538,width(z=+5.4); size_bytes(z=+6.7)
185/be_020tg_1_32.jpg,185,39,40,1678,154.16923076923078,width(z=+5.2); size_bytes(z=+5.5)
185/be_020tg_3_27.jpg,185,40,40,1776,155.166875,width(z=+5.4); size_bytes(z=+6.1)
185/be_020tg_3_34.jpg,185,39,40,1578,149.67371794871795,width(z=+5.2); size_bytes(z=+4.9)
185/bl_001sg_1_3.jpg,185,37,25,1163,110.15135135135137,width(z=+4.7); aspect_ratio(z=+3.5)
185/bl_001tg_1_3.jpg,185,58,38,2226,133.01724137931035,width(z=+9.4); aspect_ratio(z=+3.7); size_bytes(z=+8.6)
185/bl_003sg_1_70.jpg,185,38,26,1262,117.332995951417,width(z=+4.9)
185/bl_003tg_1_27.jpg,185,58,38,2195,126.56896551724138,width(z=+9.4); aspect_ratio(z=+3.7); size_bytes(z=+8.5)
185/bl_004tg_2_49.jpg,185,32,22,979,101.90625,width(z=+3.6)
185/bl_005tg_4_50.jpg,185,32,22,1036,110.1775568181818,width(z=+3.6)
185/bl_007sg_1_23.jpg,185,38,25,1211,115.38526315789474,width(z=+4.9); aspect_ratio(z=+3.7)
185/bl_007tg_1_24.jpg,185,58,38,2154,130.81896551724137,width(z=+9.4); aspect_ratio(z=+3.7); size_bytes(z=+8.2)
185/bl_008tg_1_51.jpg,185,36,34,1494,123.07761437908496,width(z=+4.5); size_bytes(z=+4.4)
185/bl_008tg_3_281.jpg,185,28,28,1332,154.9872448979592,size_bytes(z=+3.5)
185/bl_008tg_3_403.jpg,185,27,29,1329,153.2707535121328,size_bytes(z=+3.5)
185/bl_008tg_3_414.jpg,185,28,28,1358,154.7002551020408,size_bytes(z=+3.7)
185/bl_009tg_3_351.jpg,185,29,28,1376,152.1945812807882,size_bytes(z=+3.8)
185/bl_009tg_3_402.jpg,185,29,29,1361,159.00713436385254,size_bytes(z=+3.7)
185/bl_010tg_6_26.jpg,185,28,29,1368,141.54556650246306,size_bytes(z=+3.7)
185/bl_010tg_6_461.jpg,185,28,29,1374,143.13669950738915,size_bytes(z=+3.8)
185/bl_011tg_4_148.jpg,185,28,28,1368,147.2079081632653,size_bytes(z=+3.7)
185/bl_011tg_4_194.jpg,185,28,29,1383,154.32512315270935,size_bytes(z=+3.8)
185/bl_011tg_4_234.jpg,185,28,28,1338,148.53826530612244,size_bytes(z=+3.6)
185/bl_011tg_4_46.jpg,185,28,29,1348,154.98522167487684,size_bytes(z=+3.6)
186/be_003tg_5_5.jpg,186,37,40,1639,142.06351351351353,width(z=+4.7); size_bytes(z=+5.3)
186/be_012tg_4_19.jpg,186,26,27,1352,140.8846153846154,size_bytes(z=+3.6)
186/be_013tg_3_25.jpg,186,38,40,1789,142.27631578947367,width(z=+4.9); size_bytes(z=+6.1)
186/be_019tg_4_8.jpg,186,37,42,1937,149.3841698841699,width(z=+4.7); size_bytes(z=+7.0)
186/be_019tg_4_9.jpg,186,38,41,1889,147.75802310654686,width(z=+4.9); size_bytes(z=+6.7)
186/be_019tg_7_9.jpg,186,37,42,1834,142.3944658944659,width(z=+4.7); size_bytes(z=+6.4)
186/be_020tg_1_21.jpg,186,38,40,1811,145.59802631578947,width(z=+4.9); size_bytes(z=+6.3)
186/be_020tg_3_24.jpg,186,38,40,1757,138.3967105263158,width(z=+4.9); size_bytes(z=+6.0)
186/bl_003sg_1_68.jpg,186,35,25,981,107.09028571428571,width(z=+4.3)
186/bl_007sg_1_11.jpg,186,35,25,743,104.12685714285716,width(z=+4.3)
186/bl_007sg_1_14.jpg,186,35,25,743,104.12685714285716,width(z=+4.3)
186/bl_007tg_1_11.jpg,186,54,38,1922,121.78996101364524,width(z=+8.5); size_bytes(z=+6.9)
186/bl_007tg_1_14.jpg,186,54,38,2022,122.6369395711501,width(z=+8.5); size_bytes(z=+7.5)
186/bl_008tg_1_15.jpg,186,36,35,1276,127.36825396825397,width(z=+4.5)
186/bl_008tg_1_48.jpg,186,36,34,1280,125.13153594771242,width(z=+4.5)
186/bl_008tg_1_62.jpg,186,35,34,1399,125.29495798319329,width(z=+4.3); size_bytes(z=+3.9)
186/bl_008tg_3_277.jpg,186,26,29,1333,149.76790450928382,size_bytes(z=+3.5)
186/bl_009tg_1_1.jpg,186,35,35,1392,130.82448979591837,width(z=+4.3); size_bytes(z=+3.9)
186/bl_009tg_1_19.jpg,186,36,34,1404,129.10375816993465,width(z=+4.5); size_bytes(z=+3.9)
186/bl_009tg_1_3.jpg,186,36,34,1356,126.36601307189542,width(z=+4.5); size_bytes(z=+3.7)
187/be_001tg_2_299.jpg,187,27,49,1212,179.31972789115648,height(z=+4.0)
187/be_001tg_2_345.jpg,187,28,49,1223,175.76093294460642,height(z=+4.0)
187/be_001tg_2_354.jpg,187,27,49,1121,178.95767195767195,height(z=+4.0)
187/be_001tg_2_372.jpg,187,28,49,1201,182.26020408163265,height(z=+4.0)
187/be_001tg_2_445.jpg,187,27,49,1115,180.31292517006804,height(z=+4.0)
187/be_001tg_4_56.jpg,187,28,49,1131,173.32944606413994,height(z=+4.0)
187/be_001tg_5_114.jpg,187,27,48,1099,180.15432098765436,height(z=+3.9)
187/be_001tg_5_122.jpg,187,28,48,1183,182.82738095238096,height(z=+3.9)
187/be_001tg_5_126.jpg,187,28,49,1181,172.74708454810497,height(z=+4.0)
187/be_001tg_5_256.jpg,187,27,49,1159,178.3817082388511,height(z=+4.0)
187/be_006tg_2_1.jpg,187,30,67,1830,169.4278606965174,height(z=+6.5); size_bytes(z=+6.4)
187/be_007tg_5_4.jpg,187,26,45,1478,167.11623931623933,height(z=+3.5); size_bytes(z=+4.4)
187/be_009tg_2_163.jpg,187,21,48,915,169.98710317460316,height(z=+3.9)
187/be_009tg_2_364.jpg,187,27,49,1147,182.0400604686319,height(z=+4.0)
187/be_009tg_2_43.jpg,187,28,49,1254,175.7332361516035,height(z=+4.0)
187/be_009tg_4_163.jpg,187,27,49,1110,179.69992441421013,height(z=+4.0)
187/be_011tg_5_33.jpg,187,27,48,1095,176.58179012345678,height(z=+3.9)
187/be_013tg_2_355.jpg,187,22,45,1239,169.9747474747475,height(z=+3.5)
187/be_017tg_5_14.jpg,187,25,45,1347,169.912,height(z=+3.5); size_bytes(z=+3.6)
187/be_018tg_11_11.jpg,187,29,50,1558,170.12827586206896,height(z=+4.2); size_bytes(z=+4.8)
187/be_018tg_2_1.jpg,187,38,66,2300,175.89872408293462,width(z=+4.9); height(z=+6.3); size_bytes(z=+9.1)
187/be_020tg_1_1.jpg,187,30,66,1691,169.01666666666668,height(z=+6.3); size_bytes(z=+5.6)
187/be_020tg_1_12.jpg,187,38,67,2416,168.95208169677926,width(z=+4.9); height(z=+6.5); size_bytes(z=+9.7)
187/bl_004tg_1_54.jpg,187,54,52,2331,145.9059829059829,width(z=+8.5); height(z=+4.5); size_bytes(z=+9.2)
187/bl_007sg_1_1.jpg,187,35,35,1281,132.91673469387754,width(z=+4.3)
187/bl_007tg_1_2.jpg,187,53,51,2438,136.17351091379948,width(z=+8.3); height(z=+4.3); size_bytes(z=+9.8)
187/bl_008tg_3_301.jpg,187,26,42,1389,171.03479853479854,size_bytes(z=+3.8)
187/bl_009tg_3_274.jpg,187,27,42,1418,171.40828924162258,size_bytes(z=+4.0)
187/bl_009tg_3_390.jpg,187,27,43,1520,171.7424633936262,size_bytes(z=+4.6)
187/bl_010tg_6_443.jpg,187,27,43,1338,155.83979328165375,size_bytes(z=+3.6)
187/bl_010tg_6_63.jpg,187,27,44,1454,169.0050505050505,size_bytes(z=+4.2)
187/bl_010tg_6_68.jpg,187,27,43,1718,161.77002583979328,size_bytes(z=+5.7)
187/bl_011tg_4_10.jpg,187,27,42,1399,170.49911816578484,size_bytes(z=+3.9)
187/bl_011tg_4_108.jpg,187,27,43,1508,170.29801894918174,size_bytes(z=+4.5)
187/bl_011tg_4_173.jpg,187,26,43,1357,167.0241502683363,size_bytes(z=+3.7)
187/bl_011tg_4_226.jpg,187,27,45,1625,166.2880658436214,height(z=+3.5); size_bytes(z=+5.2)
187/bl_011tg_4_236.jpg,187,27,43,1571,164.38156761412574,size_bytes(z=+4.9)
187/bl_011tg_4_359.jpg,187,26,43,1606,169.78264758497318,size_bytes(z=+5.1)
187/bl_011tg_4_428.jpg,187,27,43,1348,169.2101636520241,size_bytes(z=+3.6)
188/bc_007sg_9_119.jpg,188,11,17,503,69.59358288770053,mean_intensity(z=-3.5)
188/be_019tg_4_17.jpg,188,35,42,2177,140.14081632653065,width(z=+4.3); size_bytes(z=+8.4)
189/bl_007tg_1_15.jpg,189,46,51,2458,119.73572037510657,width(z=+6.7); height(z=+4.3); size_bytes(z=+10.0)
190/bc_004tg_5_87.jpg,190,32,32,1150,94.69921875,width(z=+3.6)
190/bc_011sg_1_46.jpg,190,31,17,994,173.02277039848198,aspect_ratio(z=+5.2)
190/bc_012tg_3_26.jpg,190,36,35,1479,100.47301587301588,width(z=+4.5); size_bytes(z=+4.4)
190/bc_016tg_6_3.jpg,190,32,32,1112,97.16015625,width(z=+3.6)
190/be_003tg_5_8.jpg,190,42,41,2229,145.1103368176539,width(z=+5.8); size_bytes(z=+8.6)
190/be_018tg_4_8.jpg,190,32,30,1369,147.06979166666667,width(z=+3.6); size_bytes(z=+3.7)
190/be_020tg_3_6.jpg,190,39,40,1839,136.8147435897436,width(z=+5.2); size_bytes(z=+6.4)
190/bl_004tg_1_318.jpg,190,56,38,2750,114.5093984962406,width(z=+9.0); size_bytes(z=+11.6)
190/bl_008tg_1_0.jpg,190,38,34,1474,103.75773993808048,width(z=+4.9); size_bytes(z=+4.3)
190/bl_008tg_3_48.jpg,190,27,29,1360,130.92848020434226,size_bytes(z=+3.7)
190/bl_010tg_6_457.jpg,190,28,29,1391,124.71551724137932,size_bytes(z=+3.9)
191/be_001tg_5_260.jpg,191,29,48,1261,170.30675287356323,height(z=+3.9)
191/be_002sg_8_3.jpg,191,29,42,1353,163.14696223316912,size_bytes(z=+3.6)
191/be_002tg_8_3.jpg,191,43,65,2599,173.71270125223614,width(z=+6.1); height(z=+6.2); size_bytes(z=+10.8)
191/be_007tg_6_227.jpg,191,26,43,1430,175.69230769230768,size_bytes(z=+4.1)
191/be_007tg_7_54.jpg,191,26,42,1378,171.98076923076923,size_bytes(z=+3.8)
191/be_008tg_6_334.jpg,191,29,44,1620,159.4655172413793,size_bytes(z=+5.2)
191/be_019tg_3_167.jpg,191,26,43,1329,173.2871198568873,size_bytes(z=+3.5)
191/be_019tg_3_66.jpg,191,26,44,1342,174.6486013986014,size_bytes(z=+3.6)
191/be_020tg_4_207.jpg,191,26,43,1384,175.66726296958856,size_bytes(z=+3.8)
192/be_018tg_2_14.jpg,192,36,40,1768,152.98819444444445,width(z=+4.5); size_bytes(z=+6.0)
192/be_018tg_4_34.jpg,192,27,31,1354,151.56391875746715,size_bytes(z=+3.6)
192/bl_003sg_1_64.jpg,192,34,25,896,102.12235294117647,width(z=+4.0)
193/bc_018tg_4_43.jpg,193,26,29,1333,80.07294429708223,size_bytes(z=+3.5)
193/be_002sg_9_351.jpg,193,12,7,477,118.32142857142856,aspect_ratio(z=+4.7)
193/be_003tg_5_4.jpg,193,37,40,1995,142.1304054054054,width(z=+4.7); size_bytes(z=+7.3)
193/be_004sg_4_19.jpg,193,12,7,478,112.32142857142856,aspect_ratio(z=+4.7)
193/be_004tg_5_10.jpg,193,37,40,1853,141.50878378378377,width(z=+4.7); size_bytes(z=+6.5)
193/be_006tg_2_7.jpg,193,36,40,1797,135.90833333333333,width(z=+4.5); size_bytes(z=+6.2)
193/be_012tg_1_11.jpg,193,37,41,2013,146.04021094264996,width(z=+4.7); size_bytes(z=+7.4)
193/be_013tg_3_13.jpg,193,37,40,1970,135.5966216216216,width(z=+4.7); size_bytes(z=+7.2)
193/be_018tg_2_7.jpg,193,37,40,1823,149.72837837837838,width(z=+4.7); size_bytes(z=+6.3)
193/be_018tg_4_4.jpg,193,27,30,1379,134.65802469135804,size_bytes(z=+3.8)
193/be_018tg_4_7.jpg,193,27,31,1377,135.48984468339307,size_bytes(z=+3.8)
193/be_019tg_4_22.jpg,193,37,41,2018,142.5121951219512,width(z=+4.7); size_bytes(z=+7.4)
193/be_019tg_4_26.jpg,193,37,40,1987,137.13108108108108,width(z=+4.7); size_bytes(z=+7.3)
193/be_019tg_4_45.jpg,193,37,41,2044,141.21357943309164,width(z=+4.7); size_bytes(z=+7.6)
193/be_020tg_1_11.jpg,193,37,40,1854,140.22770270270271,width(z=+4.7); size_bytes(z=+6.5)
193/bl_002sg_1_164.jpg,193,36,26,1378,103.991452991453,width(z=+4.5); size_bytes(z=+3.8)
193/bl_003sg_1_61.jpg,193,35,25,1011,98.63428571428572,width(z=+4.3)
193/bl_003tg_1_18.jpg,193,53,38,2418,119.03475670307846,width(z=+8.3); size_bytes(z=+9.7)
193/bl_004tg_1_171.jpg,193,53,38,2477,119.99056603773585,width(z=+8.3); size_bytes(z=+10.1)
193/bl_005tg_3_58.jpg,193,17,10,576,128.9470588235294,aspect_ratio(z=+4.6)
193/bl_007sg_1_8.jpg,193,36,25,1214,101.04666666666668,width(z=+4.5)
193/bl_007tg_1_8.jpg,193,53,38,2251,114.80139026812314,width(z=+8.3); size_bytes(z=+8.8)
193/bl_008tg_1_14.jpg,193,34,35,1716,107.36302521008405,width(z=+4.0); size_bytes(z=+5.7)
194/bc_017sg_4_14.jpg,194,17,21,771,58.96078431372549,mean_intensity(z=-4.0)
194/bc_017tg_4_14.jpg,194,26,31,1229,62.36848635235732,mean_intensity(z=-3.9)
194/bc_019sg_6_7.jpg,194,15,18,644,65.43703703703704,mean_intensity(z=-3.7)
194/be_003tg_5_19.jpg,194,31,40,1681,122.2516129032258,size_bytes(z=+5.5)
194/be_004tg_5_12.jpg,194,31,40,1610,123.24112903225806,size_bytes(z=+5.1)
194/be_004tg_5_15.jpg,194,30,40,1697,119.72166666666666,size_bytes(z=+5.6)
194/be_018tg_11_26.jpg,194,28,31,1355,122.24308755760369,size_bytes(z=+3.7)
194/be_018tg_2_20.jpg,194,31,41,1758,133.426435877262,size_bytes(z=+6.0)
194/be_019tg_7_19.jpg,194,30,41,1780,123.2,size_bytes(z=+6.1)
194/be_020tg_1_16.jpg,194,31,40,1705,121.97258064516129,size_bytes(z=+5.7)
194/bl_003sg_3_112.jpg,194,11,5,476,97.78181818181818,aspect_ratio(z=+7.1)
194/bl_003sg_3_159.jpg,194,11,5,474,88.21818181818182,aspect_ratio(z=+7.1)
194/bl_003tg_1_11.jpg,194,47,38,1702,89.86730123180291,width(z=+7.0); size_bytes(z=+5.6)
194/bl_003tg_1_15.jpg,194,46,38,1989,90.36727688787184,width(z=+6.7); size_bytes(z=+7.3)
194/bl_003tg_1_2.jpg,194,46,38,1949,93.12185354691076,width(z=+6.7); size_bytes(z=+7.0)
194/bl_003tg_1_28.jpg,194,47,37,1994,91.01150086256467,width(z=+7.0); size_bytes(z=+7.3)
194/bl_003tg_1_7.jpg,194,46,39,2101,101.38517279821627,width(z=+6.7); size_bytes(z=+7.9)
194/bl_008tg_1_28.jpg,194,29,35,1455,91.06995073891626,size_bytes(z=+4.2)
195/bc_008tg_2_5.jpg,195,34,41,1503,138.1893830703013,width(z=+4.0); size_bytes(z=+4.5)
195/bc_008tg_2_8.jpg,195,34,42,1499,142.2303921568627,width(z=+4.0); size_bytes(z=+4.5)
195/bc_009tg_1_7.jpg,195,28,35,1344,134.08061224489796,size_bytes(z=+3.6)
195/be_002tg_3_2.jpg,195,28,41,1387,160.6114982578397,size_bytes(z=+3.8)
195/be_002tg_8_5.jpg,195,28,40,1425,159.1642857142857,size_bytes(z=+4.1)
195/be_003tg_5_21.jpg,195,28,40,1430,160.49732142857144,size_bytes(z=+4.1)
195/be_003tg_5_30.jpg,195,28,40,1349,163.69107142857143,size_bytes(z=+3.6)
195/be_004tg_5_34.jpg,195,28,40,1433,161.20357142857142,size_bytes(z=+4.1)
195/be_006tg_2_6.jpg,195,27,40,1415,158.69537037037037,size_bytes(z=+4.0)
195/be_018tg_2_2.jpg,195,28,40,1441,163.93125,size_bytes(z=+4.1)
195/be_018tg_2_6.jpg,195,27,40,1429,163.84074074074073,size_bytes(z=+4.1)
195/be_019tg_4_2.jpg,195,28,40,1442,160.2982142857143,size_bytes(z=+4.1)
195/be_019tg_4_43.jpg,195,28,41,1452,164.544425087108,size_bytes(z=+4.2)
195/be_019tg_7_14.jpg,195,28,40,1411,157.30982142857144,size_bytes(z=+4.0)
195/be_019tg_7_2.jpg,195,28,39,1428,157.87362637362637,size_bytes(z=+4.1)
195/be_020tg_1_13.jpg,195,28,41,1387,160.17160278745644,size_bytes(z=+3.8)
195/be_020tg_1_29.jpg,195,28,41,1463,161.0165505226481,size_bytes(z=+4.3)
195/be_020tg_3_31.jpg,195,28,39,1406,153.66391941391942,size_bytes(z=+3.9)
195/bl_008tg_1_42.jpg,195,28,36,1386,138.6329365079365,size_bytes(z=+3.8)
196/bl_008tg_1_4.jpg,196,29,47,1411,129.13573000733675,height(z=+3.8); size_bytes(z=+4.0)
197/bc_009tg_1_21.jpg,197,29,36,1502,89.04980842911877,size_bytes(z=+4.5)
197/bc_009tg_1_33.jpg,197,29,36,1386,88.06896551724138,size_bytes(z=+3.8)
197/be_012tg_1_13.jpg,197,31,40,1731,130.78629032258064,size_bytes(z=+5.8)
197/be_013tg_3_15.jpg,197,31,41,1713,123.82454760031472,size_bytes(z=+5.7)
197/be_013tg_3_20.jpg,197,32,40,1652,130.13046875,width(z=+3.6); size_bytes(z=+5.4)
197/be_013tg_3_7.jpg,197,29,40,1679,130.78189655172417,size_bytes(z=+5.5)
197/be_019tg_4_14.jpg,197,31,41,1769,130.39968528717546,size_bytes(z=+6.0)
197/be_019tg_4_29.jpg,197,32,41,1786,135.44740853658536,width(z=+3.6); size_bytes(z=+6.1)
197/be_019tg_4_49.jpg,197,32,41,1798,140.2621951219512,width(z=+3.6); size_bytes(z=+6.2)
197/bl_003sg_1_3.jpg,197,32,26,1215,92.6298076923077,width(z=+3.6)
197/bl_003tg_1_3.jpg,197,48,38,2252,100.5515350877193,width(z=+7.2); size_bytes(z=+8.8)
199/be_006tg_2_13.jpg,199,29,41,1351,168.33557611438184,size_bytes(z=+3.6)
199/be_006tg_2_9.jpg,199,29,40,1373,168.3594827586207,size_bytes(z=+3.8)
199/be_011sg_1_127.jpg,199,12,7,478,127.5,aspect_ratio(z=+4.7)
199/bl_007tg_1_5.jpg,199,42,38,1362,147.7907268170426,width(z=+5.8); size_bytes(z=+3.7)
200/be_003tg_5_11.jpg,200,35,40,1881,136.42714285714283,width(z=+4.3); size_bytes(z=+6.7)
201/bc_017tg_4_42.jpg,201,36,32,1309,98.15277777777776,width(z=+4.5)
201/bc_020tg_4_44.jpg,201,32,27,1348,131.24421296296296,width(z=+3.6); size_bytes(z=+3.6)
201/be_003tg_5_12.jpg,201,38,40,1969,138.92434210526315,width(z=+4.9); size_bytes(z=+7.2)
201/be_012tg_1_2.jpg,201,31,41,1717,135.23839496459482,size_bytes(z=+5.7)
201/be_012tg_4_222.jpg,201,26,27,1393,140.502849002849,size_bytes(z=+3.9)
201/be_012tg_4_3.jpg,201,26,28,1386,142.1346153846154,size_bytes(z=+3.8)
201/be_012tg_4_366.jpg,201,26,27,1352,139.07834757834758,size_bytes(z=+3.6)
201/be_018tg_2_16.jpg,201,38,41,1983,152.0237483953787,width(z=+4.9); size_bytes(z=+7.2)
201/be_018tg_4_36.jpg,201,28,30,1457,135.9,size_bytes(z=+4.2)
201/be_019tg_4_32.jpg,201,37,41,1904,139.24192485168095,width(z=+4.7); size_bytes(z=+6.8)
201/bl_011tg_4_192.jpg,201,31,30,1373,140.05268817204302,size_bytes(z=+3.8)
201/bl_011tg_4_38.jpg,201,32,29,1297,142.83836206896552,width(z=+3.6)
202/bc_008tg_2_7.jpg,202,40,45,1943,113.375,width(z=+5.4); height(z=+3.5); size_bytes(z=+7.0)
202/bc_009tg_1_10.jpg,202,33,38,1552,109.88755980861244,width(z=+3.8); size_bytes(z=+4.8)
202/bc_016tg_6_8.jpg,202,27,36,1491,105.03189300411525,size_bytes(z=+4.4)
202/be_003tg_5_20.jpg,202,38,41,1845,148.60012836970475,width(z=+4.9); size_bytes(z=+6.5)
202/be_003tg_5_28.jpg,202,38,41,1861,147.29396662387677,width(z=+4.9); size_bytes(z=+6.5)
202/be_003tg_5_3.jpg,202,38,41,1925,147.4403080872914,width(z=+4.9); size_bytes(z=+6.9)
202/be_004tg_5_3.jpg,202,38,41,1966,146.9512195121951,width(z=+4.9); size_bytes(z=+7.1)
202/be_006tg_2_14.jpg,202,38,41,1808,142.40821566110398,width(z=+4.9); size_bytes(z=+6.2)
202/be_008sg_4_341.jpg,202,2,3,383,43.0,mean_intensity(z=-4.8)
202/be_011tg_4_362.jpg,202,29,34,1377,162.31237322515213,size_bytes(z=+3.8)
202/be_013tg_5_40.jpg,202,2,3,383,43.0,mean_intensity(z=-4.8)
202/bl_001sg_1_10.jpg,202,32,27,1068,89.70949074074075,width(z=+3.6)
202/bl_009tg_4_13.jpg,202,26,31,1336,99.53349875930522,size_bytes(z=+3.5)
202/bl_010tg_1_13.jpg,202,26,32,1374,93.01682692307692,size_bytes(z=+3.8)
203/be_012tg_4_11.jpg,203,27,27,1383,151.64471879286694,size_bytes(z=+3.8)
203/be_012tg_4_227.jpg,203,27,27,1371,152.72976680384087,size_bytes(z=+3.7)
203/be_012tg_4_8.jpg,203,27,28,1443,155.2910052910053,size_bytes(z=+4.2)
203/bl_003sg_1_0.jpg,203,37,25,1187,100.2054054054054,width(z=+4.7); aspect_ratio(z=+3.5)
203/bl_003sg_1_14.jpg,203,37,26,1386,109.2962577962578,width(z=+4.7); size_bytes(z=+3.8)
203/bl_003sg_1_6.jpg,203,35,26,1424,97.710989010989,width(z=+4.3); size_bytes(z=+4.0)
203/bl_003tg_1_0.jpg,203,56,38,2212,115.5422932330827,width(z=+9.0); size_bytes(z=+8.6)
203/bl_003tg_1_12.jpg,203,56,38,2341,118.68843984962406,width(z=+9.0); size_bytes(z=+9.3)
203/bl_003tg_1_8.jpg,203,56,39,2478,125.2403846153846,width(z=+9.0); size_bytes(z=+10.1)
203/bl_007sg_1_2.jpg,203,36,26,1346,101.78205128205128,width(z=+4.5); size_bytes(z=+3.6)
203/bl_007sg_1_22.jpg,203,36,25,1221,97.34222222222222,width(z=+4.5)
203/bl_007sg_1_6.jpg,203,36,26,1500,100.72970085470084,width(z=+4.5); size_bytes(z=+4.5)
203/bl_007tg_1_23.jpg,203,56,38,2329,123.10432330827068,width(z=+9.0); size_bytes(z=+9.2)
203/bl_007tg_1_3.jpg,203,56,38,2281,120.52678571428572,width(z=+9.0); size_bytes(z=+8.9)
203/bl_007tg_1_6.jpg,203,56,38,2344,120.0234962406015,width(z=+9.0); size_bytes(z=+9.3)
203/bl_008tg_1_66.jpg,203,35,34,1750,113.87394957983192,width(z=+4.3); size_bytes(z=+5.9)
203/bl_008tg_3_8.jpg,203,26,28,1336,131.00686813186817,size_bytes(z=+3.5)
203/bl_008tg_3_96.jpg,203,26,29,1333,141.92705570291778,size_bytes(z=+3.5)
203/bl_009tg_1_25.jpg,203,36,34,1666,117.21486928104576,width(z=+4.5); size_bytes(z=+5.4)
203/bl_009tg_3_371.jpg,203,26,28,1329,137.271978021978,size_bytes(z=+3.5)
203/bl_010tg_6_174.jpg,203,26,29,1347,125.1923076923077,size_bytes(z=+3.6)
203/bl_010tg_6_279.jpg,203,27,29,1352,134.16091954022988,size_bytes(z=+3.6)
203/bl_010tg_6_469.jpg,203,27,30,1415,134.65802469135804,size_bytes(z=+4.0)
203/bl_011tg_4_114.jpg,203,26,29,1394,142.3289124668435,size_bytes(z=+3.9)
203/bl_011tg_4_245.jpg,203,27,29,1337,133.84674329501917,size_bytes(z=+3.5)
203/bl_011tg_4_265.jpg,203,26,29,1389,130.5291777188329,size_bytes(z=+3.8)
205/bc_008tg_2_13.jpg,205,34,41,1570,93.93830703012912,width(z=+4.0); size_bytes(z=+4.9)
205/bc_009tg_1_18.jpg,205,29,36,1399,104.82662835249042,size_bytes(z=+3.9)
205/be_002tg_3_0.jpg,205,31,41,1761,135.57671125098346,size_bytes(z=+6.0)
205/be_002tg_8_4.jpg,205,32,41,1756,139.09375,width(z=+3.6); size_bytes(z=+5.9)
205/be_003tg_5_26.jpg,205,31,40,1756,135.0774193548387,size_bytes(z=+5.9)
205/be_004tg_5_19.jpg,205,31,41,1758,136.3933910306845,size_bytes(z=+6.0)
205/be_004tg_5_33.jpg,205,31,40,1692,132.86129032258066,size_bytes(z=+5.6)
205/be_012tg_1_10.jpg,205,31,40,1719,137.74354838709678,size_bytes(z=+5.7)
205/be_013tg_3_12.jpg,205,31,40,1673,128.73548387096776,size_bytes(z=+5.5)
205/be_019tg_4_10.jpg,205,31,40,1734,135.9233870967742,size_bytes(z=+5.8)
205/be_019tg_4_11.jpg,205,31,41,1747,138.5916601101495,size_bytes(z=+5.9)
205/be_019tg_4_42.jpg,205,31,41,1785,138.3910306845004,size_bytes(z=+6.1)
205/be_019tg_7_21.jpg,205,31,40,1728,132.82096774193548,size_bytes(z=+5.8)
205/be_019tg_7_25.jpg,205,31,41,1782,139.3988985051141,size_bytes(z=+6.1)
205/be_020tg_3_26.jpg,205,31,40,1700,133.01209677419354,size_bytes(z=+5.6)
205/be_020tg_3_5.jpg,205,27,40,1547,128.6175925925926,size_bytes(z=+4.8)
205/bl_008tg_1_25.jpg,205,33,36,1530,111.53872053872054,width(z=+3.8); size_bytes(z=+4.7)
205/bl_008tg_1_35.jpg,205,33,36,1500,115.09511784511784,width(z=+3.8); size_bytes(z=+4.5)
205/bl_009tg_1_12.jpg,205,32,36,1606,114.76041666666669,width(z=+3.6); size_bytes(z=+5.1)
205/bl_009tg_4_1.jpg,205,27,29,1351,124.09578544061304,size_bytes(z=+3.6)
206/bl_002sg_1_163.jpg,206,32,28,992,92.51339285714286,width(z=+3.6)
209/bc_001sg_3_122.jpg,209,12,8,487,117.125,aspect_ratio(z=+3.6)
209/bc_001sg_5_1.jpg,209,12,7,479,94.1904761904762,aspect_ratio(z=+4.7)
209/bc_001sg_8_12.jpg,209,11,7,469,99.48051948051948,aspect_ratio(z=+4.0)
209/bc_001sg_9_218.jpg,209,12,7,481,103.27380952380952,aspect_ratio(z=+4.7)
209/bc_001sg_9_358.jpg,209,12,7,469,97.32142857142856,aspect_ratio(z=+4.7)
209/bc_001sg_9_409.jpg,209,13,8,485,117.8076923076923,aspect_ratio(z=+4.2)
209/bc_001sg_9_46.jpg,209,10,6,463,89.53333333333333,aspect_ratio(z=+4.4)
209/bc_001sg_9_65.jpg,209,12,7,470,103.38095238095238,aspect_ratio(z=+4.7)
209/bc_001sg_9_72.jpg,209,10,6,467,93.78333333333332,aspect_ratio(z=+4.4)
209/bc_001tg_1_5.jpg,209,15,8,476,97.96666666666668,aspect_ratio(z=+5.5)
209/bc_001tg_4_1.jpg,209,18,11,677,114.64141414141416,aspect_ratio(z=+4.3)
209/bc_001tg_8_139.jpg,209,16,10,595,103.76875,aspect_ratio(z=+4.1)
209/bc_001tg_8_206.jpg,209,15,9,521,100.2,aspect_ratio(z=+4.4)
209/bc_001tg_8_230.jpg,209,18,10,662,110.66666666666669,aspect_ratio(z=+5.1)
209/bc_001tg_8_284.jpg,209,15,9,523,102.1851851851852,aspect_ratio(z=+4.4)
209/bc_001tg_8_378.jpg,209,18,11,684,118.52525252525253,aspect_ratio(z=+4.3)
209/bc_001tg_8_430.jpg,209,18,11,678,113.44949494949496,aspect_ratio(z=+4.3)
209/bc_001tg_8_69.jpg,209,18,10,663,103.61666666666666,aspect_ratio(z=+5.1)
209/bc_001tg_9_139.jpg,209,19,11,671,120.88516746411484,aspect_ratio(z=+4.7)
209/bc_001tg_9_194.jpg,209,18,11,673,115.91919191919192,aspect_ratio(z=+4.3)
209/bc_001tg_9_6.jpg,209,16,10,598,100.575,aspect_ratio(z=+4.1)
209/bc_001tg_9_97.jpg,209,16,10,597,102.20625,aspect_ratio(z=+4.1)
209/bc_001tg_9_98.jpg,209,16,10,595,105.33125,aspect_ratio(z=+4.1)
209/bc_002sg_10_66.jpg,209,12,7,478,100.4404761904762,aspect_ratio(z=+4.7)
209/bc_002sg_4_137.jpg,209,12,8,478,103.71875,aspect_ratio(z=+3.6)
209/bc_002sg_4_188.jpg,209,12,8,478,111.6875,aspect_ratio(z=+3.6)
209/bc_002sg_4_215.jpg,209,11,7,475,106.16883116883118,aspect_ratio(z=+4.0)
209/bc_002sg_4_216.jpg,209,11,7,475,99.68831168831169,aspect_ratio(z=+4.0)
209/bc_002sg_5_113.jpg,209,12,8,479,119.71875,aspect_ratio(z=+3.6)
209/bc_002sg_5_133.jpg,209,12,8,483,117.11458333333331,aspect_ratio(z=+3.6)
209/bc_002sg_5_136.jpg,209,11,7,472,99.7012987012987,aspect_ratio(z=+4.0)
209/bc_002sg_5_137.jpg,209,11,7,473,96.46753246753246,aspect_ratio(z=+4.0)
209/bc_002sg_5_163.jpg,209,13,8,484,115.47115384615384,aspect_ratio(z=+4.2)
209/bc_002sg_5_198.jpg,209,12,7,473,94.27380952380952,aspect_ratio(z=+4.7)
209/bc_002sg_5_217.jpg,209,12,8,478,98.46875,aspect_ratio(z=+3.6)
209/bc_002sg_5_222.jpg,209,12,7,472,94.36904761904762,aspect_ratio(z=+4.7)
209/bc_002sg_5_279.jpg,209,12,7,467,97.42857142857144,aspect_ratio(z=+4.7)
209/bc_002sg_5_30.jpg,209,17,8,489,110.77941176470588,aspect_ratio(z=+6.7)
209/bc_002sg_5_48.jpg,209,17,8,501,101.45588235294116,aspect_ratio(z=+6.7)
209/bc_002sg_6_102.jpg,209,11,7,467,102.8051948051948,aspect_ratio(z=+4.0)
209/bc_002sg_6_136.jpg,209,12,8,479,114.55208333333331,aspect_ratio(z=+3.6)
209/bc_002sg_6_27.jpg,209,16,7,467,84.59821428571429,aspect_ratio(z=+7.5)
209/bc_002sg_6_38.jpg,209,17,8,498,107.0,aspect_ratio(z=+6.7)
209/bc_002sg_7_37.jpg,209,11,7,475,99.51948051948052,aspect_ratio(z=+4.0)
209/bc_002sg_7_40.jpg,209,12,8,482,111.66666666666669,aspect_ratio(z=+3.6)
209/bc_002sg_7_92.jpg,209,12,7,476,100.32142857142856,aspect_ratio(z=+4.7)
209/bc_002sg_8_117.jpg,209,12,7,469,97.20238095238096,aspect_ratio(z=+4.7)
209/bc_002sg_8_123.jpg,209,12,7,475,94.35714285714286,aspect_ratio(z=+4.7)
209/bc_002tg_10_28.jpg,209,18,12,675,106.38425925925924,aspect_ratio(z=+3.6)
209/bc_002tg_10_65.jpg,209,16,10,599,108.5375,aspect_ratio(z=+4.1)
209/bc_002tg_10_86.jpg,209,17,10,628,105.1529411764706,aspect_ratio(z=+4.6)
209/bc_002tg_3_105.jpg,209,16,10,609,110.19375,aspect_ratio(z=+4.1)
209/bc_002tg_3_106.jpg,209,16,10,594,105.31875,aspect_ratio(z=+4.1)
209/bc_002tg_4_156.jpg,209,18,11,682,117.32323232323232,aspect_ratio(z=+4.3)
209/bc_002tg_4_187.jpg,209,18,12,673,107.51388888888889,aspect_ratio(z=+3.6)
209/bc_002tg_4_198.jpg,209,15,9,515,100.1851851851852,aspect_ratio(z=+4.4)
209/bc_002tg_4_215.jpg,209,18,11,675,118.55050505050504,aspect_ratio(z=+4.3)
209/bc_002tg_4_244.jpg,209,16,10,600,110.025,aspect_ratio(z=+4.1)
209/bc_002tg_4_245.jpg,209,16,10,599,105.34375,aspect_ratio(z=+4.1)
209/bc_002tg_4_81.jpg,209,16,10,603,111.78125,aspect_ratio(z=+4.1)
209/bc_002tg_4_82.jpg,209,16,10,600,105.4,aspect_ratio(z=+4.1)
209/bc_002tg_5_106.jpg,209,18,11,666,110.9141414141414,aspect_ratio(z=+4.3)
209/bc_002tg_5_110.jpg,209,17,10,626,115.56470588235294,aspect_ratio(z=+4.6)
209/bc_002tg_5_133.jpg,209,18,11,674,121.06565656565655,aspect_ratio(z=+4.3)
209/bc_002tg_5_144.jpg,209,16,10,597,103.7375,aspect_ratio(z=+4.1)
209/bc_002tg_5_168.jpg,209,18,11,673,113.38888888888889,aspect_ratio(z=+4.3)
209/bc_002tg_5_172.jpg,209,18,10,672,126.15,aspect_ratio(z=+5.1)
209/bc_002tg_5_209.jpg,209,18,11,659,118.56565656565655,aspect_ratio(z=+4.3)
209/bc_002tg_5_238.jpg,209,18,10,655,105.04444444444444,aspect_ratio(z=+5.1)
209/bc_002tg_5_24.jpg,209,24,11,670,97.59848484848484,aspect_ratio(z=+7.0)
209/bc_002tg_5_27.jpg,209,25,11,767,103.01454545454546,aspect_ratio(z=+7.5)
209/bc_002tg_5_302.jpg,209,18,11,674,118.53030303030305,aspect_ratio(z=+4.3)
209/bc_002tg_5_309.jpg,209,18,10,673,126.08888888888887,aspect_ratio(z=+5.1)
209/bc_002tg_5_46.jpg,209,25,12,788,104.74,aspect_ratio(z=+6.5)
209/bc_002tg_6_114.jpg,209,18,11,677,110.76767676767676,aspect_ratio(z=+4.3)
209/bc_002tg_6_143.jpg,209,19,10,676,104.87894736842104,aspect_ratio(z=+5.6)
209/bc_002tg_6_24.jpg,209,25,11,720,100.28,aspect_ratio(z=+7.5)
209/bc_002tg_6_36.jpg,209,25,12,780,107.23666666666666,aspect_ratio(z=+6.5)
209/bc_002tg_6_91.jpg,209,16,10,589,97.425,aspect_ratio(z=+4.1)
209/bc_002tg_7_104.jpg,209,18,11,676,118.55050505050504,aspect_ratio(z=+4.3)
209/bc_002tg_7_45.jpg,209,16,10,603,103.76875,aspect_ratio(z=+4.1)
209/bc_002tg_7_48.jpg,209,18,11,668,113.3939393939394,aspect_ratio(z=+4.3)
209/bc_002tg_8_141.jpg,209,18,11,673,117.1919191919192,aspect_ratio(z=+4.3)
209/bc_002tg_8_255.jpg,209,18,12,666,102.875,aspect_ratio(z=+3.6)
209/bc_004sg_3_128.jpg,209,12,8,478,103.64583333333331,aspect_ratio(z=+3.6)
209/bc_004sg_3_229.jpg,209,11,7,481,92.88311688311688,aspect_ratio(z=+4.0)
209/bc_004sg_3_33.jpg,209,12,7,476,91.16666666666669,aspect_ratio(z=+4.7)
209/bc_004sg_3_346.jpg,209,11,7,471,102.88311688311688,aspect_ratio(z=+4.0)
209/bc_004sg_3_347.jpg,209,11,7,475,99.68831168831169,aspect_ratio(z=+4.0)
209/bc_004sg_3_409.jpg,209,12,7,481,100.27380952380952,aspect_ratio(z=+4.7)
209/bc_004sg_3_84.jpg,209,12,7,473,103.26190476190476,aspect_ratio(z=+4.7)
209/bc_004sg_3_90.jpg,209,12,7,479,100.28571428571428,aspect_ratio(z=+4.7)
209/bc_004sg_4_13.jpg,209,12,7,473,97.26190476190476,aspect_ratio(z=+4.7)
209/bc_004sg_4_2.jpg,209,12,8,481,98.46875,aspect_ratio(z=+3.6)
209/bc_004sg_4_223.jpg,209,11,7,472,99.68831168831169,aspect_ratio(z=+4.0)
209/bc_004sg_4_226.jpg,209,13,7,476,103.84615384615384,aspect_ratio(z=+5.4)
209/bc_004sg_4_3.jpg,209,12,7,478,121.5,aspect_ratio(z=+4.7)
209/bc_004sg_6_131.jpg,209,12,7,473,97.28571428571428,aspect_ratio(z=+4.7)
209/bc_004sg_6_54.jpg,209,12,7,479,109.46428571428572,aspect_ratio(z=+4.7)
209/bc_004tg_3_102.jpg,209,17,11,641,116.02139037433156,aspect_ratio(z=+3.8)
209/bc_004tg_3_120.jpg,209,15,9,508,105.97777777777776,aspect_ratio(z=+4.4)
209/bc_004tg_3_140.jpg,209,18,11,678,113.51515151515152,aspect_ratio(z=+4.3)
209/bc_004tg_3_188.jpg,209,17,10,633,120.07058823529412,aspect_ratio(z=+4.6)
209/bc_004tg_3_245.jpg,209,16,10,588,108.525,aspect_ratio(z=+4.1)
209/bc_004tg_3_271.jpg,209,17,10,618,118.56470588235294,aspect_ratio(z=+4.6)
209/bc_004tg_3_351.jpg,209,18,10,667,120.5111111111111,aspect_ratio(z=+5.1)
209/bc_004tg_3_36.jpg,209,18,11,662,117.33838383838383,aspect_ratio(z=+4.3)
209/bc_004tg_3_369.jpg,209,16,10,615,110.10625,aspect_ratio(z=+4.1)
209/bc_004tg_3_370.jpg,209,16,10,592,107.0375,aspect_ratio(z=+4.1)
209/bc_004tg_3_439.jpg,209,18,10,668,105.03333333333332,aspect_ratio(z=+5.1)
209/bc_004tg_3_95.jpg,209,17,11,620,113.37967914438502,aspect_ratio(z=+3.8)
209/bc_004tg_4_258.jpg,209,16,10,601,102.225,aspect_ratio(z=+4.1)
209/bc_004tg_4_274.jpg,209,16,10,595,105.4,aspect_ratio(z=+4.1)
209/bc_004tg_4_277.jpg,209,18,11,680,114.72727272727272,aspect_ratio(z=+4.3)
209/bc_004tg_4_284.jpg,209,18,10,671,124.7,aspect_ratio(z=+5.1)
209/bc_004tg_4_40.jpg,209,17,10,632,124.5470588235294,aspect_ratio(z=+4.6)
209/bc_004tg_4_53.jpg,209,18,10,673,124.7388888888889,aspect_ratio(z=+5.1)
209/bc_004tg_4_8.jpg,209,18,11,675,119.82323232323232,aspect_ratio(z=+4.3)
209/bc_004tg_6_130.jpg,209,19,11,685,123.23923444976076,aspect_ratio(z=+4.7)
209/bc_004tg_6_55.jpg,209,18,10,661,112.07222222222222,aspect_ratio(z=+5.1)
209/bc_005sg_4_162.jpg,209,12,7,478,94.26190476190476,aspect_ratio(z=+4.7)
209/bc_005sg_4_187.jpg,209,11,7,470,89.81818181818181,aspect_ratio(z=+4.0)
209/bc_005sg_4_188.jpg,209,11,7,472,89.62337662337663,aspect_ratio(z=+4.0)
209/bc_005sg_4_235.jpg,209,12,7,477,94.38095238095238,aspect_ratio(z=+4.7)
209/bc_005sg_4_238.jpg,209,12,7,481,94.39285714285714,aspect_ratio(z=+4.7)
209/bc_005sg_4_266.jpg,209,12,8,477,101.14583333333331,aspect_ratio(z=+3.6)
209/bc_005sg_4_269.jpg,209,12,8,480,116.875,aspect_ratio(z=+3.6)
209/bc_005sg_4_278.jpg,209,13,7,478,98.36263736263736,aspect_ratio(z=+5.4)
209/bc_005sg_4_303.jpg,209,13,7,478,98.42857142857144,aspect_ratio(z=+5.4)
209/bc_005sg_4_323.jpg,209,13,7,474,98.1978021978022,aspect_ratio(z=+5.4)
209/bc_005sg_4_356.jpg,209,12,7,473,94.25,aspect_ratio(z=+4.7)
209/bc_005sg_4_408.jpg,209,11,7,469,96.22077922077922,aspect_ratio(z=+4.0)
209/bc_005sg_4_409.jpg,209,11,7,473,99.55844155844156,aspect_ratio(z=+4.0)
209/bc_005sg_4_47.jpg,209,12,7,469,97.20238095238096,aspect_ratio(z=+4.7)
209/bc_005sg_4_479.jpg,209,12,8,481,114.27083333333331,aspect_ratio(z=+3.6)
209/bc_005sg_8_101.jpg,209,11,7,473,106.23376623376625,aspect_ratio(z=+4.0)
209/bc_005sg_8_102.jpg,209,11,7,473,99.55844155844156,aspect_ratio(z=+4.0)
209/bc_005sg_8_110.jpg,209,12,8,480,109.125,aspect_ratio(z=+3.6)
209/bc_005sg_8_20.jpg,209,11,7,470,89.62337662337663,aspect_ratio(z=+4.0)
209/bc_005sg_8_88.jpg,209,12,7,473,103.35714285714286,aspect_ratio(z=+4.7)
209/bc_005tg_1_13.jpg,209,16,9,503,99.375,aspect_ratio(z=+5.0)
209/bc_005tg_4_117.jpg,209,18,11,669,112.17676767676768,aspect_ratio(z=+4.3)
209/bc_005tg_4_204.jpg,209,18,11,692,122.43939393939394,aspect_ratio(z=+4.3)
209/bc_005tg_4_217.jpg,209,17,11,637,109.21390374331553,aspect_ratio(z=+3.8)
209/bc_005tg_4_246.jpg,209,16,10,600,91.13125,aspect_ratio(z=+4.1)
209/bc_005tg_4_293.jpg,209,15,9,511,87.2074074074074,aspect_ratio(z=+4.4)
209/bc_005tg_4_295.jpg,209,17,10,624,103.7529411764706,aspect_ratio(z=+4.6)
209/bc_005tg_4_300.jpg,209,18,11,674,112.14141414141416,aspect_ratio(z=+4.3)
209/bc_005tg_4_333.jpg,209,18,11,673,109.5858585858586,aspect_ratio(z=+4.3)
209/bc_005tg_4_336.jpg,209,18,11,670,112.15656565656566,aspect_ratio(z=+4.3)
209/bc_005tg_4_346.jpg,209,18,11,680,103.13636363636364,aspect_ratio(z=+4.3)
209/bc_005tg_4_375.jpg,209,18,11,675,104.5050505050505,aspect_ratio(z=+4.3)
209/bc_005tg_4_381.jpg,209,17,10,626,114.08235294117648,aspect_ratio(z=+4.6)
209/bc_005tg_4_398.jpg,209,18,11,664,103.16666666666669,aspect_ratio(z=+4.3)
209/bc_005tg_4_437.jpg,209,18,11,668,106.97979797979798,aspect_ratio(z=+4.3)
209/bc_005tg_4_461.jpg,209,16,10,598,99.09375,aspect_ratio(z=+4.1)
209/bc_005tg_4_462.jpg,209,16,10,591,99.03125,aspect_ratio(z=+4.1)
209/bc_005tg_4_67.jpg,209,18,10,668,105.06666666666666,aspect_ratio(z=+5.1)
209/bc_005tg_7_157.jpg,209,17,11,640,117.2566844919786,aspect_ratio(z=+3.8)
209/bc_005tg_7_175.jpg,209,16,10,596,95.775,aspect_ratio(z=+4.1)
209/bc_005tg_7_186.jpg,209,18,11,663,109.5,aspect_ratio(z=+4.3)
209/bc_005tg_7_32.jpg,209,16,10,595,102.19375,aspect_ratio(z=+4.1)
209/bc_005tg_7_46.jpg,209,16,10,605,95.7625,aspect_ratio(z=+4.1)
209/bc_006sg_3_133.jpg,209,13,7,479,98.2967032967033,aspect_ratio(z=+5.4)
209/bc_006sg_3_263.jpg,209,12,7,469,82.16666666666667,aspect_ratio(z=+4.7)
209/bc_006sg_3_335.jpg,209,11,7,475,93.1038961038961,aspect_ratio(z=+4.0)
209/bc_006sg_3_375.jpg,209,11,7,471,86.3896103896104,aspect_ratio(z=+4.0)
209/bc_006sg_3_55.jpg,209,12,8,474,93.17708333333331,aspect_ratio(z=+3.6)
209/bc_006sg_3_74.jpg,209,13,7,480,89.91208791208791,aspect_ratio(z=+5.4)
209/bc_006sg_6_167.jpg,209,12,7,474,85.30952380952381,aspect_ratio(z=+4.7)
209/bc_006sg_6_176.jpg,209,13,8,478,112.83653846153848,aspect_ratio(z=+4.2)
209/bc_006sg_6_211.jpg,209,12,8,479,106.33333333333331,aspect_ratio(z=+3.6)
209/bc_006sg_6_260.jpg,209,11,7,473,93.1038961038961,aspect_ratio(z=+4.0)
209/bc_006sg_6_76.jpg,209,13,7,477,95.62637362637362,aspect_ratio(z=+5.4)
209/bc_006sg_6_95.jpg,209,12,7,479,88.27380952380952,aspect_ratio(z=+4.7)
209/bc_006tg_3_113.jpg,209,18,11,666,98.04040404040404,aspect_ratio(z=+4.3)
209/bc_006tg_3_196.jpg,209,18,11,677,112.18686868686868,aspect_ratio(z=+4.3)
209/bc_006tg_3_241.jpg,209,15,9,513,89.06666666666666,aspect_ratio(z=+4.4)
209/bc_006tg_3_242.jpg,209,15,10,602,103.92666666666666,aspect_ratio(z=+3.6)
209/bc_006tg_3_326.jpg,209,17,10,620,106.67647058823528,aspect_ratio(z=+4.6)
209/bc_006tg_3_361.jpg,209,18,11,666,104.43434343434345,aspect_ratio(z=+4.3)
209/bc_006tg_3_439.jpg,209,18,12,671,98.11111111111111,aspect_ratio(z=+3.6)
209/bc_006tg_3_448.jpg,209,17,11,635,106.475935828877,aspect_ratio(z=+3.8)
209/bc_006tg_3_449.jpg,209,16,10,596,91.0875,aspect_ratio(z=+4.1)
209/bc_006tg_3_87.jpg,209,18,11,674,107.05050505050504,aspect_ratio(z=+4.3)
209/bc_006tg_6_112.jpg,209,18,11,657,103.11616161616162,aspect_ratio(z=+4.3)
209/bc_006tg_6_164.jpg,209,18,11,673,104.44949494949496,aspect_ratio(z=+4.3)
209/bc_006tg_6_236.jpg,209,18,11,681,103.21717171717172,aspect_ratio(z=+4.3)
209/bc_006tg_6_247.jpg,209,18,11,679,103.23232323232324,aspect_ratio(z=+4.3)
209/bc_006tg_6_287.jpg,209,19,11,679,119.58851674641149,aspect_ratio(z=+4.7)
209/bc_007sg_3_101.jpg,209,12,8,471,88.02083333333333,aspect_ratio(z=+3.6)
209/bc_007sg_3_180.jpg,209,12,8,475,98.55208333333331,aspect_ratio(z=+3.6)
209/bc_007sg_3_92.jpg,209,11,7,466,86.36363636363636,aspect_ratio(z=+4.0)
209/bc_007sg_5_119.jpg,209,11,7,472,86.3896103896104,aspect_ratio(z=+4.0)
209/bc_007sg_5_152.jpg,209,13,8,479,100.85576923076924,aspect_ratio(z=+4.2)
209/bc_007sg_5_159.jpg,209,12,8,472,85.15625,aspect_ratio(z=+3.6)
209/bc_007sg_5_167.jpg,209,12,7,474,88.29761904761905,aspect_ratio(z=+4.7)
209/bc_007sg_5_185.jpg,209,13,8,484,103.1923076923077,aspect_ratio(z=+4.2)
209/bc_007sg_5_250.jpg,209,12,7,476,85.22619047619048,aspect_ratio(z=+4.7)
209/bc_007sg_5_284.jpg,209,13,8,476,100.82692307692308,aspect_ratio(z=+4.2)
209/bc_007sg_5_291.jpg,209,12,8,474,93.3125,aspect_ratio(z=+3.6)
209/bc_007sg_5_66.jpg,209,12,8,475,98.41666666666669,aspect_ratio(z=+3.6)
209/bc_007sg_5_91.jpg,209,11,7,473,86.44155844155844,aspect_ratio(z=+4.0)
209/bc_007sg_6_110.jpg,209,12,8,479,109.08333333333331,aspect_ratio(z=+3.6)
209/bc_007sg_6_121.jpg,209,13,7,478,100.989010989011,aspect_ratio(z=+5.4)
209/bc_007sg_6_15.jpg,209,17,7,487,88.21848739495799,aspect_ratio(z=+8.3)
209/bc_007sg_6_196.jpg,209,11,7,473,86.44155844155844,aspect_ratio(z=+4.0)
209/bc_007sg_6_213.jpg,209,13,7,480,87.15384615384616,aspect_ratio(z=+5.4)
209/bc_007sg_6_244.jpg,209,11,7,470,89.67532467532467,aspect_ratio(z=+4.0)
209/bc_007sg_6_268.jpg,209,12,8,478,103.6875,aspect_ratio(z=+3.6)
209/bc_007sg_6_298.jpg,209,13,8,480,110.4903846153846,aspect_ratio(z=+4.2)
209/bc_007sg_6_307.jpg,209,11,7,470,76.45454545454545,aspect_ratio(z=+4.0)
209/bc_007sg_6_327.jpg,209,13,7,479,95.54945054945055,aspect_ratio(z=+5.4)
209/bc_007sg_6_5.jpg,209,16,7,464,77.74107142857143,aspect_ratio(z=+7.5)
209/bc_007sg_9_162.jpg,209,11,7,468,86.11688311688312,aspect_ratio(z=+4.0)
209/bc_007sg_9_185.jpg,209,13,8,480,107.9423076923077,aspect_ratio(z=+4.2)
209/bc_007sg_9_24.jpg,209,17,9,543,103.54248366013071,aspect_ratio(z=+5.6)
209/bc_007tg_3_114.jpg,209,17,10,609,97.7764705882353,aspect_ratio(z=+4.6)
209/bc_007tg_3_115.jpg,209,17,11,631,103.77540106951872,aspect_ratio(z=+3.8)
209/bc_007tg_3_124.jpg,209,19,11,672,103.80861244019138,aspect_ratio(z=+4.7)
209/bc_007tg_3_252.jpg,209,19,11,679,97.86124401913877,aspect_ratio(z=+4.7)
209/bc_007tg_5_175.jpg,209,18,12,669,116.95833333333331,aspect_ratio(z=+3.6)
209/bc_007tg_5_195.jpg,209,19,11,679,112.4066985645933,aspect_ratio(z=+4.7)
209/bc_007tg_5_216.jpg,209,19,12,694,118.61842105263158,aspect_ratio(z=+4.0)
209/bc_007tg_5_287.jpg,209,18,11,662,103.18686868686868,aspect_ratio(z=+4.3)
209/bc_007tg_5_322.jpg,209,19,11,678,103.92344497607657,aspect_ratio(z=+4.7)
209/bc_007tg_5_329.jpg,209,19,11,682,103.77990430622008,aspect_ratio(z=+4.7)
209/bc_007tg_5_40.jpg,209,18,11,674,99.38383838383838,aspect_ratio(z=+4.3)
209/bc_007tg_5_66.jpg,209,18,11,673,96.8080808080808,aspect_ratio(z=+4.3)
209/bc_007tg_6_151.jpg,209,17,11,644,109.21390374331553,aspect_ratio(z=+3.8)
209/bc_007tg_6_164.jpg,209,18,11,674,104.38383838383838,aspect_ratio(z=+4.3)
209/bc_007tg_6_168.jpg,209,16,9,503,85.23611111111111,aspect_ratio(z=+5.0)
209/bc_007tg_6_169.jpg,209,15,9,509,77.6962962962963,aspect_ratio(z=+4.4)
209/bc_007tg_6_18.jpg,209,25,11,753,94.86545454545454,aspect_ratio(z=+7.5)
209/bc_007tg_6_253.jpg,209,17,11,633,106.48663101604278,aspect_ratio(z=+3.8)
209/bc_007tg_6_271.jpg,209,19,11,675,105.08133971291866,aspect_ratio(z=+4.7)
209/bc_007tg_6_307.jpg,209,17,11,629,105.14438502673796,aspect_ratio(z=+3.8)
209/bc_007tg_6_308.jpg,209,16,10,607,94.28125,aspect_ratio(z=+4.1)
209/bc_007tg_6_332.jpg,209,18,11,668,99.33838383838383,aspect_ratio(z=+4.3)
209/bc_007tg_6_353.jpg,209,17,11,630,99.68983957219253,aspect_ratio(z=+3.8)
209/bc_007tg_6_373.jpg,209,18,11,663,96.84343434343434,aspect_ratio(z=+4.3)
209/bc_007tg_6_411.jpg,209,18,11,661,98.11616161616162,aspect_ratio(z=+4.3)
209/bc_007tg_6_8.jpg,209,25,12,775,106.34666666666666,aspect_ratio(z=+6.5)
209/bc_007tg_9_211.jpg,209,16,10,594,92.64375,aspect_ratio(z=+4.1)
209/bc_007tg_9_239.jpg,209,18,11,671,95.47474747474747,aspect_ratio(z=+4.3)
209/bc_007tg_9_26.jpg,209,25,13,765,95.2246153846154,aspect_ratio(z=+5.7)
209/bc_008sg_11_152.jpg,209,11,7,477,116.012987012987,aspect_ratio(z=+4.0)
209/bc_008sg_11_16.jpg,209,12,6,477,106.38888888888889,aspect_ratio(z=+6.1)
209/bc_008sg_11_21.jpg,209,14,4,477,127.41071428571428,aspect_ratio(z=+13.6)
209/bc_008sg_11_218.jpg,209,12,7,476,121.5952380952381,aspect_ratio(z=+4.7)
209/bc_008sg_11_244.jpg,209,12,7,477,136.52380952380952,aspect_ratio(z=+4.7)
209/bc_008sg_11_265.jpg,209,13,6,480,130.71794871794873,aspect_ratio(z=+6.9)
209/bc_008sg_11_271.jpg,209,12,6,475,103.09722222222224,aspect_ratio(z=+6.1)
209/bc_008sg_11_274.jpg,209,12,7,482,130.4404761904762,aspect_ratio(z=+4.7)
209/bc_008sg_11_5.jpg,209,12,7,482,130.53571428571428,aspect_ratio(z=+4.7)
209/bc_008sg_13_102.jpg,209,12,7,478,133.58333333333334,aspect_ratio(z=+4.7)
209/bc_008sg_13_182.jpg,209,13,6,479,124.28205128205128,aspect_ratio(z=+6.9)
209/bc_008sg_13_23.jpg,209,12,7,485,142.61904761904762,aspect_ratio(z=+4.7)
209/bc_008sg_13_60.jpg,209,12,6,471,109.90277777777776,aspect_ratio(z=+6.1)
209/bc_008sg_13_98.jpg,209,12,6,478,116.93055555555556,aspect_ratio(z=+6.1)
209/bc_008sg_14_1.jpg,209,12,7,479,133.4404761904762,aspect_ratio(z=+4.7)
209/bc_008sg_14_147.jpg,209,13,7,486,137.21978021978023,aspect_ratio(z=+5.4)
209/bc_008sg_14_169.jpg,209,12,6,472,102.79166666666669,aspect_ratio(z=+6.1)
209/bc_008sg_14_179.jpg,209,11,7,480,119.27272727272728,aspect_ratio(z=+4.0)
209/bc_008sg_14_181.jpg,209,12,7,484,130.52380952380952,aspect_ratio(z=+4.7)
209/bc_008sg_14_2.jpg,209,12,7,479,130.53571428571428,aspect_ratio(z=+4.7)
209/bc_008sg_14_20.jpg,209,12,7,485,139.70238095238096,aspect_ratio(z=+4.7)
209/bc_008sg_14_200.jpg,209,12,6,477,123.93055555555556,aspect_ratio(z=+6.1)
209/bc_008sg_14_213.jpg,209,12,7,479,142.72619047619048,aspect_ratio(z=+4.7)
209/bc_008sg_14_217.jpg,209,12,6,480,134.43055555555554,aspect_ratio(z=+6.1)
209/bc_008sg_14_24.jpg,209,12,7,483,136.63095238095238,aspect_ratio(z=+4.7)
209/bc_008sg_14_285.jpg,209,11,6,475,115.92424242424242,aspect_ratio(z=+5.3)
209/bc_008sg_14_328.jpg,209,12,6,482,120.44444444444444,aspect_ratio(z=+6.1)
209/bc_008sg_14_337.jpg,209,12,6,481,120.36111111111111,aspect_ratio(z=+6.1)
209/bc_008sg_14_350.jpg,209,12,6,480,120.43055555555556,aspect_ratio(z=+6.1)
209/bc_008sg_14_37.jpg,209,12,7,481,136.4404761904762,aspect_ratio(z=+4.7)
209/bc_008sg_14_41.jpg,209,12,7,478,145.70238095238096,aspect_ratio(z=+4.7)
209/bc_008sg_14_52.jpg,209,13,7,482,137.25274725274724,aspect_ratio(z=+5.4)
209/bc_008sg_1_129.jpg,209,10,5,470,81.92,aspect_ratio(z=+6.1)
209/bc_008sg_1_180.jpg,209,11,6,476,108.5,aspect_ratio(z=+5.3)
209/bc_008sg_1_181.jpg,209,11,7,478,119.42857142857144,aspect_ratio(z=+4.0)
209/bc_008sg_1_202.jpg,209,11,7,482,109.32467532467533,aspect_ratio(z=+4.0)
209/bc_008sg_1_21.jpg,209,12,6,480,117.125,aspect_ratio(z=+6.1)
209/bc_008sg_3_29.jpg,209,12,6,481,116.875,aspect_ratio(z=+6.1)
209/bc_008sg_3_45.jpg,209,10,5,465,86.92,aspect_ratio(z=+6.1)
209/bc_008sg_6_117.jpg,209,13,6,480,120.96153846153848,aspect_ratio(z=+6.9)
209/bc_008sg_6_123.jpg,209,13,6,478,114.42307692307692,aspect_ratio(z=+6.9)
209/bc_008sg_6_167.jpg,209,13,6,482,117.73076923076924,aspect_ratio(z=+6.9)
209/bc_008sg_6_184.jpg,209,11,6,478,108.37878787878788,aspect_ratio(z=+5.3)
209/bc_008sg_6_216.jpg,209,12,7,482,136.4404761904762,aspect_ratio(z=+4.7)
209/bc_008sg_6_226.jpg,209,12,6,475,109.95833333333331,aspect_ratio(z=+6.1)
209/bc_008sg_6_229.jpg,209,12,6,472,106.43055555555556,aspect_ratio(z=+6.1)
209/bc_008sg_6_234.jpg,209,12,6,469,113.40277777777776,aspect_ratio(z=+6.1)
209/bc_008sg_6_37.jpg,209,11,6,473,108.42424242424242,aspect_ratio(z=+5.3)
209/bc_008sg_6_48.jpg,209,13,6,481,124.2051282051282,aspect_ratio(z=+6.9)
209/bc_008sg_6_6.jpg,209,12,6,481,127.36111111111111,aspect_ratio(z=+6.1)
209/bc_008sg_6_90.jpg,209,12,6,478,123.86111111111111,aspect_ratio(z=+6.1)
209/bc_008sg_7_7.jpg,209,14,7,470,117.14285714285714,aspect_ratio(z=+6.1)
209/bc_008sg_8_102.jpg,209,12,7,482,136.42857142857142,aspect_ratio(z=+4.7)
209/bc_008sg_8_161.jpg,209,12,6,478,117.0,aspect_ratio(z=+6.1)
209/bc_008sg_8_167.jpg,209,12,6,475,109.86111111111111,aspect_ratio(z=+6.1)
209/bc_008sg_8_18.jpg,209,12,6,477,124.05555555555556,aspect_ratio(z=+6.1)
209/bc_008sg_8_181.jpg,209,13,6,480,130.89743589743588,aspect_ratio(z=+6.9)
209/bc_008sg_8_206.jpg,209,12,7,476,127.5,aspect_ratio(z=+4.7)
209/bc_008sg_8_228.jpg,209,13,6,476,117.92307692307692,aspect_ratio(z=+6.9)
209/bc_008sg_8_232.jpg,209,11,6,480,104.56060606060606,aspect_ratio(z=+5.3)
209/bc_008sg_8_247.jpg,209,11,6,480,104.56060606060606,aspect_ratio(z=+5.3)
209/bc_008sg_8_286.jpg,209,12,6,479,120.25,aspect_ratio(z=+6.1)
209/bc_008sg_8_317.jpg,209,12,7,482,136.58333333333334,aspect_ratio(z=+4.7)
209/bc_008sg_8_318.jpg,209,12,7,482,133.5595238095238,aspect_ratio(z=+4.7)
209/bc_008sg_8_332.jpg,209,11,6,479,108.28787878787878,aspect_ratio(z=+5.3)
209/bc_008sg_8_415.jpg,209,12,6,478,113.45833333333331,aspect_ratio(z=+6.1)
209/bc_008sg_8_422.jpg,209,13,6,477,124.12820512820512,aspect_ratio(z=+6.9)
209/bc_008sg_8_469.jpg,209,12,6,476,120.58333333333331,aspect_ratio(z=+6.1)
209/bc_008sg_8_7.jpg,209,12,6,470,120.375,aspect_ratio(z=+6.1)
209/bc_008tg_11_104.jpg,209,18,9,571,133.7469135802469,aspect_ratio(z=+6.1)
209/bc_008tg_11_119.jpg,209,17,10,622,134.98823529411766,aspect_ratio(z=+4.6)
209/bc_008tg_11_154.jpg,209,17,10,622,126.06470588235294,aspect_ratio(z=+4.6)
209/bc_008tg_11_16.jpg,209,18,10,680,136.00555555555556,aspect_ratio(z=+5.1)
209/bc_008tg_11_224.jpg,209,17,10,623,131.96470588235294,aspect_ratio(z=+4.6)
209/bc_008tg_11_250.jpg,209,18,9,574,133.76543209876544,aspect_ratio(z=+6.1)
209/bc_008tg_11_288.jpg,209,18,10,676,141.5888888888889,aspect_ratio(z=+5.1)
209/bc_008tg_11_294.jpg,209,19,9,584,137.1812865497076,aspect_ratio(z=+6.7)
209/bc_008tg_11_311.jpg,209,18,9,575,129.03086419753086,aspect_ratio(z=+6.1)
209/bc_008tg_11_330.jpg,209,18,10,682,140.09444444444443,aspect_ratio(z=+5.1)
209/bc_008tg_11_5.jpg,209,17,9,542,121.80392156862744,aspect_ratio(z=+5.6)
209/bc_008tg_13_185.jpg,209,18,10,666,133.1888888888889,aspect_ratio(z=+5.1)
209/bc_008tg_13_23.jpg,209,18,10,671,138.73888888888888,aspect_ratio(z=+5.1)
209/bc_008tg_13_60.jpg,209,18,9,588,135.30246913580248,aspect_ratio(z=+6.1)
209/bc_008tg_13_99.jpg,209,18,9,575,133.80246913580248,aspect_ratio(z=+6.1)
209/bc_008tg_14_151.jpg,209,18,9,566,125.91358024691358,aspect_ratio(z=+6.1)
209/bc_008tg_14_174.jpg,209,18,9,577,124.38888888888889,aspect_ratio(z=+6.1)
209/bc_008tg_14_186.jpg,209,18,9,566,129.01234567901236,aspect_ratio(z=+6.1)
209/bc_008tg_14_2.jpg,209,17,10,630,129.14117647058825,aspect_ratio(z=+4.6)
209/bc_008tg_14_205.jpg,209,17,10,631,136.4470588235294,aspect_ratio(z=+4.6)
209/bc_008tg_14_206.jpg,209,17,9,532,123.4248366013072,aspect_ratio(z=+5.6)
209/bc_008tg_14_218.jpg,209,18,10,682,140.2277777777778,aspect_ratio(z=+5.1)
209/bc_008tg_14_22.jpg,209,17,10,625,132.0529411764706,aspect_ratio(z=+4.6)
209/bc_008tg_14_222.jpg,209,18,10,680,144.37777777777777,aspect_ratio(z=+5.1)
209/bc_008tg_14_26.jpg,209,16,10,613,121.21875,aspect_ratio(z=+4.1)
209/bc_008tg_14_334.jpg,209,18,9,578,129.10493827160494,aspect_ratio(z=+6.1)
209/bc_008tg_14_343.jpg,209,18,9,571,133.7469135802469,aspect_ratio(z=+6.1)
209/bc_008tg_14_356.jpg,209,18,10,681,144.4111111111111,aspect_ratio(z=+5.1)
209/bc_008tg_14_38.jpg,209,18,10,669,140.2,aspect_ratio(z=+5.1)
209/bc_008tg_14_42.jpg,209,18,10,671,141.57222222222222,aspect_ratio(z=+5.1)
209/bc_008tg_14_53.jpg,209,19,9,580,138.6549707602339,aspect_ratio(z=+6.7)
209/bc_008tg_1_179.jpg,209,17,10,621,132.08823529411765,aspect_ratio(z=+4.6)
209/bc_008tg_1_20.jpg,209,17,9,533,126.6470588235294,aspect_ratio(z=+5.6)
209/bc_008tg_1_203.jpg,209,17,10,630,127.52941176470588,aspect_ratio(z=+4.6)
209/bc_008tg_1_21.jpg,209,17,10,624,124.63529411764706,aspect_ratio(z=+4.6)
209/bc_008tg_6_119.jpg,209,18,10,669,137.33333333333334,aspect_ratio(z=+5.1)
209/bc_008tg_6_12.jpg,209,17,10,630,136.48235294117646,aspect_ratio(z=+4.6)
209/bc_008tg_6_125.jpg,209,19,9,577,140.22222222222223,aspect_ratio(z=+6.7)
209/bc_008tg_6_169.jpg,209,18,9,568,130.62962962962962,aspect_ratio(z=+6.1)
209/bc_008tg_6_186.jpg,209,18,10,644,133.13888888888889,aspect_ratio(z=+5.1)
209/bc_008tg_6_229.jpg,209,19,9,577,135.7017543859649,aspect_ratio(z=+6.7)
209/bc_008tg_6_232.jpg,209,18,9,582,129.12345679012347,aspect_ratio(z=+6.1)
209/bc_008tg_6_237.jpg,209,18,9,586,132.12962962962962,aspect_ratio(z=+6.1)
209/bc_008tg_6_55.jpg,209,18,10,679,138.76111111111112,aspect_ratio(z=+5.1)
209/bc_008tg_6_92.jpg,209,17,10,619,127.54117647058824,aspect_ratio(z=+4.6)
209/bc_008tg_6_93.jpg,209,17,10,623,133.46470588235294,aspect_ratio(z=+4.6)
209/bc_008tg_7_7.jpg,209,22,11,740,126.45454545454544,aspect_ratio(z=+6.1)
209/bc_008tg_8_121.jpg,209,18,9,575,129.03703703703704,aspect_ratio(z=+6.1)
209/bc_008tg_8_164.jpg,209,18,10,671,133.15,aspect_ratio(z=+5.1)
209/bc_008tg_8_17.jpg,209,19,9,585,138.64327485380116,aspect_ratio(z=+6.7)
209/bc_008tg_8_170.jpg,209,18,10,683,140.17777777777778,aspect_ratio(z=+5.1)
209/bc_008tg_8_184.jpg,209,18,9,586,133.820987654321,aspect_ratio(z=+6.1)
209/bc_008tg_8_209.jpg,209,18,10,673,138.76666666666668,aspect_ratio(z=+5.1)
209/bc_008tg_8_231.jpg,209,18,9,581,130.69135802469137,aspect_ratio(z=+6.1)
209/bc_008tg_8_251.jpg,209,17,10,638,127.58235294117648,aspect_ratio(z=+4.6)
209/bc_008tg_8_313.jpg,209,17,10,627,130.4470588235294,aspect_ratio(z=+4.6)
209/bc_008tg_8_323.jpg,209,17,9,536,125.0653594771242,aspect_ratio(z=+5.6)
209/bc_008tg_8_338.jpg,209,16,10,613,121.21875,aspect_ratio(z=+4.1)
209/bc_008tg_8_421.jpg,209,19,9,576,131.21052631578948,aspect_ratio(z=+6.7)
209/bc_008tg_8_428.jpg,209,18,9,578,129.10493827160494,aspect_ratio(z=+6.1)
209/bc_008tg_8_467.jpg,209,17,10,630,135.03529411764706,aspect_ratio(z=+4.6)
209/bc_008tg_8_7.jpg,209,17,10,618,137.9470588235294,aspect_ratio(z=+4.6)
209/bc_008tg_8_70.jpg,209,17,10,630,133.59411764705882,aspect_ratio(z=+4.6)
209/bc_008tg_8_8.jpg,209,17,10,633,129.08823529411765,aspect_ratio(z=+4.6)
209/bc_009sg_1_29.jpg,209,18,7,536,93.26984126984128,aspect_ratio(z=+9.0)
209/bc_009sg_2_100.jpg,209,13,6,481,124.1025641025641,aspect_ratio(z=+6.9)
209/bc_009sg_2_179.jpg,209,12,7,479,127.5,aspect_ratio(z=+4.7)
209/bc_009sg_2_180.jpg,209,12,7,482,127.42857142857144,aspect_ratio(z=+4.7)
209/bc_009sg_2_202.jpg,209,12,6,477,116.88888888888889,aspect_ratio(z=+6.1)
209/bc_009sg_2_210.jpg,209,12,7,483,133.52380952380952,aspect_ratio(z=+4.7)
209/bc_009sg_2_24.jpg,209,12,7,479,121.41666666666669,aspect_ratio(z=+4.7)
209/bc_009sg_2_247.jpg,209,12,7,483,127.48809523809524,aspect_ratio(z=+4.7)
209/bc_009sg_2_287.jpg,209,13,7,479,139.92307692307693,aspect_ratio(z=+5.4)
209/bc_009sg_2_299.jpg,209,12,6,472,116.95833333333331,aspect_ratio(z=+6.1)
209/bc_009sg_2_356.jpg,209,13,6,478,117.65384615384616,aspect_ratio(z=+6.9)
209/bc_009sg_2_359.jpg,209,11,6,477,112.13636363636364,aspect_ratio(z=+5.3)
209/bc_009sg_2_439.jpg,209,12,7,479,121.35714285714286,aspect_ratio(z=+4.7)
209/bc_009sg_2_459.jpg,209,13,6,480,117.8846153846154,aspect_ratio(z=+6.9)
209/bc_009sg_2_92.jpg,209,12,6,475,99.29166666666669,aspect_ratio(z=+6.1)
209/bc_009sg_4_8.jpg,209,11,5,472,111.36363636363636,aspect_ratio(z=+7.1)
209/bc_009tg_1_30.jpg,209,28,12,825,106.36011904761904,aspect_ratio(z=+7.8)
209/bc_009tg_2_101.jpg,209,18,10,671,133.07777777777778,aspect_ratio(z=+5.1)
209/bc_009tg_2_179.jpg,209,17,10,642,134.97058823529412,aspect_ratio(z=+4.6)
209/bc_009tg_2_180.jpg,209,17,10,622,130.54705882352943,aspect_ratio(z=+4.6)
209/bc_009tg_2_196.jpg,209,18,10,666,133.1888888888889,aspect_ratio(z=+5.1)
209/bc_009tg_2_205.jpg,209,19,9,578,135.67251461988303,aspect_ratio(z=+6.7)
209/bc_009tg_2_24.jpg,209,19,9,570,126.80701754385964,aspect_ratio(z=+6.7)
209/bc_009tg_2_244.jpg,209,17,10,626,129.05882352941177,aspect_ratio(z=+4.6)
209/bc_009tg_2_284.jpg,209,18,9,574,130.64814814814815,aspect_ratio(z=+6.1)
209/bc_009tg_2_295.jpg,209,18,9,576,127.48765432098766,aspect_ratio(z=+6.1)
209/bc_009tg_2_354.jpg,209,18,9,571,129.0493827160494,aspect_ratio(z=+6.1)
209/bc_009tg_2_358.jpg,209,17,9,534,125.02614379084967,aspect_ratio(z=+5.6)
209/bc_009tg_2_437.jpg,209,19,10,669,142.29473684210527,aspect_ratio(z=+5.6)
209/bc_009tg_2_457.jpg,209,18,9,577,129.16666666666666,aspect_ratio(z=+6.1)
209/bc_009tg_2_92.jpg,209,18,9,564,124.33333333333331,aspect_ratio(z=+6.1)
209/bc_009tg_4_10.jpg,209,16,8,486,135.4140625,aspect_ratio(z=+6.1)
209/bc_010sg_2_1.jpg,209,12,6,476,109.88888888888889,aspect_ratio(z=+6.1)
209/bc_010tg_2_1.jpg,209,18,9,572,127.51851851851852,aspect_ratio(z=+6.1)
209/bc_010tg_5_9.jpg,209,16,8,474,113.7421875,aspect_ratio(z=+6.1)
209/bc_011sg_2_24.jpg,209,12,7,479,97.39285714285714,aspect_ratio(z=+4.7)
209/bc_011sg_2_25.jpg,209,12,7,472,103.23809523809524,aspect_ratio(z=+4.7)
209/bc_011sg_3_109.jpg,209,12,6,474,116.86111111111111,aspect_ratio(z=+6.1)
209/bc_011sg_3_142.jpg,209,11,7,481,132.46753246753246,aspect_ratio(z=+4.0)
209/bc_011sg_3_143.jpg,209,11,7,477,135.7792207792208,aspect_ratio(z=+4.0)
209/bc_011sg_3_218.jpg,209,13,6,480,130.71794871794873,aspect_ratio(z=+6.9)
209/bc_011sg_3_264.jpg,209,12,6,474,123.90277777777776,aspect_ratio(z=+6.1)
209/bc_011sg_3_275.jpg,209,13,7,483,145.54945054945054,aspect_ratio(z=+5.4)
209/bc_011sg_3_467.jpg,209,13,6,480,124.26923076923076,aspect_ratio(z=+6.9)
209/bc_011sg_3_488.jpg,209,13,7,481,145.58241758241758,aspect_ratio(z=+5.4)
209/bc_011sg_3_79.jpg,209,12,6,476,117.13888888888889,aspect_ratio(z=+6.1)
209/bc_011sg_6_115.jpg,209,11,6,469,104.51515151515152,aspect_ratio(z=+5.3)
209/bc_011sg_6_38.jpg,209,12,7,487,133.46428571428572,aspect_ratio(z=+4.7)
209/bc_011sg_8_23.jpg,209,11,5,475,125.1818181818182,aspect_ratio(z=+7.1)
209/bc_011tg_1_26.jpg,209,17,10,627,133.55882352941177,aspect_ratio(z=+4.6)
209/bc_011tg_2_24.jpg,209,18,10,669,104.99444444444444,aspect_ratio(z=+5.1)
209/bc_011tg_2_25.jpg,209,18,9,566,103.95061728395062,aspect_ratio(z=+6.1)
209/bc_011tg_3_109.jpg,209,17,10,637,137.90588235294118,aspect_ratio(z=+4.6)
209/bc_011tg_3_142.jpg,209,16,10,598,129.125,aspect_ratio(z=+4.1)
209/bc_011tg_3_209.jpg,209,17,10,631,136.45294117647057,aspect_ratio(z=+4.6)
209/bc_011tg_3_210.jpg,209,17,10,632,127.51764705882351,aspect_ratio(z=+4.6)
209/bc_011tg_3_222.jpg,209,19,10,681,143.52631578947367,aspect_ratio(z=+5.6)
209/bc_011tg_3_269.jpg,209,18,10,672,137.32777777777778,aspect_ratio(z=+5.1)
209/bc_011tg_3_280.jpg,209,18,9,577,130.67283950617283,aspect_ratio(z=+6.1)
209/bc_011tg_3_474.jpg,209,18,9,582,125.93827160493828,aspect_ratio(z=+6.1)
209/bc_011tg_3_80.jpg,209,18,9,573,135.40123456790124,aspect_ratio(z=+6.1)
209/bc_011tg_6_109.jpg,209,17,10,632,129.01176470588234,aspect_ratio(z=+4.6)
209/bc_011tg_6_22.jpg,209,16,10,616,129.13125,aspect_ratio(z=+4.1)
209/bc_011tg_6_30.jpg,209,19,9,576,135.67251461988303,aspect_ratio(z=+6.7)
209/bc_011tg_8_23.jpg,209,16,8,478,135.3984375,aspect_ratio(z=+6.1)
209/bc_012sg_2_104.jpg,209,12,7,482,130.47619047619048,aspect_ratio(z=+4.7)
209/bc_012sg_2_177.jpg,209,12,6,481,113.47222222222224,aspect_ratio(z=+6.1)
209/bc_012sg_2_186.jpg,209,13,6,480,120.96153846153848,aspect_ratio(z=+6.9)
209/bc_012sg_2_214.jpg,209,13,6,482,121.16666666666669,aspect_ratio(z=+6.9)
209/bc_012sg_2_227.jpg,209,12,7,481,133.53571428571428,aspect_ratio(z=+4.7)
209/bc_012sg_2_228.jpg,209,12,6,474,113.52777777777776,aspect_ratio(z=+6.1)
209/bc_012sg_2_232.jpg,209,13,6,483,137.25641025641025,aspect_ratio(z=+6.9)
209/bc_012sg_2_290.jpg,209,12,6,474,123.94444444444444,aspect_ratio(z=+6.1)
209/bc_012sg_2_296.jpg,209,12,7,485,139.75,aspect_ratio(z=+4.7)
209/bc_012sg_3_10.jpg,209,19,9,585,98.5672514619883,aspect_ratio(z=+6.7)
209/bc_012sg_4_117.jpg,209,11,6,470,100.6818181818182,aspect_ratio(z=+5.3)
209/bc_012sg_4_194.jpg,209,13,7,480,142.8021978021978,aspect_ratio(z=+5.4)
209/bc_012sg_4_197.jpg,209,13,7,480,137.26373626373626,aspect_ratio(z=+5.4)
209/bc_012sg_4_22.jpg,209,12,6,478,116.93055555555556,aspect_ratio(z=+6.1)
209/bc_012sg_4_223.jpg,209,12,7,485,136.5595238095238,aspect_ratio(z=+4.7)
209/bc_012sg_4_236.jpg,209,12,6,472,102.79166666666669,aspect_ratio(z=+6.1)
209/bc_012sg_4_257.jpg,209,13,7,485,139.978021978022,aspect_ratio(z=+5.4)
209/bc_012sg_4_284.jpg,209,12,6,480,124.04166666666669,aspect_ratio(z=+6.1)
209/bc_012sg_4_307.jpg,209,12,7,480,127.46428571428572,aspect_ratio(z=+4.7)
209/bc_012sg_4_66.jpg,209,12,6,481,120.48611111111111,aspect_ratio(z=+6.1)
209/bc_012sg_6_7.jpg,209,10,5,466,112.18,aspect_ratio(z=+6.1)
209/bc_012tg_2_124.jpg,209,17,10,643,130.53529411764706,aspect_ratio(z=+4.6)
209/bc_012tg_2_165.jpg,209,18,10,668,137.37222222222223,aspect_ratio(z=+5.1)
209/bc_012tg_2_166.jpg,209,17,10,621,132.04705882352943,aspect_ratio(z=+4.6)
209/bc_012tg_2_208.jpg,209,18,10,689,141.57222222222222,aspect_ratio(z=+5.1)
209/bc_012tg_2_25.jpg,209,18,10,670,142.98333333333332,aspect_ratio(z=+5.1)
209/bc_012tg_2_290.jpg,209,17,10,640,133.5235294117647,aspect_ratio(z=+4.6)
209/bc_012tg_2_314.jpg,209,17,10,636,133.6,aspect_ratio(z=+4.6)
209/bc_012tg_2_325.jpg,209,19,9,577,135.71345029239765,aspect_ratio(z=+6.7)
209/bc_012tg_2_355.jpg,209,18,10,664,137.3388888888889,aspect_ratio(z=+5.1)
209/bc_012tg_2_362.jpg,209,18,9,586,130.64197530864195,aspect_ratio(z=+6.1)
209/bc_012tg_2_91.jpg,209,17,10,621,138.00588235294117,aspect_ratio(z=+4.6)
209/bc_012tg_2_92.jpg,209,17,10,637,130.45882352941177,aspect_ratio(z=+4.6)
209/bc_012tg_3_10.jpg,209,27,13,796,92.2991452991453,aspect_ratio(z=+6.5)
209/bc_012tg_4_107.jpg,209,19,9,577,138.6315789473684,aspect_ratio(z=+6.7)
209/bc_012tg_4_171.jpg,209,17,10,627,124.6529411764706,aspect_ratio(z=+4.6)
209/bc_012tg_4_174.jpg,209,18,9,576,129.06172839506172,aspect_ratio(z=+6.1)
209/bc_012tg_4_208.jpg,209,19,10,669,136.87894736842105,aspect_ratio(z=+5.6)
209/bc_012tg_4_211.jpg,209,18,10,664,128.9,aspect_ratio(z=+5.1)
209/bc_012tg_4_23.jpg,209,18,10,668,134.55,aspect_ratio(z=+5.1)
209/bc_012tg_4_242.jpg,209,19,9,579,123.88304093567253,aspect_ratio(z=+6.7)
209/bc_012tg_4_263.jpg,209,18,9,586,127.6358024691358,aspect_ratio(z=+6.1)
209/bc_012tg_4_27.jpg,209,17,10,634,130.5705882352941,aspect_ratio(z=+4.6)
209/bc_012tg_4_291.jpg,209,19,9,581,131.29239766081872,aspect_ratio(z=+6.7)
209/bc_012tg_4_314.jpg,209,18,9,577,124.38271604938272,aspect_ratio(z=+6.1)
209/bc_012tg_4_67.jpg,209,19,9,580,138.66081871345028,aspect_ratio(z=+6.7)
209/bc_012tg_6_8.jpg,209,16,8,481,129.578125,aspect_ratio(z=+6.1)
209/bc_013sg_3_1.jpg,209,14,7,472,104.28571428571428,aspect_ratio(z=+6.1)
209/bc_013sg_3_33.jpg,209,13,7,480,103.92307692307692,aspect_ratio(z=+5.4)
209/bc_013tg_3_1.jpg,209,20,11,741,118.15,aspect_ratio(z=+5.2)
209/bc_013tg_3_27.jpg,209,18,10,670,97.93888888888888,aspect_ratio(z=+5.1)
209/bc_013tg_3_28.jpg,209,18,10,669,111.9888888888889,aspect_ratio(z=+5.1)
209/bc_013tg_3_34.jpg,209,18,10,655,106.52777777777776,aspect_ratio(z=+5.1)
209/bc_013tg_3_35.jpg,209,18,10,656,99.38888888888889,aspect_ratio(z=+5.1)
209/bc_013tg_5_8.jpg,209,16,8,481,125.625,aspect_ratio(z=+6.1)
209/bc_014sg_2_27.jpg,209,9,5,428,85.26666666666667,aspect_ratio(z=+5.1)
209/bc_014sg_3_103.jpg,209,13,7,473,106.52747252747253,aspect_ratio(z=+5.4)
209/bc_014sg_3_106.jpg,209,13,7,472,106.63736263736264,aspect_ratio(z=+5.4)
209/bc_014sg_3_145.jpg,209,13,7,473,103.81318681318682,aspect_ratio(z=+5.4)
209/bc_014sg_3_169.jpg,209,13,6,476,95.15384615384616,aspect_ratio(z=+6.9)
209/bc_014sg_3_279.jpg,209,13,6,479,98.15384615384616,aspect_ratio(z=+6.9)
209/bc_014sg_3_282.jpg,209,13,6,476,95.15384615384616,aspect_ratio(z=+6.9)
209/bc_014sg_3_297.jpg,209,12,7,476,112.4404761904762,aspect_ratio(z=+4.7)
209/bc_014sg_3_353.jpg,209,12,8,479,106.375,aspect_ratio(z=+3.6)
209/bc_014sg_3_389.jpg,209,13,6,476,95.05128205128206,aspect_ratio(z=+6.9)
209/bc_014sg_3_411.jpg,209,13,7,474,106.67032967032966,aspect_ratio(z=+5.4)
209/bc_014sg_3_465.jpg,209,12,8,471,98.5625,aspect_ratio(z=+3.6)
209/bc_014sg_3_472.jpg,209,13,6,477,88.67948717948718,aspect_ratio(z=+6.9)
209/bc_014sg_3_55.jpg,209,14,6,475,100.28571428571428,aspect_ratio(z=+7.8)
209/bc_014sg_3_62.jpg,209,13,8,478,122.52884615384616,aspect_ratio(z=+4.2)
209/bc_014sg_6_11.jpg,209,11,6,474,100.63636363636364,aspect_ratio(z=+5.3)
209/bc_014sg_6_173.jpg,209,13,6,471,101.65384615384616,aspect_ratio(z=+6.9)
209/bc_014sg_6_210.jpg,209,13,7,477,126.02197802197804,aspect_ratio(z=+5.4)
209/bc_014sg_6_213.jpg,209,13,7,476,123.3076923076923,aspect_ratio(z=+5.4)
209/bc_014sg_6_235.jpg,209,13,6,479,108.06410256410255,aspect_ratio(z=+6.9)
209/bc_014sg_6_306.jpg,209,13,6,481,91.93589743589745,aspect_ratio(z=+6.9)
209/bc_014sg_6_321.jpg,209,13,6,479,101.57692307692308,aspect_ratio(z=+6.9)
209/bc_014sg_6_355.jpg,209,13,7,475,120.74725274725274,aspect_ratio(z=+5.4)
209/bc_014sg_6_363.jpg,209,13,7,475,128.96703296703296,aspect_ratio(z=+5.4)
209/bc_014sg_6_38.jpg,209,13,6,476,95.15384615384616,aspect_ratio(z=+6.9)
209/bc_014sg_6_442.jpg,209,12,7,477,106.46428571428572,aspect_ratio(z=+4.7)
209/bc_014sg_6_454.jpg,209,12,6,477,99.33333333333331,aspect_ratio(z=+6.1)
209/bc_014sg_6_50.jpg,209,13,6,477,95.06410256410255,aspect_ratio(z=+6.9)
209/bc_014sg_6_75.jpg,209,13,6,476,91.93589743589745,aspect_ratio(z=+6.9)
209/bc_014tg_2_39.jpg,209,16,8,477,97.78125,aspect_ratio(z=+6.1)
209/bc_014tg_5_185.jpg,209,19,10,664,115.5,aspect_ratio(z=+5.6)
209/bc_014tg_5_210.jpg,209,18,9,527,104.04938271604938,aspect_ratio(z=+6.1)
209/bc_014tg_5_227.jpg,209,19,9,563,108.98245614035088,aspect_ratio(z=+6.7)
209/bc_014tg_5_230.jpg,209,19,9,587,117.94736842105264,aspect_ratio(z=+6.7)
209/bc_014tg_5_254.jpg,209,19,10,671,123.61052631578949,aspect_ratio(z=+5.6)
209/bc_014tg_5_329.jpg,209,20,9,583,107.81111111111112,aspect_ratio(z=+7.2)
209/bc_014tg_5_345.jpg,209,19,10,668,118.2,aspect_ratio(z=+5.6)
209/bc_014tg_5_348.jpg,209,19,9,560,104.53801169590643,aspect_ratio(z=+6.7)
209/bc_014tg_5_384.jpg,209,19,9,580,109.046783625731,aspect_ratio(z=+6.7)
209/bc_014tg_5_392.jpg,209,19,9,572,107.46198830409357,aspect_ratio(z=+6.7)
209/bc_014tg_5_464.jpg,209,16,9,523,106.42361111111111,aspect_ratio(z=+5.0)
209/bc_014tg_5_474.jpg,209,19,9,582,107.50877192982456,aspect_ratio(z=+6.7)
209/bc_014tg_5_485.jpg,209,19,9,577,107.47368421052632,aspect_ratio(z=+6.7)
209/bc_014tg_5_51.jpg,209,19,9,573,106.05263157894736,aspect_ratio(z=+6.7)
209/bc_014tg_5_75.jpg,209,19,9,575,106.02923976608189,aspect_ratio(z=+6.7)
209/bc_014tg_6_110.jpg,209,20,10,685,119.965,aspect_ratio(z=+6.1)
209/bc_014tg_6_113.jpg,209,19,9,570,94.24561403508773,aspect_ratio(z=+6.7)
209/bc_014tg_6_128.jpg,209,15,9,510,81.36296296296297,aspect_ratio(z=+4.4)
209/bc_014tg_6_154.jpg,209,20,10,677,113.615,aspect_ratio(z=+6.1)
209/bc_014tg_6_166.jpg,209,19,10,665,106.18947368421053,aspect_ratio(z=+5.6)
209/bc_014tg_6_178.jpg,209,19,10,667,119.5157894736842,aspect_ratio(z=+5.6)
209/bc_014tg_6_195.jpg,209,15,9,515,96.58518518518518,aspect_ratio(z=+4.4)
209/bc_014tg_6_204.jpg,209,16,8,475,81.9609375,aspect_ratio(z=+6.1)
209/bc_014tg_6_211.jpg,209,19,9,576,107.47368421052632,aspect_ratio(z=+6.7)
209/bc_014tg_6_294.jpg,209,19,9,581,104.51461988304094,aspect_ratio(z=+6.7)
209/bc_014tg_6_297.jpg,209,20,9,586,107.81111111111112,aspect_ratio(z=+7.2)
209/bc_014tg_6_305.jpg,209,16,8,472,85.8984375,aspect_ratio(z=+6.1)
209/bc_014tg_6_312.jpg,209,19,9,563,100.17543859649123,aspect_ratio(z=+6.7)
209/bc_014tg_6_331.jpg,209,16,8,478,89.921875,aspect_ratio(z=+6.1)
209/bc_014tg_6_332.jpg,209,15,9,517,90.8074074074074,aspect_ratio(z=+4.4)
209/bc_014tg_6_385.jpg,209,19,10,678,119.5421052631579,aspect_ratio(z=+5.6)
209/bc_014tg_6_419.jpg,209,19,9,575,103.0233918128655,aspect_ratio(z=+6.7)
209/bc_014tg_6_429.jpg,209,16,8,464,71.9375,aspect_ratio(z=+6.1)
209/bc_014tg_6_444.jpg,209,19,9,584,97.15789473684212,aspect_ratio(z=+6.7)
209/bc_014tg_6_62.jpg,209,20,9,584,99.44444444444444,aspect_ratio(z=+7.2)
209/bc_014tg_6_69.jpg,209,19,11,678,124.48325358851676,aspect_ratio(z=+4.7)
209/bc_014tg_6_79.jpg,209,18,10,663,112.05555555555556,aspect_ratio(z=+5.1)
209/bc_015sg_3_119.jpg,209,13,7,478,123.3076923076923,aspect_ratio(z=+5.4)
209/bc_015sg_3_145.jpg,209,13,7,477,117.6923076923077,aspect_ratio(z=+5.4)
209/bc_015sg_3_168.jpg,209,13,7,473,109.4065934065934,aspect_ratio(z=+5.4)
209/bc_015sg_3_189.jpg,209,13,7,476,112.34065934065934,aspect_ratio(z=+5.4)
209/bc_015sg_3_19.jpg,209,13,6,475,88.48717948717949,aspect_ratio(z=+6.9)
209/bc_015sg_3_200.jpg,209,12,8,489,119.63541666666669,aspect_ratio(z=+3.6)
209/bc_015sg_3_210.jpg,209,13,6,477,101.62820512820512,aspect_ratio(z=+6.9)
209/bc_015sg_3_248.jpg,209,13,6,472,88.52564102564102,aspect_ratio(z=+6.9)
209/bc_015sg_3_260.jpg,209,13,6,471,95.2051282051282,aspect_ratio(z=+6.9)
209/bc_015sg_3_271.jpg,209,14,6,475,109.47619047619048,aspect_ratio(z=+7.8)
209/bc_015sg_3_322.jpg,209,13,6,470,85.41025641025641,aspect_ratio(z=+6.9)
209/bc_015sg_3_353.jpg,209,13,7,474,109.27472527472528,aspect_ratio(z=+5.4)
209/bc_015sg_3_369.jpg,209,13,6,473,85.42307692307692,aspect_ratio(z=+6.9)
209/bc_015sg_3_397.jpg,209,13,6,470,88.66666666666667,aspect_ratio(z=+6.9)
209/bc_015sg_3_433.jpg,209,13,6,483,95.3076923076923,aspect_ratio(z=+6.9)
209/bc_015sg_3_46.jpg,209,13,6,483,95.3076923076923,aspect_ratio(z=+6.9)
209/bc_015sg_3_476.jpg,209,13,7,474,114.96703296703296,aspect_ratio(z=+5.4)
209/bc_015sg_3_49.jpg,209,13,6,472,95.2051282051282,aspect_ratio(z=+6.9)
209/bc_015sg_4_20.jpg,209,11,6,469,112.22727272727272,aspect_ratio(z=+5.3)
209/bc_015sg_5_109.jpg,209,13,6,474,95.02564102564102,aspect_ratio(z=+6.9)
209/bc_015sg_5_116.jpg,209,12,8,479,109.03125,aspect_ratio(z=+3.6)
209/bc_015sg_5_130.jpg,209,13,7,478,109.52747252747253,aspect_ratio(z=+5.4)
209/bc_015sg_5_204.jpg,209,14,6,480,97.48809523809524,aspect_ratio(z=+7.8)
209/bc_015sg_5_21.jpg,209,13,7,480,112.12087912087912,aspect_ratio(z=+5.4)
209/bc_015sg_5_218.jpg,209,13,7,470,106.68131868131869,aspect_ratio(z=+5.4)
209/bc_015sg_5_238.jpg,209,13,7,472,114.95604395604396,aspect_ratio(z=+5.4)
209/bc_015sg_5_328.jpg,209,13,7,476,109.45054945054945,aspect_ratio(z=+5.4)
209/bc_015sg_5_55.jpg,209,13,7,475,109.42857142857144,aspect_ratio(z=+5.4)
209/bc_015sg_5_82.jpg,209,10,6,466,102.11666666666666,aspect_ratio(z=+4.4)
209/bc_015sg_5_99.jpg,209,13,7,476,109.48351648351648,aspect_ratio(z=+5.4)
209/bc_015tg_3_104.jpg,209,19,10,658,118.13157894736842,aspect_ratio(z=+5.6)
209/bc_015tg_3_122.jpg,209,19,9,571,116.30994152046785,aspect_ratio(z=+6.7)
209/bc_015tg_3_125.jpg,209,19,9,573,117.93567251461988,aspect_ratio(z=+6.7)
209/bc_015tg_3_148.jpg,209,19,9,568,108.98245614035088,aspect_ratio(z=+6.7)
209/bc_015tg_3_173.jpg,209,20,9,590,119.06111111111112,aspect_ratio(z=+7.2)
209/bc_015tg_3_19.jpg,209,19,9,577,105.99415204678364,aspect_ratio(z=+6.7)
209/bc_015tg_3_195.jpg,209,19,10,659,116.77368421052633,aspect_ratio(z=+5.6)
209/bc_015tg_3_198.jpg,209,19,9,574,103.08771929824562,aspect_ratio(z=+6.7)
209/bc_015tg_3_217.jpg,209,19,9,568,106.05263157894736,aspect_ratio(z=+6.7)
209/bc_015tg_3_255.jpg,209,19,10,671,120.92105263157896,aspect_ratio(z=+5.6)
209/bc_015tg_3_267.jpg,209,19,9,562,104.5906432748538,aspect_ratio(z=+6.7)
209/bc_015tg_3_278.jpg,209,19,10,662,120.82631578947368,aspect_ratio(z=+5.6)
209/bc_015tg_3_330.jpg,209,19,9,575,104.52631578947368,aspect_ratio(z=+6.7)
209/bc_015tg_3_361.jpg,209,19,9,556,94.08771929824562,aspect_ratio(z=+6.7)
209/bc_015tg_3_406.jpg,209,20,10,669,112.39,aspect_ratio(z=+6.1)
209/bc_015tg_3_424.jpg,209,15,9,510,85.22962962962963,aspect_ratio(z=+4.4)
209/bc_015tg_3_442.jpg,209,19,9,563,98.57894736842104,aspect_ratio(z=+6.7)
209/bc_015tg_3_449.jpg,209,16,9,519,94.09027777777776,aspect_ratio(z=+5.0)
209/bc_015tg_3_450.jpg,209,16,9,520,95.81944444444444,aspect_ratio(z=+5.0)
209/bc_015tg_3_47.jpg,209,19,10,647,116.83157894736844,aspect_ratio(z=+5.6)
209/bc_015tg_3_485.jpg,209,19,9,577,107.52631578947368,aspect_ratio(z=+6.7)
209/bc_015tg_3_50.jpg,209,19,9,563,92.69005847953215,aspect_ratio(z=+6.7)
209/bc_015tg_4_20.jpg,209,16,8,472,105.71875,aspect_ratio(z=+6.1)
209/bc_015tg_5_107.jpg,209,19,9,563,98.55555555555556,aspect_ratio(z=+6.7)
209/bc_015tg_5_116.jpg,209,19,10,657,114.17368421052632,aspect_ratio(z=+5.6)
209/bc_015tg_5_139.jpg,209,19,9,566,97.06432748538012,aspect_ratio(z=+6.7)
209/bc_015tg_5_216.jpg,209,20,10,674,118.76,aspect_ratio(z=+6.1)
209/bc_015tg_5_23.jpg,209,19,10,657,106.05263157894736,aspect_ratio(z=+5.6)
209/bc_015tg_5_230.jpg,209,19,10,661,104.87894736842104,aspect_ratio(z=+5.6)
209/bc_015tg_5_250.jpg,209,19,9,569,100.18713450292398,aspect_ratio(z=+6.7)
209/bc_015tg_5_326.jpg,209,16,9,517,90.5625,aspect_ratio(z=+5.0)
209/bc_015tg_5_341.jpg,209,19,10,664,114.23157894736842,aspect_ratio(z=+5.6)
209/bc_015tg_5_62.jpg,209,19,9,568,98.66666666666669,aspect_ratio(z=+6.7)
209/bc_016sg_3_1.jpg,209,12,7,474,112.48809523809524,aspect_ratio(z=+4.7)
209/bc_016sg_3_115.jpg,209,13,6,479,98.51282051282053,aspect_ratio(z=+6.9)
209/bc_016sg_3_133.jpg,209,13,6,480,101.65384615384616,aspect_ratio(z=+6.9)
209/bc_016sg_3_140.jpg,209,13,6,477,88.6025641025641,aspect_ratio(z=+6.9)
209/bc_016sg_3_178.jpg,209,13,6,481,95.1025641025641,aspect_ratio(z=+6.9)
209/bc_016sg_3_200.jpg,209,12,6,477,99.33333333333331,aspect_ratio(z=+6.1)
209/bc_016sg_3_25.jpg,209,12,8,486,108.96875,aspect_ratio(z=+3.6)
209/bc_016sg_3_252.jpg,209,13,7,471,106.68131868131869,aspect_ratio(z=+5.4)
209/bc_016sg_3_286.jpg,209,12,7,474,118.61904761904762,aspect_ratio(z=+4.7)
209/bc_016sg_3_309.jpg,209,13,6,483,91.8974358974359,aspect_ratio(z=+6.9)
209/bc_016sg_3_340.jpg,209,13,7,471,114.95604395604396,aspect_ratio(z=+5.4)
209/bc_016sg_3_36.jpg,209,13,7,477,109.41758241758242,aspect_ratio(z=+5.4)
209/bc_016sg_3_39.jpg,209,13,6,479,92.02564102564102,aspect_ratio(z=+6.9)
209/bc_016sg_4_11.jpg,209,11,6,469,108.51515151515152,aspect_ratio(z=+5.3)
209/bc_016sg_5_149.jpg,209,13,7,472,100.96703296703296,aspect_ratio(z=+5.4)
209/bc_016sg_5_189.jpg,209,13,7,476,106.49450549450547,aspect_ratio(z=+5.4)
209/bc_016sg_5_19.jpg,209,13,7,472,106.53846153846152,aspect_ratio(z=+5.4)
209/bc_016sg_5_190.jpg,209,12,8,479,93.16666666666669,aspect_ratio(z=+3.6)
209/bc_016sg_5_193.jpg,209,13,7,470,89.93406593406593,aspect_ratio(z=+5.4)
209/bc_016sg_5_233.jpg,209,13,7,482,106.6153846153846,aspect_ratio(z=+5.4)
209/bc_016sg_5_261.jpg,209,14,7,479,114.48979591836736,aspect_ratio(z=+6.1)
209/bc_016sg_5_269.jpg,209,13,7,480,103.8021978021978,aspect_ratio(z=+5.4)
209/bc_016sg_5_282.jpg,209,14,7,482,114.6530612244898,aspect_ratio(z=+6.1)
209/bc_016sg_5_294.jpg,209,13,6,479,88.7051282051282,aspect_ratio(z=+6.9)
209/bc_016sg_5_304.jpg,209,13,7,474,109.34065934065934,aspect_ratio(z=+5.4)
209/bc_016sg_5_322.jpg,209,13,7,477,103.78021978021978,aspect_ratio(z=+5.4)
209/bc_016sg_5_339.jpg,209,12,6,471,81.72222222222223,aspect_ratio(z=+6.1)
209/bc_016sg_5_60.jpg,209,13,6,481,88.65384615384616,aspect_ratio(z=+6.9)
209/bc_016sg_6_5.jpg,209,15,8,476,108.48333333333332,aspect_ratio(z=+5.5)
209/bc_016sg_7_114.jpg,209,13,6,481,88.73076923076923,aspect_ratio(z=+6.9)
209/bc_016sg_7_147.jpg,209,13,6,479,91.92307692307692,aspect_ratio(z=+6.9)
209/bc_016tg_3_1.jpg,209,18,9,561,104.0679012345679,aspect_ratio(z=+6.1)
209/bc_016tg_3_117.jpg,209,20,10,677,122.455,aspect_ratio(z=+6.1)
209/bc_016tg_3_136.jpg,209,19,9,568,104.52631578947368,aspect_ratio(z=+6.7)
209/bc_016tg_3_143.jpg,209,20,9,568,104.98333333333332,aspect_ratio(z=+7.2)
209/bc_016tg_3_181.jpg,209,19,10,659,108.8,aspect_ratio(z=+5.6)
209/bc_016tg_3_202.jpg,209,19,9,568,103.03508771929825,aspect_ratio(z=+6.7)
209/bc_016tg_3_262.jpg,209,15,9,513,88.92592592592592,aspect_ratio(z=+4.4)
209/bc_016tg_3_290.jpg,209,19,9,565,104.62573099415204,aspect_ratio(z=+6.7)
209/bc_016tg_3_315.jpg,209,20,10,677,118.65,aspect_ratio(z=+6.1)
209/bc_016tg_3_327.jpg,209,15,10,558,103.82666666666668,aspect_ratio(z=+3.6)
209/bc_016tg_3_37.jpg,209,19,9,580,101.66666666666669,aspect_ratio(z=+6.7)
209/bc_016tg_3_395.jpg,209,20,10,668,114.885,aspect_ratio(z=+6.1)
209/bc_016tg_3_398.jpg,209,19,10,660,115.52105263157895,aspect_ratio(z=+5.6)
209/bc_016tg_3_40.jpg,209,19,10,650,116.83157894736844,aspect_ratio(z=+5.6)
209/bc_016tg_3_57.jpg,209,19,9,556,103.08187134502924,aspect_ratio(z=+6.7)
209/bc_016tg_4_22.jpg,209,16,8,477,103.8125,aspect_ratio(z=+6.1)
209/bc_016tg_5_174.jpg,209,20,9,576,95.12777777777778,aspect_ratio(z=+7.2)
209/bc_016tg_5_21.jpg,209,19,10,670,107.42105263157896,aspect_ratio(z=+5.6)
209/bc_016tg_5_215.jpg,209,19,9,566,91.17543859649123,aspect_ratio(z=+6.7)
209/bc_016tg_5_219.jpg,209,19,10,657,103.4,aspect_ratio(z=+5.6)
209/bc_016tg_5_250.jpg,209,16,9,521,85.15972222222223,aspect_ratio(z=+5.0)
209/bc_016tg_5_259.jpg,209,19,10,648,107.56315789473685,aspect_ratio(z=+5.6)
209/bc_016tg_5_290.jpg,209,19,10,667,106.2421052631579,aspect_ratio(z=+5.6)
209/bc_016tg_5_298.jpg,209,20,10,659,113.545,aspect_ratio(z=+6.1)
209/bc_016tg_5_312.jpg,209,19,9,562,92.67836257309942,aspect_ratio(z=+6.7)
209/bc_016tg_5_326.jpg,209,20,10,674,112.35,aspect_ratio(z=+6.1)
209/bc_016tg_5_337.jpg,209,19,10,660,99.49473684210528,aspect_ratio(z=+5.6)
209/bc_016tg_5_357.jpg,209,19,10,666,111.61578947368422,aspect_ratio(z=+5.6)
209/bc_016tg_5_377.jpg,209,19,10,672,103.52105263157895,aspect_ratio(z=+5.6)
209/bc_016tg_5_63.jpg,209,16,9,515,83.54861111111111,aspect_ratio(z=+5.0)
209/bc_016tg_5_74.jpg,209,19,10,657,106.08947368421052,aspect_ratio(z=+5.6)
209/bc_016tg_6_5.jpg,209,23,11,727,106.9407114624506,aspect_ratio(z=+6.6)
209/bc_016tg_7_115.jpg,209,19,9,557,101.62573099415204,aspect_ratio(z=+6.7)
209/bc_016tg_7_149.jpg,209,19,10,658,107.36842105263158,aspect_ratio(z=+5.6)
209/bc_016tg_7_18.jpg,209,19,9,562,103.11111111111111,aspect_ratio(z=+6.7)
209/bc_016tg_7_189.jpg,209,19,9,573,106.08771929824562,aspect_ratio(z=+6.7)
209/bc_017sg_3_221.jpg,209,13,7,477,106.53846153846152,aspect_ratio(z=+5.4)
209/bc_017sg_3_228.jpg,209,13,7,470,95.50549450549453,aspect_ratio(z=+5.4)
209/bc_017sg_3_239.jpg,209,13,7,472,92.78021978021978,aspect_ratio(z=+5.4)
209/bc_017sg_3_251.jpg,209,13,7,479,101.0,aspect_ratio(z=+5.4)
209/bc_017sg_3_325.jpg,209,13,6,481,88.57692307692308,aspect_ratio(z=+6.9)
209/bc_017sg_3_387.jpg,209,13,7,471,95.63736263736264,aspect_ratio(z=+5.4)
209/bc_017sg_3_47.jpg,209,13,7,473,89.89010989010988,aspect_ratio(z=+5.4)
209/bc_017sg_3_90.jpg,209,13,7,474,95.54945054945055,aspect_ratio(z=+5.4)
209/bc_017sg_3_99.jpg,209,13,6,473,85.2948717948718,aspect_ratio(z=+6.9)
209/bc_017sg_4_18.jpg,209,19,9,580,88.17543859649123,aspect_ratio(z=+6.7)
209/bc_017sg_4_25.jpg,209,16,9,508,62.4375,aspect_ratio(z=+5.0); mean_intensity(z=-3.9)
209/bc_017sg_4_4.jpg,209,19,10,675,107.5421052631579,aspect_ratio(z=+5.6)
209/bc_017sg_4_40.jpg,209,19,10,666,96.8,aspect_ratio(z=+5.6)
209/bc_017sg_5_120.jpg,209,13,7,472,81.68131868131869,aspect_ratio(z=+5.4)
209/bc_017sg_5_131.jpg,209,13,7,473,100.96703296703296,aspect_ratio(z=+5.4)
209/bc_017sg_5_134.jpg,209,13,7,470,84.38461538461539,aspect_ratio(z=+5.4)
209/bc_017sg_5_229.jpg,209,12,6,472,74.69444444444444,aspect_ratio(z=+6.1)
209/bc_017sg_5_233.jpg,209,11,7,473,92.987012987013,aspect_ratio(z=+4.0)
209/bc_017sg_5_304.jpg,209,13,8,474,110.48076923076924,aspect_ratio(z=+4.2)
209/bc_017sg_5_36.jpg,209,13,7,478,92.64835164835164,aspect_ratio(z=+5.4)
209/bc_017sg_5_372.jpg,209,13,7,477,95.41758241758242,aspect_ratio(z=+5.4)
209/bc_017sg_5_382.jpg,209,13,7,473,89.94505494505495,aspect_ratio(z=+5.4)
209/bc_017sg_5_408.jpg,209,11,7,470,86.44155844155844,aspect_ratio(z=+4.0)
209/bc_017sg_5_419.jpg,209,13,6,469,82.0,aspect_ratio(z=+6.9)
209/bc_017sg_5_463.jpg,209,14,7,476,101.66326530612244,aspect_ratio(z=+6.1)
209/bc_017sg_5_48.jpg,209,12,8,474,85.11458333333333,aspect_ratio(z=+3.6)
209/bc_017sg_5_76.jpg,209,12,8,468,90.64583333333331,aspect_ratio(z=+3.6)
209/bc_017sg_5_87.jpg,209,13,7,478,106.7032967032967,aspect_ratio(z=+5.4)
209/bc_017sg_6_15.jpg,209,12,6,469,95.91666666666669,aspect_ratio(z=+6.1)
209/bc_017sg_6_18.jpg,209,11,6,476,89.18181818181819,aspect_ratio(z=+5.3)
209/bc_017sg_6_30.jpg,209,11,6,467,89.3030303030303,aspect_ratio(z=+5.3)
209/bc_017sg_8_142.jpg,209,13,7,474,95.53846153846152,aspect_ratio(z=+5.4)
209/bc_017sg_8_175.jpg,209,13,6,475,75.42307692307692,aspect_ratio(z=+6.9)
209/bc_017sg_8_55.jpg,209,13,7,476,103.89010989010988,aspect_ratio(z=+5.4)
209/bc_017tg_3_127.jpg,209,20,10,673,100.875,aspect_ratio(z=+6.1)
209/bc_017tg_3_135.jpg,209,19,9,560,105.98830409356724,aspect_ratio(z=+6.7)
209/bc_017tg_3_159.jpg,209,19,10,668,104.76842105263158,aspect_ratio(z=+5.6)
209/bc_017tg_3_165.jpg,209,19,9,568,85.28070175438596,aspect_ratio(z=+6.7)
209/bc_017tg_3_217.jpg,209,20,10,677,97.1,aspect_ratio(z=+6.1)
209/bc_017tg_3_229.jpg,209,19,10,663,111.5157894736842,aspect_ratio(z=+5.6)
209/bc_017tg_3_236.jpg,209,20,10,674,113.63,aspect_ratio(z=+6.1)
209/bc_017tg_3_247.jpg,209,20,10,670,107.295,aspect_ratio(z=+6.1)
209/bc_017tg_3_27.jpg,209,20,10,660,98.375,aspect_ratio(z=+6.1)
209/bc_017tg_3_332.jpg,209,20,10,661,103.465,aspect_ratio(z=+6.1)
209/bc_017tg_3_395.jpg,209,19,10,649,95.4421052631579,aspect_ratio(z=+5.6)
209/bc_017tg_3_93.jpg,209,19,10,668,110.12105263157896,aspect_ratio(z=+5.6)
209/bc_017tg_4_17.jpg,209,28,14,865,95.19642857142856,aspect_ratio(z=+6.1)
209/bc_017tg_4_39.jpg,209,28,15,861,103.92380952380952,aspect_ratio(z=+5.4)
209/bc_017tg_4_4.jpg,209,28,14,865,103.54591836734694,aspect_ratio(z=+6.1)
209/bc_017tg_5_119.jpg,209,19,10,653,87.58947368421053,aspect_ratio(z=+5.6)
209/bc_017tg_5_131.jpg,209,20,10,676,100.955,aspect_ratio(z=+6.1)
209/bc_017tg_5_134.jpg,209,20,10,666,97.07,aspect_ratio(z=+6.1)
209/bc_017tg_5_237.jpg,209,18,10,652,99.35555555555555,aspect_ratio(z=+5.1)
209/bc_017tg_5_241.jpg,209,16,10,596,102.24375,aspect_ratio(z=+4.1)
209/bc_017tg_5_317.jpg,209,20,12,734,132.74166666666667,aspect_ratio(z=+4.4)
209/bc_017tg_5_37.jpg,209,20,10,663,93.34,aspect_ratio(z=+6.1)
209/bc_017tg_5_383.jpg,209,20,11,688,119.50909090909092,aspect_ratio(z=+5.2)
209/bc_017tg_5_394.jpg,209,20,10,662,94.545,aspect_ratio(z=+6.1)
209/bc_017tg_5_422.jpg,209,16,10,600,94.26875,aspect_ratio(z=+4.1)
209/bc_017tg_5_433.jpg,209,20,10,662,105.97,aspect_ratio(z=+6.1)
209/bc_017tg_5_477.jpg,209,20,10,671,97.1,aspect_ratio(z=+6.1)
209/bc_017tg_5_80.jpg,209,19,9,567,89.67836257309942,aspect_ratio(z=+6.7)
209/bc_017tg_6_16.jpg,209,17,9,521,98.4248366013072,aspect_ratio(z=+5.6)
209/bc_017tg_6_20.jpg,209,17,8,496,88.33823529411765,aspect_ratio(z=+6.7)
209/bc_017tg_6_33.jpg,209,17,9,527,98.54248366013071,aspect_ratio(z=+5.6)
209/bc_017tg_8_117.jpg,209,18,10,645,96.56111111111112,aspect_ratio(z=+5.1)
209/bc_017tg_8_187.jpg,209,20,10,677,106.06,aspect_ratio(z=+6.1)
209/bc_017tg_8_248.jpg,209,20,10,671,98.34,aspect_ratio(z=+6.1)
209/bc_018sg_3_116.jpg,209,13,6,479,91.7051282051282,aspect_ratio(z=+6.9)
209/bc_018sg_3_145.jpg,209,12,6,474,88.79166666666667,aspect_ratio(z=+6.1)
209/bc_018sg_3_21.jpg,209,13,7,471,103.8021978021978,aspect_ratio(z=+5.4)
209/bc_018sg_3_282.jpg,209,13,7,481,117.72527472527472,aspect_ratio(z=+5.4)
209/bc_018sg_3_322.jpg,209,13,6,480,98.42307692307692,aspect_ratio(z=+6.9)
209/bc_018sg_4_19.jpg,209,14,9,507,79.37301587301587,aspect_ratio(z=+3.9)
209/bc_018sg_4_20.jpg,209,14,8,480,77.77678571428571,aspect_ratio(z=+4.9)
209/bc_018sg_4_53.jpg,209,12,7,476,103.4404761904762,aspect_ratio(z=+4.7)
209/bc_018sg_4_80.jpg,209,12,7,475,106.5,aspect_ratio(z=+4.7)
209/bc_018sg_5_9.jpg,209,13,6,473,82.1025641025641,aspect_ratio(z=+6.9)
209/bc_018tg_3_131.jpg,209,19,10,670,111.52105263157895,aspect_ratio(z=+5.6)
209/bc_018tg_3_15.jpg,209,15,9,510,94.70370370370372,aspect_ratio(z=+4.4)
209/bc_018tg_3_163.jpg,209,18,9,567,100.88888888888889,aspect_ratio(z=+6.1)
209/bc_018tg_3_20.jpg,209,19,10,676,118.20526315789472,aspect_ratio(z=+5.6)
209/bc_018tg_3_336.jpg,209,19,9,574,107.49122807017544,aspect_ratio(z=+6.7)
209/bc_018tg_3_387.jpg,209,19,10,665,119.4578947368421,aspect_ratio(z=+5.6)
209/bc_018tg_4_26.jpg,209,22,13,743,89.46153846153847,aspect_ratio(z=+4.6)
209/bc_018tg_4_27.jpg,209,22,13,736,94.6048951048951,aspect_ratio(z=+4.6)
209/bc_018tg_4_68.jpg,209,19,10,678,114.12105263157896,aspect_ratio(z=+5.6)
209/bc_018tg_4_91.jpg,209,19,10,657,115.5157894736842,aspect_ratio(z=+5.6)
209/bc_018tg_5_36.jpg,209,19,10,657,104.88421052631578,aspect_ratio(z=+5.6)
209/bc_019sg_3_15.jpg,209,13,6,478,101.64102564102564,aspect_ratio(z=+6.9)
209/bc_019sg_3_29.jpg,209,13,6,479,95.0897435897436,aspect_ratio(z=+6.9)
209/bc_019sg_3_32.jpg,209,13,6,481,101.6025641025641,aspect_ratio(z=+6.9)
209/bc_019sg_3_5.jpg,209,13,7,471,112.2087912087912,aspect_ratio(z=+5.4)
209/bc_019sg_3_50.jpg,209,12,7,471,106.21428571428572,aspect_ratio(z=+4.7)
209/bc_019sg_3_8.jpg,209,13,7,474,112.21978021978022,aspect_ratio(z=+5.4)
209/bc_019sg_3_96.jpg,209,13,7,482,131.74725274725276,aspect_ratio(z=+5.4)
209/bc_019sg_5_23.jpg,209,13,7,477,103.73626373626374,aspect_ratio(z=+5.4)
209/bc_019sg_5_8.jpg,209,12,6,470,95.81944444444444,aspect_ratio(z=+6.1)
209/bc_019sg_5_95.jpg,209,13,7,475,106.56043956043956,aspect_ratio(z=+5.4)
209/bc_019sg_6_156.jpg,209,13,6,479,95.1923076923077,aspect_ratio(z=+6.9)
209/bc_019sg_6_163.jpg,209,13,7,475,109.25274725274726,aspect_ratio(z=+5.4)
209/bc_019sg_6_167.jpg,209,13,6,480,91.73076923076924,aspect_ratio(z=+6.9)
209/bc_019sg_6_174.jpg,209,13,7,476,123.3076923076923,aspect_ratio(z=+5.4)
209/bc_019sg_6_18.jpg,209,17,8,495,95.83823529411764,aspect_ratio(z=+6.7)
209/bc_019sg_6_394.jpg,209,13,6,483,95.3076923076923,aspect_ratio(z=+6.9)
209/bc_019sg_6_415.jpg,209,13,6,482,104.8076923076923,aspect_ratio(z=+6.9)
209/bc_019sg_6_418.jpg,209,13,7,473,103.9010989010989,aspect_ratio(z=+5.4)
209/bc_019sg_6_439.jpg,209,11,7,473,115.94805194805195,aspect_ratio(z=+4.0)
209/bc_019sg_6_56.jpg,209,11,6,469,104.28787878787878,aspect_ratio(z=+5.3)
209/bc_019sg_6_81.jpg,209,13,6,479,91.92307692307692,aspect_ratio(z=+6.9)
209/bc_019sg_7_102.jpg,209,13,7,473,117.74725274725274,aspect_ratio(z=+5.4)
209/bc_019sg_7_106.jpg,209,13,6,474,104.87179487179488,aspect_ratio(z=+6.9)
209/bc_019sg_7_124.jpg,209,12,8,481,119.65625,aspect_ratio(z=+3.6)
209/bc_019sg_7_129.jpg,209,13,6,477,101.62820512820512,aspect_ratio(z=+6.9)
209/bc_019sg_7_235.jpg,209,12,7,472,106.4404761904762,aspect_ratio(z=+4.7)
209/bc_019sg_7_269.jpg,209,13,6,478,98.37179487179488,aspect_ratio(z=+6.9)
209/bc_019sg_7_304.jpg,209,13,6,481,91.8974358974359,aspect_ratio(z=+6.9)
209/bc_019sg_7_377.jpg,209,13,7,477,112.15384615384616,aspect_ratio(z=+5.4)
209/bc_019sg_7_54.jpg,209,12,6,473,88.77777777777777,aspect_ratio(z=+6.1)
209/bc_019sg_8_142.jpg,209,13,7,480,115.08791208791207,aspect_ratio(z=+5.4)
209/bc_019sg_8_31.jpg,209,12,8,481,116.95833333333331,aspect_ratio(z=+3.6)
209/bc_019sg_8_73.jpg,209,13,7,483,126.17582417582418,aspect_ratio(z=+5.4)
209/bc_019sg_8_92.jpg,209,13,6,480,104.8076923076923,aspect_ratio(z=+6.9)
209/bc_019tg_3_15.jpg,209,20,9,582,109.21666666666668,aspect_ratio(z=+7.2)
209/bc_019tg_3_29.jpg,209,19,10,675,118.2421052631579,aspect_ratio(z=+5.6)
209/bc_019tg_3_32.jpg,209,19,10,657,118.22105263157894,aspect_ratio(z=+5.6)
209/bc_019tg_3_5.jpg,209,19,9,554,109.04093567251462,aspect_ratio(z=+6.7)
209/bc_019tg_3_51.jpg,209,18,9,533,105.6604938271605,aspect_ratio(z=+6.1)
209/bc_019tg_3_68.jpg,209,18,9,572,121.17283950617283,aspect_ratio(z=+6.1)
209/bc_019tg_3_8.jpg,209,19,9,577,108.99415204678364,aspect_ratio(z=+6.7)
209/bc_019tg_3_99.jpg,209,19,10,685,126.16842105263156,aspect_ratio(z=+5.6)
209/bc_019tg_5_106.jpg,209,19,10,663,108.80526315789474,aspect_ratio(z=+5.6)
209/bc_019tg_5_11.jpg,209,16,9,517,86.99305555555556,aspect_ratio(z=+5.0)
209/bc_019tg_5_17.jpg,209,16,9,494,92.31944444444444,aspect_ratio(z=+5.0)
209/bc_019tg_5_6.jpg,209,19,10,661,110.15263157894736,aspect_ratio(z=+5.6)
209/bc_019tg_5_66.jpg,209,18,10,668,119.17222222222222,aspect_ratio(z=+5.1)
209/bc_019tg_6_165.jpg,209,19,9,576,101.6140350877193,aspect_ratio(z=+6.7)
209/bc_019tg_6_172.jpg,209,19,10,680,122.26842105263158,aspect_ratio(z=+5.6)
209/bc_019tg_6_176.jpg,209,19,9,562,101.63157894736842,aspect_ratio(z=+6.7)
209/bc_019tg_6_183.jpg,209,19,9,585,107.54970760233918,aspect_ratio(z=+6.7)
209/bc_019tg_6_19.jpg,209,25,13,771,116.16307692307691,aspect_ratio(z=+5.7)
209/bc_019tg_6_204.jpg,209,16,9,519,95.77083333333331,aspect_ratio(z=+5.0)
209/bc_019tg_6_289.jpg,209,15,9,511,85.22962962962963,aspect_ratio(z=+4.4)
209/bc_019tg_6_61.jpg,209,17,9,531,108.45098039215686,aspect_ratio(z=+5.6)
209/bc_019tg_6_87.jpg,209,19,9,571,101.6608187134503,aspect_ratio(z=+6.7)
209/bc_019tg_7_108.jpg,209,19,9,570,113.4327485380117,aspect_ratio(z=+6.7)
209/bc_019tg_7_112.jpg,209,18,9,562,110.32716049382717,aspect_ratio(z=+6.1)
209/bc_019tg_7_136.jpg,209,19,9,556,109.0233918128655,aspect_ratio(z=+6.7)
209/bc_019tg_7_141.jpg,209,15,8,469,87.25,aspect_ratio(z=+5.5)
209/bc_019tg_7_253.jpg,209,17,10,613,109.60588235294118,aspect_ratio(z=+4.6)
209/bc_019tg_7_292.jpg,209,19,10,668,119.49473684210528,aspect_ratio(z=+5.6)
209/bc_019tg_7_329.jpg,209,20,10,671,117.375,aspect_ratio(z=+6.1)
209/bc_019tg_7_404.jpg,209,20,10,676,121.21,aspect_ratio(z=+6.1)
209/bc_019tg_8_110.jpg,209,16,8,472,93.890625,aspect_ratio(z=+6.1)
209/bc_019tg_8_112.jpg,209,19,9,563,111.93567251461988,aspect_ratio(z=+6.7)
209/bc_019tg_8_125.jpg,209,15,9,497,100.33333333333331,aspect_ratio(z=+4.4)
209/bc_019tg_8_165.jpg,209,19,10,669,120.84736842105264,aspect_ratio(z=+5.6)
209/bc_019tg_8_92.jpg,209,19,9,565,111.96491228070175,aspect_ratio(z=+6.7)
209/bc_020sg_2_41.jpg,209,11,5,469,111.23636363636363,aspect_ratio(z=+7.1)
209/bc_020sg_3_102.jpg,209,11,6,476,119.78787878787878,aspect_ratio(z=+5.3)
209/bc_020sg_3_118.jpg,209,13,6,478,124.3846153846154,aspect_ratio(z=+6.9)
209/bc_020sg_3_130.jpg,209,12,7,476,121.47619047619048,aspect_ratio(z=+4.7)
209/bc_020sg_3_167.jpg,209,12,6,477,99.34722222222224,aspect_ratio(z=+6.1)
209/bc_020sg_3_205.jpg,209,12,6,483,102.875,aspect_ratio(z=+6.1)
209/bc_020sg_3_229.jpg,209,13,6,476,111.1923076923077,aspect_ratio(z=+6.9)
209/bc_020sg_3_256.jpg,209,12,8,481,122.375,aspect_ratio(z=+3.6)
209/bc_020sg_3_277.jpg,209,12,7,474,109.38095238095238,aspect_ratio(z=+4.7)
209/bc_020sg_3_332.jpg,209,12,6,467,106.40277777777776,aspect_ratio(z=+6.1)
209/bc_020sg_3_345.jpg,209,12,6,477,109.94444444444444,aspect_ratio(z=+6.1)
209/bc_020sg_3_390.jpg,209,12,7,479,130.57142857142858,aspect_ratio(z=+4.7)
209/bc_020sg_3_406.jpg,209,12,7,471,112.42857142857144,aspect_ratio(z=+4.7)
209/bc_020sg_3_433.jpg,209,12,7,475,109.47619047619048,aspect_ratio(z=+4.7)
209/bc_020sg_3_483.jpg,209,13,7,474,123.34065934065934,aspect_ratio(z=+5.4)
209/bc_020sg_3_70.jpg,209,11,6,479,112.1818181818182,aspect_ratio(z=+5.3)
209/bc_020sg_4_111.jpg,209,13,6,477,120.98717948717947,aspect_ratio(z=+6.9)
209/bc_020sg_4_121.jpg,209,12,6,475,99.34722222222224,aspect_ratio(z=+6.1)
209/bc_020sg_4_20.jpg,209,16,7,473,86.83035714285714,aspect_ratio(z=+7.5)
209/bc_020sg_4_203.jpg,209,12,6,478,99.27777777777776,aspect_ratio(z=+6.1)
209/bc_020sg_4_209.jpg,209,12,6,478,102.81944444444444,aspect_ratio(z=+6.1)
209/bc_020sg_4_216.jpg,209,12,7,475,121.45238095238096,aspect_ratio(z=+4.7)
209/bc_020sg_4_247.jpg,209,13,6,479,101.64102564102564,aspect_ratio(z=+6.9)
209/bc_020sg_4_29.jpg,209,13,8,475,83.74038461538461,aspect_ratio(z=+4.2)
209/bc_020sg_4_309.jpg,209,13,7,475,120.57142857142856,aspect_ratio(z=+5.4)
209/bc_020sg_4_392.jpg,209,13,6,482,104.98717948717947,aspect_ratio(z=+6.9)
209/bc_020sg_4_41.jpg,209,17,9,546,126.66666666666669,aspect_ratio(z=+5.6)
209/bc_020sg_4_425.jpg,209,13,6,481,88.64102564102564,aspect_ratio(z=+6.9)
209/bc_020sg_4_435.jpg,209,12,7,475,121.42857142857144,aspect_ratio(z=+4.7)
209/bc_020sg_4_48.jpg,209,14,9,506,107.5,aspect_ratio(z=+3.9)
209/bc_020sg_4_91.jpg,209,10,6,471,97.93333333333334,aspect_ratio(z=+4.4)
209/bc_020sg_7_51.jpg,209,13,6,481,88.58974358974359,aspect_ratio(z=+6.9)
209/bc_020sg_7_7.jpg,209,13,6,479,101.57692307692308,aspect_ratio(z=+6.9)
209/bc_020tg_3_10.jpg,209,15,8,470,106.46666666666668,aspect_ratio(z=+5.5)
209/bc_020tg_3_137.jpg,209,18,10,650,127.49444444444444,aspect_ratio(z=+5.1)
209/bc_020tg_3_152.jpg,209,19,10,665,131.6157894736842,aspect_ratio(z=+5.6)
209/bc_020tg_3_155.jpg,209,19,10,658,130.22105263157894,aspect_ratio(z=+5.6)
209/bc_020tg_3_180.jpg,209,16,9,516,106.43055555555556,aspect_ratio(z=+5.0)
209/bc_020tg_3_191.jpg,209,18,9,563,130.5493827160494,aspect_ratio(z=+6.1)
209/bc_020tg_3_240.jpg,209,19,9,566,119.47368421052632,aspect_ratio(z=+6.7)
209/bc_020tg_3_258.jpg,209,16,8,479,101.953125,aspect_ratio(z=+6.1)
209/bc_020tg_3_269.jpg,209,19,9,579,122.30994152046785,aspect_ratio(z=+6.7)
209/bc_020tg_3_323.jpg,209,19,9,581,119.37426900584796,aspect_ratio(z=+6.7)
209/bc_020tg_3_344.jpg,209,15,9,488,109.78518518518518,aspect_ratio(z=+4.4)
209/bc_020tg_3_377.jpg,209,15,9,517,104.02962962962962,aspect_ratio(z=+4.4)
209/bc_020tg_3_388.jpg,209,19,9,577,116.3859649122807,aspect_ratio(z=+6.7)
209/bc_020tg_3_402.jpg,209,18,10,660,128.98888888888888,aspect_ratio(z=+5.1)
209/bc_020tg_3_455.jpg,209,19,10,673,138.16842105263157,aspect_ratio(z=+5.6)
209/bc_020tg_3_470.jpg,209,19,9,574,116.38011695906432,aspect_ratio(z=+6.7)
209/bc_020tg_3_85.jpg,209,15,10,594,132.58,aspect_ratio(z=+3.6)
209/bc_020tg_4_119.jpg,209,15,9,525,124.66666666666669,aspect_ratio(z=+4.4)
209/bc_020tg_4_145.jpg,209,19,9,583,135.6081871345029,aspect_ratio(z=+6.7)
209/bc_020tg_4_253.jpg,209,19,9,576,113.42690058479532,aspect_ratio(z=+6.7)
209/bc_020tg_4_259.jpg,209,19,10,671,136.89473684210526,aspect_ratio(z=+5.6)
209/bc_020tg_4_267.jpg,209,19,10,666,126.2,aspect_ratio(z=+5.6)
209/bc_020tg_4_273.jpg,209,16,8,470,105.6796875,aspect_ratio(z=+6.1)
209/bc_020tg_4_280.jpg,209,20,9,577,127.6,aspect_ratio(z=+7.2)
209/bc_020tg_4_300.jpg,209,19,10,672,123.5157894736842,aspect_ratio(z=+5.6)
209/bc_020tg_4_305.jpg,209,15,9,498,104.13333333333334,aspect_ratio(z=+4.4)
209/bc_020tg_4_306.jpg,209,15,9,512,102.23703703703704,aspect_ratio(z=+4.4)
209/bc_020tg_4_373.jpg,209,19,9,586,111.9766081871345,aspect_ratio(z=+6.7)
209/bc_020tg_4_397.jpg,209,15,8,469,76.9,aspect_ratio(z=+5.5)
209/bc_020tg_4_41.jpg,209,25,11,767,109.56,aspect_ratio(z=+7.5)
209/bc_020tg_4_467.jpg,209,19,10,680,128.95263157894738,aspect_ratio(z=+5.6)
209/bc_020tg_4_48.jpg,209,20,12,737,82.05416666666666,aspect_ratio(z=+4.4)
209/bc_020tg_4_64.jpg,209,25,12,773,125.81666666666666,aspect_ratio(z=+6.5)
209/bc_020tg_4_74.jpg,209,21,12,751,110.43253968253968,aspect_ratio(z=+4.9)
209/bc_020tg_4_75.jpg,209,21,13,751,110.43223443223444,aspect_ratio(z=+4.2)
209/bc_020tg_4_96.jpg,209,15,8,472,87.34166666666667,aspect_ratio(z=+5.5)
209/bc_020tg_7_14.jpg,209,19,10,669,119.56315789473685,aspect_ratio(z=+5.6)
209/bc_020tg_7_74.jpg,209,19,9,576,100.10526315789474,aspect_ratio(z=+6.7)
209/bc_020tg_7_93.jpg,209,16,9,503,104.58333333333331,aspect_ratio(z=+5.0)
209/be_001sg_2_118.jpg,209,13,8,479,115.35576923076924,aspect_ratio(z=+4.2)
209/be_001sg_2_12.jpg,209,17,9,536,128.27450980392155,aspect_ratio(z=+5.6)
209/be_001sg_2_140.jpg,209,14,8,482,122.99107142857144,aspect_ratio(z=+4.9)
209/be_001sg_2_161.jpg,209,14,8,480,118.45535714285714,aspect_ratio(z=+4.9)
209/be_001sg_2_162.jpg,209,14,8,480,125.16071428571428,aspect_ratio(z=+4.9)
209/be_001sg_2_189.jpg,209,14,8,480,125.19642857142856,aspect_ratio(z=+4.9)
209/be_001sg_2_204.jpg,209,14,8,476,118.58035714285714,aspect_ratio(z=+4.9)
209/be_001sg_2_226.jpg,209,14,8,484,136.53571428571428,aspect_ratio(z=+4.9)
209/be_001sg_2_230.jpg,209,14,8,477,129.6875,aspect_ratio(z=+4.9)
209/be_001sg_2_233.jpg,209,14,8,477,120.85714285714286,aspect_ratio(z=+4.9)
209/be_001sg_2_245.jpg,209,14,8,480,113.94642857142856,aspect_ratio(z=+4.9)
209/be_001sg_2_341.jpg,209,14,8,479,120.67857142857144,aspect_ratio(z=+4.9)
209/be_001sg_2_36.jpg,209,14,8,486,125.16964285714286,aspect_ratio(z=+4.9)
209/be_001sg_2_368.jpg,209,14,8,478,123.04464285714286,aspect_ratio(z=+4.9)
209/be_001sg_2_376.jpg,209,14,8,480,125.27678571428572,aspect_ratio(z=+4.9)
209/be_001sg_2_377.jpg,209,14,8,476,132.07142857142858,aspect_ratio(z=+4.9)
209/be_001sg_2_387.jpg,209,14,8,476,129.66964285714286,aspect_ratio(z=+4.9)
209/be_001sg_2_405.jpg,209,14,8,480,123.09821428571428,aspect_ratio(z=+4.9)
209/be_001sg_2_411.jpg,209,14,8,482,125.26785714285714,aspect_ratio(z=+4.9)
209/be_001sg_2_420.jpg,209,14,8,476,123.05357142857144,aspect_ratio(z=+4.9)
209/be_001sg_2_437.jpg,209,14,8,475,118.47321428571428,aspect_ratio(z=+4.9)
209/be_001sg_4_1.jpg,209,14,8,481,114.03571428571428,aspect_ratio(z=+4.9)
209/be_001sg_4_26.jpg,209,14,8,480,125.1875,aspect_ratio(z=+4.9)
209/be_001sg_4_43.jpg,209,14,8,480,120.76785714285714,aspect_ratio(z=+4.9)
209/be_001sg_5_190.jpg,209,14,8,475,120.63392857142856,aspect_ratio(z=+4.9)
209/be_001sg_5_212.jpg,209,14,8,478,122.90178571428572,aspect_ratio(z=+4.9)
209/be_001sg_5_224.jpg,209,14,7,479,111.9795918367347,aspect_ratio(z=+6.1)
209/be_001sg_5_225.jpg,209,14,8,480,129.75,aspect_ratio(z=+4.9)
209/be_001sg_5_52.jpg,209,14,8,473,118.5625,aspect_ratio(z=+4.9)
209/be_001sg_5_85.jpg,209,14,8,474,120.74107142857144,aspect_ratio(z=+4.9)
209/be_001tg_2_118.jpg,209,20,11,690,124.09545454545454,aspect_ratio(z=+5.2)
209/be_001tg_2_12.jpg,209,25,14,782,146.38571428571427,aspect_ratio(z=+5.0)
209/be_001tg_2_140.jpg,209,20,12,734,132.75833333333333,aspect_ratio(z=+4.4)
209/be_001tg_2_161.jpg,209,21,11,734,126.987012987013,aspect_ratio(z=+5.7)
209/be_001tg_2_162.jpg,209,21,12,748,132.52380952380952,aspect_ratio(z=+4.9)
209/be_001tg_2_189.jpg,209,20,11,687,125.15454545454546,aspect_ratio(z=+5.2)
209/be_001tg_2_204.jpg,209,21,11,741,131.33766233766235,aspect_ratio(z=+5.7)
209/be_001tg_2_226.jpg,209,21,12,752,133.47222222222223,aspect_ratio(z=+4.9)
209/be_001tg_2_230.jpg,209,21,11,741,126.9047619047619,aspect_ratio(z=+5.7)
209/be_001tg_2_233.jpg,209,20,11,679,127.50909090909092,aspect_ratio(z=+5.2)
209/be_001tg_2_243.jpg,209,20,11,683,125.20454545454544,aspect_ratio(z=+5.2)
209/be_001tg_2_339.jpg,209,21,11,730,124.75324675324676,aspect_ratio(z=+5.7)
209/be_001tg_2_36.jpg,209,21,12,746,134.49603174603175,aspect_ratio(z=+4.9)
209/be_001tg_2_365.jpg,209,20,12,738,138.05416666666667,aspect_ratio(z=+4.4)
209/be_001tg_2_366.jpg,209,20,12,750,133.79583333333332,aspect_ratio(z=+4.4)
209/be_001tg_2_374.jpg,209,21,12,744,140.5515873015873,aspect_ratio(z=+4.9)
209/be_001tg_2_375.jpg,209,20,12,742,129.59166666666667,aspect_ratio(z=+4.4)
209/be_001tg_2_385.jpg,209,21,11,731,130.2207792207792,aspect_ratio(z=+5.7)
209/be_001tg_2_403.jpg,209,21,12,747,137.54365079365078,aspect_ratio(z=+4.9)
209/be_001tg_2_409.jpg,209,21,11,736,128.03463203463204,aspect_ratio(z=+5.7)
209/be_001tg_2_418.jpg,209,20,11,692,128.73636363636365,aspect_ratio(z=+5.2)
209/be_001tg_2_435.jpg,209,21,11,741,125.84415584415584,aspect_ratio(z=+5.7)
209/be_001tg_2_441.jpg,209,21,12,745,133.515873015873,aspect_ratio(z=+4.9)
209/be_001tg_2_78.jpg,209,21,11,742,126.88311688311688,aspect_ratio(z=+5.7)
209/be_001tg_4_1.jpg,209,21,12,745,127.4563492063492,aspect_ratio(z=+4.9)
209/be_001tg_4_26.jpg,209,20,12,739,127.3875,aspect_ratio(z=+4.4)
209/be_001tg_4_44.jpg,209,21,12,742,131.46031746031747,aspect_ratio(z=+4.9)
209/be_001tg_5_159.jpg,209,21,12,747,134.57142857142858,aspect_ratio(z=+4.9)
209/be_001tg_5_194.jpg,209,21,12,745,132.46031746031747,aspect_ratio(z=+4.9)
209/be_001tg_5_218.jpg,209,21,11,724,128.03896103896105,aspect_ratio(z=+5.7)
209/be_001tg_5_230.jpg,209,21,12,744,133.45238095238096,aspect_ratio(z=+4.9)
209/be_001tg_5_231.jpg,209,20,11,727,121.6818181818182,aspect_ratio(z=+5.2)
209/be_001tg_5_52.jpg,209,21,12,745,129.40873015873015,aspect_ratio(z=+4.9)
209/be_001tg_5_53.jpg,209,21,11,730,126.991341991342,aspect_ratio(z=+5.7)
209/be_001tg_5_85.jpg,209,21,12,748,130.56349206349208,aspect_ratio(z=+4.9)
209/be_001tg_5_90.jpg,209,21,12,748,135.57142857142858,aspect_ratio(z=+4.9)
209/be_002sg_10_1.jpg,209,12,7,480,106.5,aspect_ratio(z=+4.7)
209/be_002sg_10_144.jpg,209,13,7,477,109.35164835164836,aspect_ratio(z=+5.4)
209/be_002sg_10_2.jpg,209,12,7,477,112.54761904761904,aspect_ratio(z=+4.7)
209/be_002sg_10_81.jpg,209,13,7,478,114.78021978021978,aspect_ratio(z=+5.4)
209/be_002sg_10_91.jpg,209,12,7,479,112.28571428571428,aspect_ratio(z=+4.7)
209/be_002sg_10_92.jpg,209,12,7,475,115.48809523809524,aspect_ratio(z=+4.7)
209/be_002sg_10_95.jpg,209,12,7,485,106.4047619047619,aspect_ratio(z=+4.7)
209/be_002sg_6_122.jpg,209,12,7,480,115.51190476190476,aspect_ratio(z=+4.7)
209/be_002sg_6_123.jpg,209,12,7,479,118.35714285714286,aspect_ratio(z=+4.7)
209/be_002sg_6_182.jpg,209,13,7,477,112.12087912087912,aspect_ratio(z=+5.4)
209/be_002sg_6_183.jpg,209,13,7,485,123.2087912087912,aspect_ratio(z=+5.4)
209/be_002sg_6_194.jpg,209,13,7,486,112.17582417582418,aspect_ratio(z=+5.4)
209/be_002sg_6_268.jpg,209,13,7,478,112.15384615384616,aspect_ratio(z=+5.4)
209/be_002sg_6_34.jpg,209,13,7,480,114.81318681318682,aspect_ratio(z=+5.4)
209/be_002sg_6_35.jpg,209,13,7,477,117.58241758241758,aspect_ratio(z=+5.4)
209/be_002sg_6_42.jpg,209,12,7,483,118.41666666666669,aspect_ratio(z=+4.7)
209/be_002sg_6_63.jpg,209,12,7,479,100.4404761904762,aspect_ratio(z=+4.7)
209/be_002sg_6_88.jpg,209,12,7,478,124.39285714285714,aspect_ratio(z=+4.7)
209/be_002sg_7_148.jpg,209,12,7,482,109.33333333333331,aspect_ratio(z=+4.7)
209/be_002sg_7_149.jpg,209,12,7,478,118.38095238095238,aspect_ratio(z=+4.7)
209/be_002sg_7_152.jpg,209,12,7,480,115.51190476190476,aspect_ratio(z=+4.7)
209/be_002sg_7_153.jpg,209,12,7,471,118.48809523809524,aspect_ratio(z=+4.7)
209/be_002sg_7_155.jpg,209,13,8,483,134.85576923076923,aspect_ratio(z=+4.2)
209/be_002sg_7_159.jpg,209,13,7,475,120.46153846153848,aspect_ratio(z=+5.4)
209/be_002sg_7_160.jpg,209,13,7,483,123.31868131868131,aspect_ratio(z=+5.4)
209/be_002sg_7_185.jpg,209,13,7,480,117.6923076923077,aspect_ratio(z=+5.4)
209/be_002sg_7_186.jpg,209,13,7,479,126.0,aspect_ratio(z=+5.4)
209/be_002sg_7_293.jpg,209,13,7,480,114.84615384615384,aspect_ratio(z=+5.4)
209/be_002sg_7_309.jpg,209,12,7,479,112.5595238095238,aspect_ratio(z=+4.7)
209/be_002sg_7_341.jpg,209,2,2,390,64.0,mean_intensity(z=-3.8)
209/be_002sg_7_343.jpg,209,12,8,477,122.26041666666669,aspect_ratio(z=+3.6)
209/be_002sg_7_51.jpg,209,13,7,486,120.37362637362638,aspect_ratio(z=+5.4)
209/be_002sg_7_8.jpg,209,12,7,482,115.4404761904762,aspect_ratio(z=+4.7)
209/be_002sg_9_102.jpg,209,12,7,476,115.33333333333331,aspect_ratio(z=+4.7)
209/be_002sg_9_11.jpg,209,13,7,478,120.42857142857144,aspect_ratio(z=+5.4)
209/be_002sg_9_12.jpg,209,13,7,480,117.82417582417582,aspect_ratio(z=+5.4)
209/be_002sg_9_135.jpg,209,12,7,485,121.46428571428572,aspect_ratio(z=+4.7)
209/be_002sg_9_136.jpg,209,12,7,483,118.53571428571428,aspect_ratio(z=+4.7)
209/be_002sg_9_165.jpg,209,12,7,476,127.57142857142856,aspect_ratio(z=+4.7)
209/be_002sg_9_184.jpg,209,13,7,481,106.6923076923077,aspect_ratio(z=+5.4)
209/be_002sg_9_22.jpg,209,13,8,483,129.90384615384616,aspect_ratio(z=+4.2)
209/be_002sg_9_233.jpg,209,12,7,475,103.5,aspect_ratio(z=+4.7)
209/be_002sg_9_237.jpg,209,12,7,478,115.45238095238096,aspect_ratio(z=+4.7)
209/be_002sg_9_238.jpg,209,12,7,477,115.4047619047619,aspect_ratio(z=+4.7)
209/be_002sg_9_247.jpg,209,13,7,480,117.67032967032966,aspect_ratio(z=+5.4)
209/be_002sg_9_264.jpg,209,13,7,478,120.58241758241758,aspect_ratio(z=+5.4)
209/be_002sg_9_28.jpg,209,12,7,475,115.4404761904762,aspect_ratio(z=+4.7)
209/be_002sg_9_284.jpg,209,12,7,476,112.35714285714286,aspect_ratio(z=+4.7)
209/be_002sg_9_285.jpg,209,12,7,483,115.5,aspect_ratio(z=+4.7)
209/be_002sg_9_302.jpg,209,12,7,483,118.53571428571428,aspect_ratio(z=+4.7)
209/be_002sg_9_312.jpg,209,13,7,475,117.62637362637362,aspect_ratio(z=+5.4)
209/be_002sg_9_313.jpg,209,13,7,487,126.10989010989012,aspect_ratio(z=+5.4)
209/be_002sg_9_354.jpg,209,12,8,477,124.88541666666669,aspect_ratio(z=+3.6)
209/be_002sg_9_355.jpg,209,12,7,477,109.5,aspect_ratio(z=+4.7)
209/be_002sg_9_360.jpg,209,11,7,477,112.67532467532467,aspect_ratio(z=+4.0)
209/be_002sg_9_375.jpg,209,13,7,481,115.05494505494504,aspect_ratio(z=+5.4)
209/be_002sg_9_406.jpg,209,12,7,480,118.5595238095238,aspect_ratio(z=+4.7)
209/be_002sg_9_411.jpg,209,12,7,475,97.48809523809524,aspect_ratio(z=+4.7)
209/be_002sg_9_414.jpg,209,13,7,477,114.94505494505496,aspect_ratio(z=+5.4)
209/be_002sg_9_422.jpg,209,12,7,476,109.41666666666669,aspect_ratio(z=+4.7)
209/be_002sg_9_442.jpg,209,12,8,487,140.67708333333334,aspect_ratio(z=+3.6)
209/be_002sg_9_48.jpg,209,13,7,481,117.63736263736264,aspect_ratio(z=+5.4)
209/be_002sg_9_486.jpg,209,11,7,475,116.0,aspect_ratio(z=+4.0)
209/be_002sg_9_487.jpg,209,11,7,483,112.5974025974026,aspect_ratio(z=+4.0)
209/be_002sg_9_99.jpg,209,13,7,486,112.15384615384616,aspect_ratio(z=+5.4)
209/be_002tg_10_1.jpg,209,18,10,680,119.13333333333334,aspect_ratio(z=+5.1)
209/be_002tg_10_145.jpg,209,18,11,685,128.78787878787878,aspect_ratio(z=+4.3)
209/be_002tg_10_2.jpg,209,18,11,677,127.44444444444444,aspect_ratio(z=+4.3)
209/be_002tg_10_84.jpg,209,18,11,689,128.72222222222223,aspect_ratio(z=+4.3)
209/be_002tg_10_92.jpg,209,18,10,666,111.98333333333332,aspect_ratio(z=+5.1)
209/be_002tg_10_95.jpg,209,18,11,694,127.489898989899,aspect_ratio(z=+4.3)
209/be_002tg_10_96.jpg,209,19,10,669,126.13157894736842,aspect_ratio(z=+5.6)
209/be_002tg_6_102.jpg,209,18,10,670,119.07222222222222,aspect_ratio(z=+5.1)
209/be_002tg_6_103.jpg,209,18,11,684,132.66161616161617,aspect_ratio(z=+4.3)
209/be_002tg_6_144.jpg,209,19,10,676,122.15263157894736,aspect_ratio(z=+5.6)
209/be_002tg_6_145.jpg,209,19,10,680,127.44736842105264,aspect_ratio(z=+5.6)
209/be_002tg_6_156.jpg,209,18,11,677,131.2979797979798,aspect_ratio(z=+4.3)
209/be_002tg_6_228.jpg,209,18,10,669,120.47222222222224,aspect_ratio(z=+5.1)
209/be_002tg_6_35.jpg,209,18,10,670,119.0,aspect_ratio(z=+5.1)
209/be_002tg_6_43.jpg,209,16,10,602,116.41875,aspect_ratio(z=+4.1)
209/be_002tg_6_60.jpg,209,18,10,674,119.06111111111112,aspect_ratio(z=+5.1)
209/be_002tg_6_61.jpg,209,18,10,670,120.54444444444444,aspect_ratio(z=+5.1)
209/be_002tg_7_149.jpg,209,19,11,692,132.99521531100478,aspect_ratio(z=+4.7)
209/be_002tg_7_150.jpg,209,19,10,679,127.6,aspect_ratio(z=+5.6)
209/be_002tg_7_153.jpg,209,18,10,666,121.97777777777776,aspect_ratio(z=+5.1)
209/be_002tg_7_154.jpg,209,18,11,676,127.52020202020202,aspect_ratio(z=+4.3)
209/be_002tg_7_156.jpg,209,19,11,690,137.78947368421052,aspect_ratio(z=+4.7)
209/be_002tg_7_160.jpg,209,19,11,686,134.11004784688996,aspect_ratio(z=+4.7)
209/be_002tg_7_161.jpg,209,18,11,675,126.18686868686868,aspect_ratio(z=+4.3)
209/be_002tg_7_186.jpg,209,18,10,675,120.50555555555556,aspect_ratio(z=+5.1)
209/be_002tg_7_187.jpg,209,18,10,661,124.78333333333332,aspect_ratio(z=+5.1)
209/be_002tg_7_296.jpg,209,19,11,693,132.8755980861244,aspect_ratio(z=+4.7)
209/be_002tg_7_346.jpg,209,18,10,678,120.41111111111113,aspect_ratio(z=+5.1)
209/be_002tg_7_51.jpg,209,18,10,670,119.12777777777778,aspect_ratio(z=+5.1)
209/be_002tg_7_7.jpg,209,19,10,665,127.38947368421051,aspect_ratio(z=+5.6)
209/be_002tg_9_100.jpg,209,19,11,689,137.8421052631579,aspect_ratio(z=+4.7)
209/be_002tg_9_103.jpg,209,18,10,674,113.40555555555557,aspect_ratio(z=+5.1)
209/be_002tg_9_12.jpg,209,19,11,690,130.5311004784689,aspect_ratio(z=+4.7)
209/be_002tg_9_13.jpg,209,19,11,697,134.12918660287082,aspect_ratio(z=+4.7)
209/be_002tg_9_136.jpg,209,19,11,693,136.61722488038276,aspect_ratio(z=+4.7)
209/be_002tg_9_137.jpg,209,18,10,666,119.02222222222224,aspect_ratio(z=+5.1)
209/be_002tg_9_185.jpg,209,18,11,681,124.8989898989899,aspect_ratio(z=+4.3)
209/be_002tg_9_234.jpg,209,19,10,682,127.47368421052632,aspect_ratio(z=+5.6)
209/be_002tg_9_238.jpg,209,18,10,662,126.14444444444445,aspect_ratio(z=+5.1)
209/be_002tg_9_239.jpg,209,18,10,672,124.64444444444445,aspect_ratio(z=+5.1)
209/be_002tg_9_248.jpg,209,18,11,679,132.67676767676767,aspect_ratio(z=+4.3)
209/be_002tg_9_266.jpg,209,18,11,677,127.47474747474747,aspect_ratio(z=+4.3)
209/be_002tg_9_267.jpg,209,18,11,686,128.74747474747474,aspect_ratio(z=+4.3)
209/be_002tg_9_287.jpg,209,18,11,682,124.87878787878788,aspect_ratio(z=+4.3)
209/be_002tg_9_288.jpg,209,18,11,692,128.76767676767676,aspect_ratio(z=+4.3)
209/be_002tg_9_29.jpg,209,16,10,597,122.725,aspect_ratio(z=+4.1)
209/be_002tg_9_315.jpg,209,18,10,657,116.17777777777778,aspect_ratio(z=+5.1)
209/be_002tg_9_316.jpg,209,18,10,669,121.80555555555556,aspect_ratio(z=+5.1)
209/be_002tg_9_335.jpg,209,19,10,680,127.48947368421052,aspect_ratio(z=+5.6)
209/be_002tg_9_339.jpg,209,18,11,685,127.53030303030305,aspect_ratio(z=+4.3)
209/be_002tg_9_340.jpg,209,18,10,670,121.87222222222222,aspect_ratio(z=+5.1)
209/be_002tg_9_373.jpg,209,19,11,689,132.94736842105263,aspect_ratio(z=+4.7)
209/be_002tg_9_410.jpg,209,19,11,691,130.6315789473684,aspect_ratio(z=+4.7)
209/be_002tg_9_413.jpg,209,19,11,691,130.55502392344496,aspect_ratio(z=+4.7)
209/be_002tg_9_414.jpg,209,18,10,678,123.28888888888888,aspect_ratio(z=+5.1)
209/be_002tg_9_418.jpg,209,18,11,679,126.25757575757576,aspect_ratio(z=+4.3)
209/be_002tg_9_425.jpg,209,19,10,666,120.87368421052632,aspect_ratio(z=+5.6)
209/be_002tg_9_445.jpg,209,15,10,607,120.78,aspect_ratio(z=+3.6)
209/be_002tg_9_49.jpg,209,18,10,670,119.0,aspect_ratio(z=+5.1)
209/be_003sg_2_120.jpg,209,9,5,426,79.62222222222222,aspect_ratio(z=+5.1)
209/be_003sg_2_38.jpg,209,10,5,475,117.52,aspect_ratio(z=+6.1)
209/be_003sg_2_66.jpg,209,10,5,475,117.52,aspect_ratio(z=+6.1)
209/be_003sg_2_79.jpg,209,10,5,467,117.4,aspect_ratio(z=+6.1)
209/be_003sg_2_83.jpg,209,9,5,426,96.42222222222222,aspect_ratio(z=+5.1)
209/be_003sg_2_92.jpg,209,10,6,477,114.83333333333331,aspect_ratio(z=+4.4)
209/be_003sg_2_98.jpg,209,10,6,476,114.73333333333332,aspect_ratio(z=+4.4)
209/be_003sg_4_1.jpg,209,13,8,484,134.875,aspect_ratio(z=+4.2)
209/be_003sg_4_106.jpg,209,13,7,480,117.82417582417582,aspect_ratio(z=+5.4)
209/be_003sg_4_146.jpg,209,13,8,488,139.7403846153846,aspect_ratio(z=+4.2)
209/be_003sg_4_18.jpg,209,13,7,480,120.6153846153846,aspect_ratio(z=+5.4)
209/be_003sg_4_191.jpg,209,12,7,476,112.36904761904762,aspect_ratio(z=+4.7)
209/be_003sg_4_192.jpg,209,12,7,483,115.5,aspect_ratio(z=+4.7)
209/be_003sg_4_223.jpg,209,13,7,480,126.06593406593409,aspect_ratio(z=+5.4)
209/be_003sg_4_224.jpg,209,13,7,478,126.13186813186812,aspect_ratio(z=+5.4)
209/be_003sg_4_242.jpg,209,12,7,478,109.32142857142856,aspect_ratio(z=+4.7)
209/be_003sg_4_253.jpg,209,12,7,478,115.45238095238096,aspect_ratio(z=+4.7)
209/be_003sg_4_261.jpg,209,13,7,477,123.2087912087912,aspect_ratio(z=+5.4)
209/be_003sg_4_283.jpg,209,13,7,481,117.63736263736264,aspect_ratio(z=+5.4)
209/be_003sg_4_284.jpg,209,13,7,487,131.62637362637363,aspect_ratio(z=+5.4)
209/be_003sg_4_30.jpg,209,13,7,478,117.64835164835164,aspect_ratio(z=+5.4)
209/be_003sg_4_310.jpg,209,13,7,480,117.6043956043956,aspect_ratio(z=+5.4)
209/be_003sg_4_332.jpg,209,12,7,479,121.60714285714286,aspect_ratio(z=+4.7)
209/be_003sg_4_335.jpg,209,13,7,483,109.47252747252747,aspect_ratio(z=+5.4)
209/be_003sg_4_347.jpg,209,12,7,474,115.4404761904762,aspect_ratio(z=+4.7)
209/be_003sg_4_348.jpg,209,12,7,485,106.4047619047619,aspect_ratio(z=+4.7)
209/be_003sg_4_363.jpg,209,12,8,483,143.4375,aspect_ratio(z=+3.6)
209/be_003sg_4_374.jpg,209,13,7,480,117.6923076923077,aspect_ratio(z=+5.4)
209/be_003sg_4_394.jpg,209,13,7,479,114.989010989011,aspect_ratio(z=+5.4)
209/be_003sg_4_427.jpg,209,12,7,467,112.5595238095238,aspect_ratio(z=+4.7)
209/be_003sg_4_428.jpg,209,12,7,477,118.4047619047619,aspect_ratio(z=+4.7)
209/be_003sg_4_475.jpg,209,12,7,477,106.36904761904762,aspect_ratio(z=+4.7)
209/be_003sg_4_480.jpg,209,12,8,483,132.75,aspect_ratio(z=+3.6)
209/be_003sg_4_81.jpg,209,13,7,479,114.989010989011,aspect_ratio(z=+5.4)
209/be_003sg_7_11.jpg,209,12,7,479,100.4404761904762,aspect_ratio(z=+4.7)
209/be_003sg_7_113.jpg,209,12,7,474,112.4047619047619,aspect_ratio(z=+4.7)
209/be_003sg_7_128.jpg,209,13,7,482,117.85714285714286,aspect_ratio(z=+5.4)
209/be_003sg_7_129.jpg,209,13,7,478,112.08791208791207,aspect_ratio(z=+5.4)
209/be_003sg_7_142.jpg,209,12,7,476,115.33333333333331,aspect_ratio(z=+4.7)
209/be_003sg_7_143.jpg,209,12,7,477,112.54761904761904,aspect_ratio(z=+4.7)
209/be_003sg_7_145.jpg,209,13,7,480,120.46153846153848,aspect_ratio(z=+5.4)
209/be_003sg_7_153.jpg,209,12,7,475,112.42857142857144,aspect_ratio(z=+4.7)
209/be_003sg_7_203.jpg,209,12,7,479,112.28571428571428,aspect_ratio(z=+4.7)
209/be_003sg_7_204.jpg,209,12,7,479,115.63095238095238,aspect_ratio(z=+4.7)
209/be_003sg_7_225.jpg,209,12,7,479,109.35714285714286,aspect_ratio(z=+4.7)
209/be_003sg_7_233.jpg,209,13,7,485,123.31868131868131,aspect_ratio(z=+5.4)
209/be_003sg_7_30.jpg,209,12,7,476,121.53571428571428,aspect_ratio(z=+4.7)
209/be_003sg_7_31.jpg,209,12,7,478,109.39285714285714,aspect_ratio(z=+4.7)
209/be_003sg_7_61.jpg,209,13,7,475,123.34065934065934,aspect_ratio(z=+5.4)
209/be_003sg_7_72.jpg,209,13,7,481,114.81318681318682,aspect_ratio(z=+5.4)
209/be_003sg_7_98.jpg,209,12,7,473,103.46428571428572,aspect_ratio(z=+4.7)
209/be_003sg_9_113.jpg,209,13,8,485,142.22115384615384,aspect_ratio(z=+4.2)
209/be_003sg_9_125.jpg,209,12,7,473,103.46428571428572,aspect_ratio(z=+4.7)
209/be_003sg_9_142.jpg,209,13,7,480,112.31868131868131,aspect_ratio(z=+5.4)
209/be_003sg_9_148.jpg,209,12,7,478,106.38095238095238,aspect_ratio(z=+4.7)
209/be_003sg_9_149.jpg,209,12,7,481,127.58333333333331,aspect_ratio(z=+4.7)
209/be_003sg_9_15.jpg,209,12,7,479,109.35714285714286,aspect_ratio(z=+4.7)
209/be_003sg_9_16.jpg,209,12,7,478,109.58333333333331,aspect_ratio(z=+4.7)
209/be_003sg_9_219.jpg,209,13,7,481,117.62637362637362,aspect_ratio(z=+5.4)
209/be_003sg_9_229.jpg,209,12,8,477,124.88541666666669,aspect_ratio(z=+3.6)
209/be_003sg_9_267.jpg,209,12,7,479,109.47619047619048,aspect_ratio(z=+4.7)
209/be_003sg_9_294.jpg,209,12,7,477,112.54761904761904,aspect_ratio(z=+4.7)
209/be_003sg_9_295.jpg,209,12,7,481,112.4404761904762,aspect_ratio(z=+4.7)
209/be_003sg_9_302.jpg,209,13,7,479,114.989010989011,aspect_ratio(z=+5.4)
209/be_003sg_9_316.jpg,209,12,7,473,103.46428571428572,aspect_ratio(z=+4.7)
209/be_003sg_9_35.jpg,209,12,7,481,124.57142857142856,aspect_ratio(z=+4.7)
209/be_003sg_9_352.jpg,209,12,7,482,112.47619047619048,aspect_ratio(z=+4.7)
209/be_003sg_9_356.jpg,209,13,7,482,117.85714285714286,aspect_ratio(z=+5.4)
209/be_003sg_9_379.jpg,209,13,7,476,114.87912087912088,aspect_ratio(z=+5.4)
209/be_003sg_9_380.jpg,209,13,7,483,123.31868131868131,aspect_ratio(z=+5.4)
209/be_003sg_9_392.jpg,209,13,7,489,123.3076923076923,aspect_ratio(z=+5.4)
209/be_003sg_9_419.jpg,209,13,8,482,129.96153846153845,aspect_ratio(z=+4.2)
209/be_003sg_9_426.jpg,209,12,7,478,109.4047619047619,aspect_ratio(z=+4.7)
209/be_003sg_9_427.jpg,209,12,7,476,115.41666666666669,aspect_ratio(z=+4.7)
209/be_003sg_9_76.jpg,209,13,7,482,123.34065934065934,aspect_ratio(z=+5.4)
209/be_003sg_9_90.jpg,209,13,7,478,123.31868131868131,aspect_ratio(z=+5.4)
209/be_003sg_9_91.jpg,209,13,7,487,126.02197802197804,aspect_ratio(z=+5.4)
209/be_003sg_9_93.jpg,209,13,7,479,112.23076923076924,aspect_ratio(z=+5.4)
209/be_003sg_9_94.jpg,209,12,7,478,118.45238095238096,aspect_ratio(z=+4.7)
209/be_003sg_9_96.jpg,209,12,7,480,112.29761904761904,aspect_ratio(z=+4.7)
209/be_003sg_9_99.jpg,209,13,7,478,120.58241758241758,aspect_ratio(z=+5.4)
209/be_003tg_2_120.jpg,209,14,8,473,118.58928571428572,aspect_ratio(z=+4.9)
209/be_003tg_2_66.jpg,209,13,7,483,103.86813186813188,aspect_ratio(z=+5.4)
209/be_003tg_2_79.jpg,209,14,8,484,120.5625,aspect_ratio(z=+4.9)
209/be_003tg_2_83.jpg,209,14,8,480,118.46428571428572,aspect_ratio(z=+4.9)
209/be_003tg_2_84.jpg,209,14,8,479,120.71428571428572,aspect_ratio(z=+4.9)
209/be_003tg_2_92.jpg,209,14,8,478,122.90178571428572,aspect_ratio(z=+4.9)
209/be_003tg_4_1.jpg,209,19,10,674,127.5421052631579,aspect_ratio(z=+5.6)
209/be_003tg_4_108.jpg,209,18,10,673,121.88888888888889,aspect_ratio(z=+5.1)
209/be_003tg_4_148.jpg,209,18,11,680,135.16161616161617,aspect_ratio(z=+4.3)
209/be_003tg_4_18.jpg,209,18,11,683,132.65656565656565,aspect_ratio(z=+4.3)
209/be_003tg_4_194.jpg,209,18,11,685,131.33333333333334,aspect_ratio(z=+4.3)
209/be_003tg_4_195.jpg,209,18,10,666,123.37222222222222,aspect_ratio(z=+5.1)
209/be_003tg_4_226.jpg,209,18,10,673,121.88888888888889,aspect_ratio(z=+5.1)
209/be_003tg_4_227.jpg,209,18,10,667,127.54444444444444,aspect_ratio(z=+5.1)
209/be_003tg_4_245.jpg,209,19,10,679,126.1421052631579,aspect_ratio(z=+5.6)
209/be_003tg_4_257.jpg,209,18,10,673,128.98333333333332,aspect_ratio(z=+5.1)
209/be_003tg_4_265.jpg,209,18,11,691,135.12626262626262,aspect_ratio(z=+4.3)
209/be_003tg_4_287.jpg,209,18,10,669,117.65,aspect_ratio(z=+5.1)
209/be_003tg_4_288.jpg,209,18,10,662,117.64444444444445,aspect_ratio(z=+5.1)
209/be_003tg_4_31.jpg,209,18,10,672,124.74444444444444,aspect_ratio(z=+5.1)
209/be_003tg_4_314.jpg,209,18,10,666,126.16111111111113,aspect_ratio(z=+5.1)
209/be_003tg_4_315.jpg,209,18,11,685,131.26767676767676,aspect_ratio(z=+4.3)
209/be_003tg_4_336.jpg,209,18,11,680,132.57070707070707,aspect_ratio(z=+4.3)
209/be_003tg_4_339.jpg,209,19,11,690,135.41626794258374,aspect_ratio(z=+4.7)
209/be_003tg_4_351.jpg,209,18,10,675,119.01666666666668,aspect_ratio(z=+5.1)
209/be_003tg_4_352.jpg,209,18,10,670,123.27222222222224,aspect_ratio(z=+5.1)
209/be_003tg_4_367.jpg,209,18,10,675,123.25555555555556,aspect_ratio(z=+5.1)
209/be_003tg_4_378.jpg,209,19,10,675,131.52105263157895,aspect_ratio(z=+5.6)
209/be_003tg_4_398.jpg,209,18,11,669,127.46464646464646,aspect_ratio(z=+4.3)
209/be_003tg_4_431.jpg,209,18,10,674,119.05555555555556,aspect_ratio(z=+5.1)
209/be_003tg_4_432.jpg,209,18,10,663,124.61666666666666,aspect_ratio(z=+5.1)
209/be_003tg_4_480.jpg,209,19,11,683,135.33492822966508,aspect_ratio(z=+4.7)
209/be_003tg_4_485.jpg,209,18,10,676,120.45555555555556,aspect_ratio(z=+5.1)
209/be_003tg_4_83.jpg,209,19,10,677,134.21052631578948,aspect_ratio(z=+5.6)
209/be_003tg_8_100.jpg,209,19,11,691,139.10526315789474,aspect_ratio(z=+4.7)
209/be_003tg_8_113.jpg,209,19,10,674,128.81578947368422,aspect_ratio(z=+5.6)
209/be_003tg_8_125.jpg,209,19,10,676,126.13684210526316,aspect_ratio(z=+5.6)
209/be_003tg_8_126.jpg,209,19,10,663,127.51052631578948,aspect_ratio(z=+5.6)
209/be_003tg_8_142.jpg,209,18,10,679,121.92222222222222,aspect_ratio(z=+5.1)
209/be_003tg_8_148.jpg,209,19,10,664,123.57894736842104,aspect_ratio(z=+5.6)
209/be_003tg_8_15.jpg,209,19,10,680,130.17368421052632,aspect_ratio(z=+5.6)
209/be_003tg_8_16.jpg,209,19,10,677,127.57894736842104,aspect_ratio(z=+5.6)
209/be_003tg_8_218.jpg,209,19,11,698,136.68421052631578,aspect_ratio(z=+4.7)
209/be_003tg_8_219.jpg,209,19,10,679,130.09473684210528,aspect_ratio(z=+5.6)
209/be_003tg_8_229.jpg,209,19,11,684,131.73684210526315,aspect_ratio(z=+4.7)
209/be_003tg_8_266.jpg,209,19,10,668,124.82105263157897,aspect_ratio(z=+5.6)
209/be_003tg_8_267.jpg,209,19,11,685,135.36363636363637,aspect_ratio(z=+4.7)
209/be_003tg_8_297.jpg,209,18,10,664,121.9,aspect_ratio(z=+5.1)
209/be_003tg_8_298.jpg,209,18,11,688,128.7929292929293,aspect_ratio(z=+4.3)
209/be_003tg_8_305.jpg,209,18,11,684,128.76262626262627,aspect_ratio(z=+4.3)
209/be_003tg_8_319.jpg,209,18,10,668,120.50555555555556,aspect_ratio(z=+5.1)
209/be_003tg_8_35.jpg,209,19,10,674,130.25263157894736,aspect_ratio(z=+5.6)
209/be_003tg_8_354.jpg,209,19,11,685,135.36363636363637,aspect_ratio(z=+4.7)
209/be_003tg_8_359.jpg,209,19,11,688,135.39712918660288,aspect_ratio(z=+4.7)
209/be_003tg_8_383.jpg,209,18,11,680,130.1919191919192,aspect_ratio(z=+4.3)
209/be_003tg_8_395.jpg,209,18,11,676,132.57575757575756,aspect_ratio(z=+4.3)
209/be_003tg_8_422.jpg,209,18,11,685,127.57070707070709,aspect_ratio(z=+4.3)
209/be_003tg_8_429.jpg,209,19,11,691,128.13875598086125,aspect_ratio(z=+4.7)
209/be_003tg_8_430.jpg,209,18,10,666,121.81666666666666,aspect_ratio(z=+5.1)
209/be_003tg_8_75.jpg,209,18,11,679,128.7929292929293,aspect_ratio(z=+4.3)
209/be_003tg_8_76.jpg,209,18,10,668,123.33888888888887,aspect_ratio(z=+5.1)
209/be_003tg_8_90.jpg,209,19,10,676,126.17368421052632,aspect_ratio(z=+5.6)
209/be_003tg_8_91.jpg,209,19,10,669,126.23684210526316,aspect_ratio(z=+5.6)
209/be_003tg_8_93.jpg,209,18,11,681,132.64141414141417,aspect_ratio(z=+4.3)
209/be_003tg_8_94.jpg,209,19,10,677,128.85263157894738,aspect_ratio(z=+5.6)
209/be_003tg_8_96.jpg,209,19,11,693,134.13875598086125,aspect_ratio(z=+4.7)
209/be_003tg_8_97.jpg,209,18,10,670,121.82222222222222,aspect_ratio(z=+5.1)
209/be_003tg_9_10.jpg,209,19,11,701,139.13397129186603,aspect_ratio(z=+4.7)
209/be_003tg_9_11.jpg,209,18,10,663,117.68888888888888,aspect_ratio(z=+5.1)
209/be_003tg_9_113.jpg,209,19,11,681,134.1818181818182,aspect_ratio(z=+4.7)
209/be_003tg_9_129.jpg,209,19,11,691,135.33492822966508,aspect_ratio(z=+4.7)
209/be_003tg_9_142.jpg,209,19,11,696,140.27272727272728,aspect_ratio(z=+4.7)
209/be_003tg_9_143.jpg,209,19,10,675,128.84736842105264,aspect_ratio(z=+5.6)
209/be_003tg_9_145.jpg,209,18,10,673,130.37777777777777,aspect_ratio(z=+5.1)
209/be_003tg_9_153.jpg,209,19,11,688,137.82296650717703,aspect_ratio(z=+4.7)
209/be_003tg_9_204.jpg,209,18,10,670,119.0,aspect_ratio(z=+5.1)
209/be_003tg_9_226.jpg,209,18,10,672,124.64444444444445,aspect_ratio(z=+5.1)
209/be_003tg_9_227.jpg,209,18,11,693,130.03535353535352,aspect_ratio(z=+4.3)
209/be_003tg_9_235.jpg,209,18,11,685,127.5050505050505,aspect_ratio(z=+4.3)
209/be_003tg_9_30.jpg,209,18,10,663,123.27777777777776,aspect_ratio(z=+5.1)
209/be_003tg_9_31.jpg,209,18,10,667,126.2,aspect_ratio(z=+5.1)
209/be_003tg_9_61.jpg,209,18,11,677,128.78787878787878,aspect_ratio(z=+4.3)
209/be_003tg_9_98.jpg,209,18,11,685,127.4949494949495,aspect_ratio(z=+4.3)
209/be_004sg_2_109.jpg,209,13,7,475,123.36263736263736,aspect_ratio(z=+5.4)
209/be_004sg_2_12.jpg,209,12,7,477,112.61904761904762,aspect_ratio(z=+4.7)
209/be_004sg_2_123.jpg,209,12,7,471,121.60714285714286,aspect_ratio(z=+4.7)
209/be_004sg_2_134.jpg,209,12,7,477,109.4047619047619,aspect_ratio(z=+4.7)
209/be_004sg_2_149.jpg,209,12,7,476,112.36904761904762,aspect_ratio(z=+4.7)
209/be_004sg_2_173.jpg,209,13,7,484,123.24175824175823,aspect_ratio(z=+5.4)
209/be_004sg_2_180.jpg,209,13,7,483,120.3956043956044,aspect_ratio(z=+5.4)
209/be_004sg_2_219.jpg,209,12,7,474,115.4404761904762,aspect_ratio(z=+4.7)
209/be_004sg_2_243.jpg,209,13,7,481,114.97802197802196,aspect_ratio(z=+5.4)
209/be_004sg_2_256.jpg,209,12,7,477,121.57142857142856,aspect_ratio(z=+4.7)
209/be_004sg_2_257.jpg,209,12,7,476,115.33333333333331,aspect_ratio(z=+4.7)
209/be_004sg_2_267.jpg,209,12,7,480,115.39285714285714,aspect_ratio(z=+4.7)
209/be_004sg_2_271.jpg,209,12,7,478,118.38095238095238,aspect_ratio(z=+4.7)
209/be_004sg_2_272.jpg,209,12,7,483,118.4047619047619,aspect_ratio(z=+4.7)
209/be_004sg_2_28.jpg,209,13,7,476,114.87912087912088,aspect_ratio(z=+5.4)
209/be_004sg_2_291.jpg,209,13,7,475,117.78021978021978,aspect_ratio(z=+5.4)
209/be_004sg_2_309.jpg,209,12,7,482,112.33333333333331,aspect_ratio(z=+4.7)
209/be_004sg_2_314.jpg,209,13,7,478,126.15384615384616,aspect_ratio(z=+5.4)
209/be_004sg_2_323.jpg,209,12,7,478,118.36904761904762,aspect_ratio(z=+4.7)
209/be_004sg_2_357.jpg,209,12,7,480,115.36904761904762,aspect_ratio(z=+4.7)
209/be_004sg_2_65.jpg,209,12,7,476,115.41666666666669,aspect_ratio(z=+4.7)
209/be_004sg_2_71.jpg,209,12,7,479,118.5952380952381,aspect_ratio(z=+4.7)
209/be_004sg_2_98.jpg,209,13,7,481,123.21978021978022,aspect_ratio(z=+5.4)
209/be_004sg_4_147.jpg,209,12,7,477,106.45238095238096,aspect_ratio(z=+4.7)
209/be_004sg_4_152.jpg,209,13,7,482,120.3956043956044,aspect_ratio(z=+5.4)
209/be_004sg_4_199.jpg,209,13,7,481,128.85714285714286,aspect_ratio(z=+5.4)
209/be_004sg_4_200.jpg,209,12,7,478,112.26190476190476,aspect_ratio(z=+4.7)
209/be_004sg_4_210.jpg,209,12,7,477,118.47619047619048,aspect_ratio(z=+4.7)
209/be_004sg_4_50.jpg,209,12,7,478,118.4404761904762,aspect_ratio(z=+4.7)
209/be_004sg_6_1.jpg,209,22,12,732,139.02651515151516,aspect_ratio(z=+5.3)
209/be_004sg_6_5.jpg,209,22,12,742,135.1401515151515,aspect_ratio(z=+5.3)
209/be_004sg_7_122.jpg,209,13,7,486,131.75824175824175,aspect_ratio(z=+5.4)
209/be_004sg_7_123.jpg,209,12,7,484,118.41666666666669,aspect_ratio(z=+4.7)
209/be_004sg_7_142.jpg,209,13,7,477,120.52747252747253,aspect_ratio(z=+5.4)
209/be_004sg_7_145.jpg,209,12,7,476,121.4047619047619,aspect_ratio(z=+4.7)
209/be_004sg_7_158.jpg,209,13,7,479,125.97802197802196,aspect_ratio(z=+5.4)
209/be_004sg_7_159.jpg,209,12,7,479,115.3095238095238,aspect_ratio(z=+4.7)
209/be_004sg_7_178.jpg,209,12,7,478,121.52380952380952,aspect_ratio(z=+4.7)
209/be_004sg_7_179.jpg,209,12,7,480,118.3452380952381,aspect_ratio(z=+4.7)
209/be_004sg_7_311.jpg,209,13,7,482,120.48351648351648,aspect_ratio(z=+5.4)
209/be_004sg_7_317.jpg,209,13,7,482,134.32967032967034,aspect_ratio(z=+5.4)
209/be_004sg_7_401.jpg,209,13,7,483,117.84615384615384,aspect_ratio(z=+5.4)
209/be_004sg_7_427.jpg,209,13,7,483,117.83516483516485,aspect_ratio(z=+5.4)
209/be_004sg_7_456.jpg,209,12,7,477,115.39285714285714,aspect_ratio(z=+4.7)
209/be_004sg_7_457.jpg,209,12,7,482,115.48809523809524,aspect_ratio(z=+4.7)
209/be_004sg_7_49.jpg,209,12,7,481,115.4047619047619,aspect_ratio(z=+4.7)
209/be_004sg_7_63.jpg,209,12,7,474,121.5595238095238,aspect_ratio(z=+4.7)
209/be_004sg_7_64.jpg,209,12,7,476,115.41666666666669,aspect_ratio(z=+4.7)
209/be_004sg_7_79.jpg,209,12,7,480,109.32142857142856,aspect_ratio(z=+4.7)
209/be_004sg_7_82.jpg,209,12,7,479,109.5595238095238,aspect_ratio(z=+4.7)
209/be_004sg_7_83.jpg,209,12,7,477,124.38095238095238,aspect_ratio(z=+4.7)
209/be_004sg_7_92.jpg,209,13,7,485,131.63736263736263,aspect_ratio(z=+5.4)
209/be_004tg_2_109.jpg,209,18,10,672,128.9111111111111,aspect_ratio(z=+5.1)
209/be_004tg_2_12.jpg,209,18,11,685,132.62626262626262,aspect_ratio(z=+4.3)
209/be_004tg_2_123.jpg,209,18,11,685,133.8838383838384,aspect_ratio(z=+4.3)
209/be_004tg_2_134.jpg,209,18,10,672,128.9777777777778,aspect_ratio(z=+5.1)
209/be_004tg_2_149.jpg,209,18,10,674,124.69444444444444,aspect_ratio(z=+5.1)
209/be_004tg_2_173.jpg,209,18,11,671,137.73232323232324,aspect_ratio(z=+4.3)
209/be_004tg_2_180.jpg,209,18,10,676,120.47777777777776,aspect_ratio(z=+5.1)
209/be_004tg_2_181.jpg,209,18,10,671,126.15555555555557,aspect_ratio(z=+5.1)
209/be_004tg_2_219.jpg,209,18,11,688,132.62121212121212,aspect_ratio(z=+4.3)
209/be_004tg_2_243.jpg,209,19,10,683,131.48947368421054,aspect_ratio(z=+5.6)
209/be_004tg_2_256.jpg,209,18,10,663,123.27777777777776,aspect_ratio(z=+5.1)
209/be_004tg_2_257.jpg,209,18,10,675,124.78333333333332,aspect_ratio(z=+5.1)
209/be_004tg_2_267.jpg,209,19,10,672,126.11578947368422,aspect_ratio(z=+5.6)
209/be_004tg_2_271.jpg,209,18,10,673,120.45555555555556,aspect_ratio(z=+5.1)
209/be_004tg_2_272.jpg,209,18,10,673,123.30555555555556,aspect_ratio(z=+5.1)
209/be_004tg_2_28.jpg,209,19,10,679,131.56842105263158,aspect_ratio(z=+5.6)
209/be_004tg_2_291.jpg,209,19,10,672,131.4578947368421,aspect_ratio(z=+5.6)
209/be_004tg_2_309.jpg,209,18,10,666,124.71666666666668,aspect_ratio(z=+5.1)
209/be_004tg_2_314.jpg,209,19,10,683,128.81578947368422,aspect_ratio(z=+5.6)
209/be_004tg_2_323.jpg,209,18,10,665,127.42222222222222,aspect_ratio(z=+5.1)
209/be_004tg_2_357.jpg,209,18,10,664,126.17222222222222,aspect_ratio(z=+5.1)
209/be_004tg_2_65.jpg,209,18,11,680,135.09595959595958,aspect_ratio(z=+4.3)
209/be_004tg_2_71.jpg,209,18,10,665,123.25555555555556,aspect_ratio(z=+5.1)
209/be_004tg_2_72.jpg,209,18,10,662,123.36111111111111,aspect_ratio(z=+5.1)
209/be_004tg_2_98.jpg,209,18,11,683,135.17171717171718,aspect_ratio(z=+4.3)
209/be_004tg_4_148.jpg,209,18,11,683,132.62626262626262,aspect_ratio(z=+4.3)
209/be_004tg_4_153.jpg,209,18,11,686,136.43939393939394,aspect_ratio(z=+4.3)
209/be_004tg_4_18.jpg,209,19,10,671,134.20526315789473,aspect_ratio(z=+5.6)
209/be_004tg_4_19.jpg,209,19,10,666,128.90526315789472,aspect_ratio(z=+5.6)
209/be_004tg_4_200.jpg,209,18,10,671,117.60555555555555,aspect_ratio(z=+5.1)
209/be_004tg_4_211.jpg,209,18,11,677,136.46464646464648,aspect_ratio(z=+4.3)
209/be_004tg_4_50.jpg,209,18,10,672,123.30555555555556,aspect_ratio(z=+5.1)
209/be_004tg_5_1.jpg,209,33,18,1048,147.6919191919192,width(z=+3.8); aspect_ratio(z=+5.3)
209/be_004tg_5_11.jpg,209,33,18,993,145.55387205387206,width(z=+3.8); aspect_ratio(z=+5.3)
209/be_004tg_6_125.jpg,209,19,11,703,141.42583732057415,aspect_ratio(z=+4.7)
209/be_004tg_6_126.jpg,209,19,10,668,132.7263157894737,aspect_ratio(z=+5.6)
209/be_004tg_6_145.jpg,209,19,10,675,131.53157894736842,aspect_ratio(z=+5.6)
209/be_004tg_6_148.jpg,209,18,10,676,120.45555555555556,aspect_ratio(z=+5.1)
209/be_004tg_6_161.jpg,209,18,10,672,126.09444444444443,aspect_ratio(z=+5.1)
209/be_004tg_6_162.jpg,209,18,10,671,123.27222222222224,aspect_ratio(z=+5.1)
209/be_004tg_6_181.jpg,209,19,11,696,136.60765550239233,aspect_ratio(z=+4.7)
209/be_004tg_6_314.jpg,209,18,11,684,137.8030303030303,aspect_ratio(z=+4.3)
209/be_004tg_6_320.jpg,209,19,10,682,134.28947368421052,aspect_ratio(z=+5.6)
209/be_004tg_6_405.jpg,209,18,10,675,126.05555555555556,aspect_ratio(z=+5.1)
209/be_004tg_6_431.jpg,209,19,10,681,131.43684210526317,aspect_ratio(z=+5.6)
209/be_004tg_6_460.jpg,209,18,10,669,120.43333333333334,aspect_ratio(z=+5.1)
209/be_004tg_6_50.jpg,209,18,10,672,123.28888888888888,aspect_ratio(z=+5.1)
209/be_004tg_6_64.jpg,209,18,10,675,124.70555555555556,aspect_ratio(z=+5.1)
209/be_004tg_6_65.jpg,209,18,10,661,120.44444444444444,aspect_ratio(z=+5.1)
209/be_004tg_6_82.jpg,209,18,10,671,121.89444444444445,aspect_ratio(z=+5.1)
209/be_004tg_6_85.jpg,209,18,10,676,123.2388888888889,aspect_ratio(z=+5.1)
209/be_004tg_6_86.jpg,209,18,10,655,124.67777777777778,aspect_ratio(z=+5.1)
209/be_004tg_6_95.jpg,209,19,10,679,128.8578947368421,aspect_ratio(z=+5.6)
209/be_005sg_2_104.jpg,209,13,7,483,115.06593406593409,aspect_ratio(z=+5.4)
209/be_005sg_2_108.jpg,209,13,7,480,114.93406593406591,aspect_ratio(z=+5.4)
209/be_005sg_2_144.jpg,209,13,8,478,125.14423076923076,aspect_ratio(z=+4.2)
209/be_005sg_2_163.jpg,209,13,7,480,106.5934065934066,aspect_ratio(z=+5.4)
209/be_005sg_2_239.jpg,209,12,8,479,119.57291666666669,aspect_ratio(z=+3.6)
209/be_005sg_2_240.jpg,209,12,7,475,97.48809523809524,aspect_ratio(z=+4.7)
209/be_005sg_2_251.jpg,209,12,7,482,103.5,aspect_ratio(z=+4.7)
209/be_005sg_2_252.jpg,209,12,7,478,103.4404761904762,aspect_ratio(z=+4.7)
209/be_005sg_2_278.jpg,209,13,7,481,115.05494505494504,aspect_ratio(z=+5.4)
209/be_005sg_2_32.jpg,209,13,7,476,112.16483516483515,aspect_ratio(z=+5.4)
209/be_005sg_3_10.jpg,209,13,7,481,114.87912087912088,aspect_ratio(z=+5.4)
209/be_005sg_3_115.jpg,209,13,7,480,117.78021978021978,aspect_ratio(z=+5.4)
209/be_005sg_3_138.jpg,209,12,7,477,109.5,aspect_ratio(z=+4.7)
209/be_005sg_3_6.jpg,209,13,7,477,109.34065934065934,aspect_ratio(z=+5.4)
209/be_005sg_3_75.jpg,209,12,7,475,112.33333333333331,aspect_ratio(z=+4.7)
209/be_005sg_4_120.jpg,209,13,7,477,117.58241758241758,aspect_ratio(z=+5.4)
209/be_005sg_4_121.jpg,209,13,7,484,120.56043956043956,aspect_ratio(z=+5.4)
209/be_005sg_4_134.jpg,209,12,7,484,118.39285714285714,aspect_ratio(z=+4.7)
209/be_005sg_4_217.jpg,209,13,7,476,114.989010989011,aspect_ratio(z=+5.4)
209/be_005sg_4_218.jpg,209,12,7,477,106.47619047619048,aspect_ratio(z=+4.7)
209/be_005sg_4_227.jpg,209,13,7,482,106.6923076923077,aspect_ratio(z=+5.4)
209/be_005sg_4_272.jpg,209,13,7,476,112.16483516483515,aspect_ratio(z=+5.4)
209/be_005sg_4_68.jpg,209,13,7,477,109.53846153846152,aspect_ratio(z=+5.4)
209/be_005sg_5_103.jpg,209,13,7,486,117.8021978021978,aspect_ratio(z=+5.4)
209/be_005sg_5_104.jpg,209,13,7,480,117.5934065934066,aspect_ratio(z=+5.4)
209/be_005sg_5_16.jpg,209,12,7,478,112.61904761904762,aspect_ratio(z=+4.7)
209/be_005sg_5_165.jpg,209,13,7,476,112.3846153846154,aspect_ratio(z=+5.4)
209/be_005sg_5_17.jpg,209,12,7,479,109.35714285714286,aspect_ratio(z=+4.7)
209/be_005sg_5_19.jpg,209,12,7,483,112.36904761904762,aspect_ratio(z=+4.7)
209/be_005sg_5_204.jpg,209,12,7,475,100.4404761904762,aspect_ratio(z=+4.7)
209/be_005sg_5_207.jpg,209,12,7,481,112.4404761904762,aspect_ratio(z=+4.7)
209/be_005sg_5_208.jpg,209,12,7,473,109.48809523809524,aspect_ratio(z=+4.7)
209/be_005sg_5_218.jpg,209,13,8,479,137.3653846153846,aspect_ratio(z=+4.2)
209/be_005sg_5_219.jpg,209,12,7,481,109.33333333333331,aspect_ratio(z=+4.7)
209/be_005sg_5_247.jpg,209,13,8,481,117.73076923076924,aspect_ratio(z=+4.2)
209/be_005sg_5_295.jpg,209,12,7,482,106.39285714285714,aspect_ratio(z=+4.7)
209/be_005sg_5_328.jpg,209,13,7,485,106.64835164835164,aspect_ratio(z=+5.4)
209/be_005sg_5_368.jpg,209,13,7,476,117.62637362637362,aspect_ratio(z=+5.4)
209/be_005sg_5_411.jpg,209,12,7,478,106.45238095238096,aspect_ratio(z=+4.7)
209/be_005sg_5_438.jpg,209,13,7,478,117.75824175824177,aspect_ratio(z=+5.4)
209/be_005sg_5_488.jpg,209,13,7,478,115.03296703296704,aspect_ratio(z=+5.4)
209/be_005sg_5_69.jpg,209,12,8,481,130.15625,aspect_ratio(z=+3.6)
209/be_005sg_5_98.jpg,209,13,7,484,117.76923076923076,aspect_ratio(z=+5.4)
209/be_005sg_5_99.jpg,209,13,7,479,120.32967032967034,aspect_ratio(z=+5.4)
209/be_005sg_7_64.jpg,209,9,6,428,113.51851851851852,aspect_ratio(z=+3.6)
209/be_005sg_7_75.jpg,209,10,6,466,114.73333333333332,aspect_ratio(z=+4.4)
209/be_005sg_7_78.jpg,209,10,6,469,127.4,aspect_ratio(z=+4.4)
209/be_005sg_7_85.jpg,209,9,6,427,103.85185185185183,aspect_ratio(z=+3.6)
209/be_005sg_7_86.jpg,209,9,6,429,103.98148148148148,aspect_ratio(z=+3.6)
209/be_005sg_7_92.jpg,209,10,6,479,127.48333333333332,aspect_ratio(z=+4.4)
209/be_005tg_2_106.jpg,209,19,11,680,128.13397129186603,aspect_ratio(z=+4.7)
209/be_005tg_2_110.jpg,209,18,11,683,122.41919191919192,aspect_ratio(z=+4.3)
209/be_005tg_2_146.jpg,209,18,10,672,114.81111111111112,aspect_ratio(z=+5.1)
209/be_005tg_2_166.jpg,209,19,10,677,123.53684210526316,aspect_ratio(z=+5.6)
209/be_005tg_2_242.jpg,209,19,11,681,126.93301435406698,aspect_ratio(z=+4.7)
209/be_005tg_2_243.jpg,209,19,10,676,126.13684210526316,aspect_ratio(z=+5.6)
209/be_005tg_2_254.jpg,209,18,10,673,113.36111111111111,aspect_ratio(z=+5.1)
209/be_005tg_2_255.jpg,209,18,10,671,116.21666666666668,aspect_ratio(z=+5.1)
209/be_005tg_2_281.jpg,209,19,10,686,120.80526315789474,aspect_ratio(z=+5.6)
209/be_005tg_2_33.jpg,209,19,10,685,122.16315789473684,aspect_ratio(z=+5.6)
209/be_005tg_3_10.jpg,209,19,11,691,131.76076555023923,aspect_ratio(z=+4.7)
209/be_005tg_3_116.jpg,209,19,10,679,120.84210526315788,aspect_ratio(z=+5.6)
209/be_005tg_3_138.jpg,209,18,11,686,130.03030303030303,aspect_ratio(z=+4.3)
209/be_005tg_3_139.jpg,209,18,10,674,120.46666666666668,aspect_ratio(z=+5.1)
209/be_005tg_3_6.jpg,209,18,11,680,128.81313131313132,aspect_ratio(z=+4.3)
209/be_005tg_3_76.jpg,209,18,10,671,116.25,aspect_ratio(z=+5.1)
209/be_005tg_4_134.jpg,209,18,11,677,131.22727272727272,aspect_ratio(z=+4.3)
209/be_005tg_4_135.jpg,209,18,10,670,121.82777777777778,aspect_ratio(z=+5.1)
209/be_005tg_4_219.jpg,209,19,11,678,133.00478468899522,aspect_ratio(z=+4.7)
209/be_005tg_4_220.jpg,209,19,11,691,129.4354066985646,aspect_ratio(z=+4.7)
209/be_005tg_4_229.jpg,209,19,10,683,119.53157894736842,aspect_ratio(z=+5.6)
209/be_005tg_4_275.jpg,209,19,10,672,111.51052631578948,aspect_ratio(z=+5.6)
209/be_005tg_4_276.jpg,209,19,11,690,124.48325358851676,aspect_ratio(z=+4.7)
209/be_005tg_4_72.jpg,209,19,11,689,129.36363636363637,aspect_ratio(z=+4.7)
209/be_005tg_4_73.jpg,209,19,10,672,115.5157894736842,aspect_ratio(z=+5.6)
209/be_005tg_4_84.jpg,209,19,11,680,126.96172248803828,aspect_ratio(z=+4.7)
209/be_005tg_4_85.jpg,209,18,11,674,127.58080808080808,aspect_ratio(z=+4.3)
209/be_005tg_5_104.jpg,209,18,11,677,123.65151515151516,aspect_ratio(z=+4.3)
209/be_005tg_5_16.jpg,209,19,11,692,135.42583732057415,aspect_ratio(z=+4.7)
209/be_005tg_5_166.jpg,209,19,10,683,120.8578947368421,aspect_ratio(z=+5.6)
209/be_005tg_5_17.jpg,209,19,10,675,123.49473684210528,aspect_ratio(z=+5.6)
209/be_005tg_5_19.jpg,209,18,11,681,130.08080808080808,aspect_ratio(z=+4.3)
209/be_005tg_5_205.jpg,209,18,11,678,127.56565656565655,aspect_ratio(z=+4.3)
209/be_005tg_5_206.jpg,209,18,10,662,120.47222222222224,aspect_ratio(z=+5.1)
209/be_005tg_5_208.jpg,209,18,11,697,126.26767676767676,aspect_ratio(z=+4.3)
209/be_005tg_5_209.jpg,209,18,10,673,116.31111111111112,aspect_ratio(z=+5.1)
209/be_005tg_5_219.jpg,209,18,11,673,122.38888888888889,aspect_ratio(z=+4.3)
209/be_005tg_5_220.jpg,209,18,10,672,121.89444444444445,aspect_ratio(z=+5.1)
209/be_005tg_5_248.jpg,209,18,11,677,126.26262626262626,aspect_ratio(z=+4.3)
209/be_005tg_5_297.jpg,209,19,10,678,124.92105263157896,aspect_ratio(z=+5.6)
209/be_005tg_5_330.jpg,209,18,10,669,113.43888888888888,aspect_ratio(z=+5.1)
209/be_005tg_5_372.jpg,209,18,10,678,116.3,aspect_ratio(z=+5.1)
209/be_005tg_5_415.jpg,209,18,11,675,126.22727272727272,aspect_ratio(z=+4.3)
209/be_005tg_5_442.jpg,209,19,11,688,134.13875598086125,aspect_ratio(z=+4.7)
209/be_005tg_5_69.jpg,209,19,10,680,127.52631578947368,aspect_ratio(z=+5.6)
209/be_005tg_5_98.jpg,209,18,11,681,130.0151515151515,aspect_ratio(z=+4.3)
209/be_005tg_5_99.jpg,209,18,11,686,126.23737373737374,aspect_ratio(z=+4.3)
209/be_005tg_7_64.jpg,209,14,8,478,118.4375,aspect_ratio(z=+4.9)
209/be_005tg_7_76.jpg,209,14,8,472,104.98214285714286,aspect_ratio(z=+4.9)
209/be_005tg_7_79.jpg,209,14,8,475,109.50892857142856,aspect_ratio(z=+4.9)
209/be_005tg_7_86.jpg,209,14,8,477,109.46428571428572,aspect_ratio(z=+4.9)
209/be_005tg_7_87.jpg,209,14,8,475,107.25,aspect_ratio(z=+4.9)
209/be_005tg_7_93.jpg,209,14,9,501,129.61904761904762,aspect_ratio(z=+3.9)
209/be_006sg_1_107.jpg,209,12,7,476,115.41666666666669,aspect_ratio(z=+4.7)
209/be_006sg_1_108.jpg,209,12,7,477,121.52380952380952,aspect_ratio(z=+4.7)
209/be_006sg_1_113.jpg,209,13,8,484,142.16346153846155,aspect_ratio(z=+4.2)
209/be_006sg_1_14.jpg,209,12,7,481,112.51190476190476,aspect_ratio(z=+4.7)
209/be_006sg_1_170.jpg,209,12,7,480,112.29761904761904,aspect_ratio(z=+4.7)
209/be_006sg_1_171.jpg,209,12,7,480,112.5952380952381,aspect_ratio(z=+4.7)
209/be_006sg_1_178.jpg,209,13,7,477,128.8901098901099,aspect_ratio(z=+5.4)
209/be_006sg_1_193.jpg,209,11,7,479,115.8961038961039,aspect_ratio(z=+4.0)
209/be_006sg_1_194.jpg,209,11,7,475,125.93506493506491,aspect_ratio(z=+4.0)
209/be_006sg_1_206.jpg,209,12,7,481,124.57142857142856,aspect_ratio(z=+4.7)
209/be_006sg_1_22.jpg,209,13,7,478,123.28571428571428,aspect_ratio(z=+5.4)
209/be_006sg_1_331.jpg,209,12,7,479,115.3095238095238,aspect_ratio(z=+4.7)
209/be_006sg_1_338.jpg,209,12,7,482,112.60714285714286,aspect_ratio(z=+4.7)
209/be_006sg_1_381.jpg,209,12,7,476,106.39285714285714,aspect_ratio(z=+4.7)
209/be_006sg_1_403.jpg,209,13,7,487,112.18681318681318,aspect_ratio(z=+5.4)
209/be_006sg_1_436.jpg,209,12,7,475,103.5,aspect_ratio(z=+4.7)
209/be_006sg_1_464.jpg,209,13,7,486,117.78021978021978,aspect_ratio(z=+5.4)
209/be_006sg_1_476.jpg,209,12,7,481,115.57142857142856,aspect_ratio(z=+4.7)
209/be_006sg_1_477.jpg,209,12,7,477,115.4404761904762,aspect_ratio(z=+4.7)
209/be_006sg_1_48.jpg,209,13,7,490,123.32967032967034,aspect_ratio(z=+5.4)
209/be_006sg_1_49.jpg,209,13,7,482,120.3846153846154,aspect_ratio(z=+5.4)
209/be_006sg_1_56.jpg,209,13,7,483,123.2967032967033,aspect_ratio(z=+5.4)
209/be_006sg_1_8.jpg,209,12,7,478,109.47619047619048,aspect_ratio(z=+4.7)
209/be_006sg_1_99.jpg,209,12,7,483,115.4404761904762,aspect_ratio(z=+4.7)
209/be_006sg_3_106.jpg,209,13,8,483,137.27884615384616,aspect_ratio(z=+4.2)
209/be_006sg_3_121.jpg,209,11,7,476,112.64935064935064,aspect_ratio(z=+4.0)
209/be_006sg_3_128.jpg,209,12,7,485,118.46428571428572,aspect_ratio(z=+4.7)
209/be_006sg_3_17.jpg,209,13,7,476,126.08791208791207,aspect_ratio(z=+5.4)
209/be_006sg_3_23.jpg,209,12,7,478,109.48809523809524,aspect_ratio(z=+4.7)
209/be_006sg_3_279.jpg,209,12,7,475,103.5,aspect_ratio(z=+4.7)
209/be_006sg_3_315.jpg,209,13,8,487,137.34615384615384,aspect_ratio(z=+4.2)
209/be_006sg_3_33.jpg,209,13,7,481,117.62637362637362,aspect_ratio(z=+5.4)
209/be_006sg_3_361.jpg,209,12,7,479,118.51190476190476,aspect_ratio(z=+4.7)
209/be_006sg_3_362.jpg,209,12,7,480,103.54761904761904,aspect_ratio(z=+4.7)
209/be_006sg_3_378.jpg,209,12,7,479,112.28571428571428,aspect_ratio(z=+4.7)
209/be_006sg_3_379.jpg,209,12,7,477,112.54761904761904,aspect_ratio(z=+4.7)
209/be_006sg_3_419.jpg,209,12,7,484,115.48809523809524,aspect_ratio(z=+4.7)
209/be_006sg_3_445.jpg,209,12,7,474,118.42857142857144,aspect_ratio(z=+4.7)
209/be_006sg_3_462.jpg,209,12,7,477,118.47619047619048,aspect_ratio(z=+4.7)
209/be_006sg_3_463.jpg,209,12,7,471,118.48809523809524,aspect_ratio(z=+4.7)
209/be_006sg_3_52.jpg,209,13,7,483,117.72527472527472,aspect_ratio(z=+5.4)
209/be_006sg_3_71.jpg,209,12,7,480,112.29761904761904,aspect_ratio(z=+4.7)
209/be_006sg_3_82.jpg,209,11,7,476,112.75324675324676,aspect_ratio(z=+4.0)
209/be_006sg_3_98.jpg,209,13,8,480,137.29807692307693,aspect_ratio(z=+4.2)
209/be_006sg_3_99.jpg,209,12,7,475,103.38095238095238,aspect_ratio(z=+4.7)
209/be_006sg_4_106.jpg,209,13,7,478,120.56043956043956,aspect_ratio(z=+5.4)
209/be_006sg_4_198.jpg,209,13,7,475,120.47252747252747,aspect_ratio(z=+5.4)
209/be_006sg_4_27.jpg,209,12,7,477,115.64285714285714,aspect_ratio(z=+4.7)
209/be_006sg_4_28.jpg,209,12,7,482,118.4047619047619,aspect_ratio(z=+4.7)
209/be_006sg_4_303.jpg,209,12,7,481,109.33333333333331,aspect_ratio(z=+4.7)
209/be_006sg_4_35.jpg,209,12,7,477,106.45238095238096,aspect_ratio(z=+4.7)
209/be_006sg_4_357.jpg,209,12,7,481,124.57142857142856,aspect_ratio(z=+4.7)
209/be_006sg_4_358.jpg,209,12,7,482,127.5952380952381,aspect_ratio(z=+4.7)
209/be_006sg_4_79.jpg,209,13,7,482,123.28571428571428,aspect_ratio(z=+5.4)
209/be_006sg_6_29.jpg,209,9,5,430,96.46666666666668,aspect_ratio(z=+5.1)
209/be_006sg_6_36.jpg,209,10,5,475,117.52,aspect_ratio(z=+6.1)
209/be_006sg_6_56.jpg,209,9,6,428,103.98148148148148,aspect_ratio(z=+3.6)
209/be_006sg_6_68.jpg,209,10,6,469,114.78333333333332,aspect_ratio(z=+4.4)
209/be_006sg_8_135.jpg,209,12,7,479,109.35714285714286,aspect_ratio(z=+4.7)
209/be_006sg_8_162.jpg,209,12,7,478,115.45238095238096,aspect_ratio(z=+4.7)
209/be_006sg_8_165.jpg,209,13,7,473,114.76923076923076,aspect_ratio(z=+5.4)
209/be_006sg_8_226.jpg,209,13,7,487,112.18681318681318,aspect_ratio(z=+5.4)
209/be_006sg_8_229.jpg,209,12,7,481,112.60714285714286,aspect_ratio(z=+4.7)
209/be_006sg_8_236.jpg,209,13,7,478,134.34065934065933,aspect_ratio(z=+5.4)
209/be_006sg_8_27.jpg,209,12,7,476,115.33333333333331,aspect_ratio(z=+4.7)
209/be_006sg_8_276.jpg,209,13,7,483,117.56043956043956,aspect_ratio(z=+5.4)
209/be_006sg_8_291.jpg,209,13,7,484,128.9010989010989,aspect_ratio(z=+5.4)
209/be_006sg_8_302.jpg,209,12,7,479,109.3095238095238,aspect_ratio(z=+4.7)
209/be_006sg_8_320.jpg,209,12,7,478,106.38095238095238,aspect_ratio(z=+4.7)
209/be_006sg_8_65.jpg,209,12,7,477,118.54761904761904,aspect_ratio(z=+4.7)
209/be_006sg_8_75.jpg,209,13,7,476,126.08791208791207,aspect_ratio(z=+5.4)
209/be_006sg_8_94.jpg,209,13,7,479,126.21978021978022,aspect_ratio(z=+5.4)
209/be_006sg_8_95.jpg,209,12,7,480,118.3452380952381,aspect_ratio(z=+4.7)
209/be_006tg_1_107.jpg,209,18,10,674,130.4,aspect_ratio(z=+5.1)
209/be_006tg_1_108.jpg,209,18,10,675,126.06666666666666,aspect_ratio(z=+5.1)
209/be_006tg_1_113.jpg,209,19,11,684,139.1244019138756,aspect_ratio(z=+4.7)
209/be_006tg_1_15.jpg,209,19,11,685,141.45454545454547,aspect_ratio(z=+4.7)
209/be_006tg_1_16.jpg,209,18,10,667,126.17222222222222,aspect_ratio(z=+5.1)
209/be_006tg_1_171.jpg,209,19,10,682,123.50526315789472,aspect_ratio(z=+5.6)
209/be_006tg_1_179.jpg,209,18,10,674,123.28888888888888,aspect_ratio(z=+5.1)
209/be_006tg_1_195.jpg,209,16,10,612,124.3625,aspect_ratio(z=+4.1)
209/be_006tg_1_196.jpg,209,16,10,607,124.38125,aspect_ratio(z=+4.1)
209/be_006tg_1_208.jpg,209,19,10,663,127.51052631578948,aspect_ratio(z=+5.6)
209/be_006tg_1_23.jpg,209,19,10,687,132.81578947368422,aspect_ratio(z=+5.6)
209/be_006tg_1_333.jpg,209,17,10,632,121.45882352941176,aspect_ratio(z=+4.6)
209/be_006tg_1_341.jpg,209,18,10,661,121.82777777777778,aspect_ratio(z=+5.1)
209/be_006tg_1_371.jpg,209,15,10,603,125.8,aspect_ratio(z=+3.6)
209/be_006tg_1_385.jpg,209,19,10,663,131.43157894736842,aspect_ratio(z=+5.6)
209/be_006tg_1_40.jpg,209,15,10,598,125.76666666666668,aspect_ratio(z=+3.6)
209/be_006tg_1_407.jpg,209,19,11,691,134.19138755980862,aspect_ratio(z=+4.7)
209/be_006tg_1_41.jpg,209,15,10,597,120.72,aspect_ratio(z=+3.6)
209/be_006tg_1_440.jpg,209,19,11,694,136.66985645933013,aspect_ratio(z=+4.7)
209/be_006tg_1_468.jpg,209,18,10,677,124.62777777777778,aspect_ratio(z=+5.1)
209/be_006tg_1_480.jpg,209,19,10,672,123.5157894736842,aspect_ratio(z=+5.6)
209/be_006tg_1_481.jpg,209,19,10,666,127.5842105263158,aspect_ratio(z=+5.6)
209/be_006tg_1_50.jpg,209,19,11,691,137.80861244019138,aspect_ratio(z=+4.7)
209/be_006tg_1_57.jpg,209,18,11,687,131.2979797979798,aspect_ratio(z=+4.3)
209/be_006tg_1_9.jpg,209,18,10,667,130.2722222222222,aspect_ratio(z=+5.1)
209/be_006tg_1_99.jpg,209,18,10,675,128.99444444444444,aspect_ratio(z=+5.1)
209/be_006tg_3_100.jpg,209,18,11,686,135.13131313131314,aspect_ratio(z=+4.3)
209/be_006tg_3_107.jpg,209,18,10,675,126.13333333333334,aspect_ratio(z=+5.1)
209/be_006tg_3_122.jpg,209,16,10,605,132.3875,aspect_ratio(z=+4.1)
209/be_006tg_3_129.jpg,209,18,11,681,137.72727272727272,aspect_ratio(z=+4.3)
209/be_006tg_3_17.jpg,209,19,10,676,127.41052631578948,aspect_ratio(z=+5.6)
209/be_006tg_3_23.jpg,209,19,11,693,134.17703349282297,aspect_ratio(z=+4.7)
209/be_006tg_3_282.jpg,209,18,11,681,132.5252525252525,aspect_ratio(z=+4.3)
209/be_006tg_3_318.jpg,209,19,11,694,140.2153110047847,aspect_ratio(z=+4.7)
209/be_006tg_3_33.jpg,209,18,10,671,119.03888888888888,aspect_ratio(z=+5.1)
209/be_006tg_3_34.jpg,209,18,10,668,123.29444444444444,aspect_ratio(z=+5.1)
209/be_006tg_3_364.jpg,209,19,10,682,128.85263157894738,aspect_ratio(z=+5.6)
209/be_006tg_3_365.jpg,209,19,10,683,127.48947368421052,aspect_ratio(z=+5.6)
209/be_006tg_3_381.jpg,209,18,10,670,121.83333333333331,aspect_ratio(z=+5.1)
209/be_006tg_3_382.jpg,209,18,10,667,126.08888888888887,aspect_ratio(z=+5.1)
209/be_006tg_3_422.jpg,209,19,10,678,130.17894736842106,aspect_ratio(z=+5.6)
209/be_006tg_3_448.jpg,209,18,11,680,131.33838383838383,aspect_ratio(z=+4.3)
209/be_006tg_3_465.jpg,209,18,10,674,124.73333333333332,aspect_ratio(z=+5.1)
209/be_006tg_3_466.jpg,209,18,10,666,127.57777777777778,aspect_ratio(z=+5.1)
209/be_006tg_3_51.jpg,209,19,10,666,127.44736842105264,aspect_ratio(z=+5.6)
209/be_006tg_3_70.jpg,209,19,11,683,139.02392344497608,aspect_ratio(z=+4.7)
209/be_006tg_3_71.jpg,209,19,10,684,132.8736842105263,aspect_ratio(z=+5.6)
209/be_006tg_3_82.jpg,209,15,10,608,125.77333333333333,aspect_ratio(z=+3.6)
209/be_006tg_3_99.jpg,209,18,10,663,121.87222222222222,aspect_ratio(z=+5.1)
209/be_006tg_4_106.jpg,209,19,10,671,131.50526315789477,aspect_ratio(z=+5.6)
209/be_006tg_4_200.jpg,209,18,10,667,127.56111111111112,aspect_ratio(z=+5.1)
209/be_006tg_4_27.jpg,209,18,10,670,124.61666666666666,aspect_ratio(z=+5.1)
209/be_006tg_4_28.jpg,209,18,10,673,123.28333333333332,aspect_ratio(z=+5.1)
209/be_006tg_4_305.jpg,209,19,10,672,131.46842105263158,aspect_ratio(z=+5.6)
209/be_006tg_4_35.jpg,209,18,11,684,136.47979797979798,aspect_ratio(z=+4.3)
209/be_006tg_4_359.jpg,209,19,10,665,131.3842105263158,aspect_ratio(z=+5.6)
209/be_006tg_4_360.jpg,209,19,10,665,132.73157894736843,aspect_ratio(z=+5.6)
209/be_006tg_4_79.jpg,209,18,10,670,120.53888888888888,aspect_ratio(z=+5.1)
209/be_006tg_4_80.jpg,209,18,10,674,119.06666666666666,aspect_ratio(z=+5.1)
209/be_006tg_6_137.jpg,209,14,8,479,120.75892857142856,aspect_ratio(z=+4.9)
209/be_006tg_6_138.jpg,209,14,8,484,120.5625,aspect_ratio(z=+4.9)
209/be_006tg_6_28.jpg,209,14,8,479,122.92857142857144,aspect_ratio(z=+4.9)
209/be_006tg_6_29.jpg,209,14,8,473,132.09821428571428,aspect_ratio(z=+4.9)
209/be_006tg_6_36.jpg,209,13,8,481,117.90384615384616,aspect_ratio(z=+4.2)
209/be_006tg_6_57.jpg,209,14,8,481,125.21428571428572,aspect_ratio(z=+4.9)
209/be_006tg_6_70.jpg,209,14,8,480,114.02678571428572,aspect_ratio(z=+4.9)
209/be_006tg_6_71.jpg,209,14,8,477,116.36607142857144,aspect_ratio(z=+4.9)
209/be_006tg_6_73.jpg,209,14,7,474,109.42857142857144,aspect_ratio(z=+6.1)
209/be_006tg_8_134.jpg,209,18,10,663,123.27777777777776,aspect_ratio(z=+5.1)
209/be_006tg_8_135.jpg,209,18,10,671,126.15555555555557,aspect_ratio(z=+5.1)
209/be_006tg_8_162.jpg,209,19,10,677,131.42631578947368,aspect_ratio(z=+5.6)
209/be_006tg_8_163.jpg,209,19,10,670,131.5842105263158,aspect_ratio(z=+5.6)
209/be_006tg_8_165.jpg,209,18,11,680,133.8939393939394,aspect_ratio(z=+4.3)
209/be_006tg_8_226.jpg,209,19,11,693,135.41148325358853,aspect_ratio(z=+4.7)
209/be_006tg_8_229.jpg,209,19,11,687,137.7846889952153,aspect_ratio(z=+4.7)
209/be_006tg_8_236.jpg,209,18,10,672,126.13333333333334,aspect_ratio(z=+5.1)
209/be_006tg_8_27.jpg,209,18,10,674,126.15,aspect_ratio(z=+5.1)
209/be_006tg_8_276.jpg,209,18,10,677,121.87222222222222,aspect_ratio(z=+5.1)
209/be_006tg_8_291.jpg,209,18,10,671,124.74444444444444,aspect_ratio(z=+5.1)
209/be_006tg_8_302.jpg,209,19,10,674,124.84736842105264,aspect_ratio(z=+5.6)
209/be_006tg_8_320.jpg,209,18,10,673,127.53888888888888,aspect_ratio(z=+5.1)
209/be_006tg_8_33.jpg,209,18,11,680,130.03535353535352,aspect_ratio(z=+4.3)
209/be_006tg_8_65.jpg,209,18,11,684,136.45959595959596,aspect_ratio(z=+4.3)
209/be_006tg_8_75.jpg,209,18,10,670,123.25,aspect_ratio(z=+5.1)
209/be_006tg_8_94.jpg,209,19,10,675,132.8684210526316,aspect_ratio(z=+5.6)
209/be_006tg_8_95.jpg,209,19,10,668,131.4157894736842,aspect_ratio(z=+5.6)
209/be_007sg_3_110.jpg,209,9,5,426,79.4888888888889,aspect_ratio(z=+5.1)
209/be_007sg_3_174.jpg,209,9,5,428,85.26666666666667,aspect_ratio(z=+5.1)
209/be_007sg_3_188.jpg,209,9,5,428,85.26666666666667,aspect_ratio(z=+5.1)
209/be_007sg_3_189.jpg,209,9,5,428,85.26666666666667,aspect_ratio(z=+5.1)
209/be_007sg_3_237.jpg,209,9,5,433,91.04444444444444,aspect_ratio(z=+5.1)
209/be_007sg_3_239.jpg,209,10,6,465,114.55,aspect_ratio(z=+4.4)
209/be_007sg_3_252.jpg,209,9,6,431,99.4074074074074,aspect_ratio(z=+3.6)
209/be_007sg_3_253.jpg,209,9,6,430,94.77777777777776,aspect_ratio(z=+3.6)
209/be_007sg_3_268.jpg,209,9,5,430,85.4,aspect_ratio(z=+5.1)
209/be_007sg_3_276.jpg,209,9,6,430,104.0,aspect_ratio(z=+3.6)
209/be_007sg_3_293.jpg,209,9,6,433,108.61111111111111,aspect_ratio(z=+3.6)
209/be_007sg_3_294.jpg,209,9,6,428,113.38888888888889,aspect_ratio(z=+3.6)
209/be_007sg_3_303.jpg,209,9,6,428,113.35185185185183,aspect_ratio(z=+3.6)
209/be_007sg_3_7.jpg,209,10,6,471,119.11666666666666,aspect_ratio(z=+4.4)
209/be_007sg_3_73.jpg,209,10,5,469,92.16,aspect_ratio(z=+6.1)
209/be_007sg_3_74.jpg,209,9,5,428,85.26666666666667,aspect_ratio(z=+5.1)
209/be_007sg_3_8.jpg,209,10,6,471,110.65,aspect_ratio(z=+4.4)
209/be_007sg_4_100.jpg,209,13,7,489,114.91208791208793,aspect_ratio(z=+5.4)
209/be_007sg_4_111.jpg,209,12,7,480,109.5,aspect_ratio(z=+4.7)
209/be_007sg_4_118.jpg,209,13,7,482,123.24175824175823,aspect_ratio(z=+5.4)
209/be_007sg_4_150.jpg,209,13,7,485,120.47252747252747,aspect_ratio(z=+5.4)
209/be_007sg_4_159.jpg,209,13,7,480,123.35164835164836,aspect_ratio(z=+5.4)
209/be_007sg_4_160.jpg,209,13,7,481,117.73626373626374,aspect_ratio(z=+5.4)
209/be_007sg_4_171.jpg,209,12,7,475,112.33333333333331,aspect_ratio(z=+4.7)
209/be_007sg_4_178.jpg,209,13,7,485,123.34065934065934,aspect_ratio(z=+5.4)
209/be_007sg_4_179.jpg,209,12,7,479,106.6547619047619,aspect_ratio(z=+4.7)
209/be_007sg_4_190.jpg,209,12,7,482,106.46428571428572,aspect_ratio(z=+4.7)
209/be_007sg_4_20.jpg,209,13,7,484,117.6923076923077,aspect_ratio(z=+5.4)
209/be_007sg_4_209.jpg,209,13,7,477,117.82417582417582,aspect_ratio(z=+5.4)
209/be_007sg_4_269.jpg,209,12,7,477,109.4404761904762,aspect_ratio(z=+4.7)
209/be_007sg_4_270.jpg,209,12,7,485,115.42857142857144,aspect_ratio(z=+4.7)
209/be_007sg_4_280.jpg,209,12,7,480,106.28571428571428,aspect_ratio(z=+4.7)
209/be_007sg_4_281.jpg,209,12,7,478,106.52380952380952,aspect_ratio(z=+4.7)
209/be_007sg_4_29.jpg,209,12,7,481,118.4404761904762,aspect_ratio(z=+4.7)
209/be_007sg_4_309.jpg,209,12,7,479,106.57142857142856,aspect_ratio(z=+4.7)
209/be_007sg_4_312.jpg,209,13,7,480,120.6153846153846,aspect_ratio(z=+5.4)
209/be_007sg_4_44.jpg,209,12,7,483,115.4404761904762,aspect_ratio(z=+4.7)
209/be_007sg_4_66.jpg,209,12,7,482,112.33333333333331,aspect_ratio(z=+4.7)
209/be_007sg_4_78.jpg,209,12,8,476,127.57291666666669,aspect_ratio(z=+3.6)
209/be_007sg_4_79.jpg,209,12,7,479,109.5595238095238,aspect_ratio(z=+4.7)
209/be_007sg_4_81.jpg,209,12,7,476,115.38095238095238,aspect_ratio(z=+4.7)
209/be_007sg_4_88.jpg,209,13,7,477,112.12087912087912,aspect_ratio(z=+5.4)
209/be_007sg_4_89.jpg,209,13,7,483,123.31868131868131,aspect_ratio(z=+5.4)
209/be_007sg_5_6.jpg,209,12,7,475,109.47619047619048,aspect_ratio(z=+4.7)
209/be_007sg_5_7.jpg,209,12,7,481,106.38095238095238,aspect_ratio(z=+4.7)
209/be_007sg_6_119.jpg,209,13,7,484,117.6043956043956,aspect_ratio(z=+5.4)
209/be_007sg_6_126.jpg,209,12,7,478,115.54761904761904,aspect_ratio(z=+4.7)
209/be_007sg_6_127.jpg,209,12,7,480,115.61904761904762,aspect_ratio(z=+4.7)
209/be_007sg_6_185.jpg,209,12,7,481,118.51190476190476,aspect_ratio(z=+4.7)
209/be_007sg_6_186.jpg,209,12,7,476,115.41666666666669,aspect_ratio(z=+4.7)
209/be_007sg_6_252.jpg,209,12,7,476,112.42857142857144,aspect_ratio(z=+4.7)
209/be_007sg_6_29.jpg,209,12,7,478,112.5,aspect_ratio(z=+4.7)
209/be_007sg_6_318.jpg,209,12,7,476,112.36904761904762,aspect_ratio(z=+4.7)
209/be_007sg_6_365.jpg,209,13,7,478,123.28571428571428,aspect_ratio(z=+5.4)
209/be_007sg_6_366.jpg,209,13,7,488,117.7912087912088,aspect_ratio(z=+5.4)
209/be_007sg_6_429.jpg,209,12,7,473,103.46428571428572,aspect_ratio(z=+4.7)
209/be_007sg_6_430.jpg,209,12,7,477,118.38095238095238,aspect_ratio(z=+4.7)
209/be_007sg_6_446.jpg,209,13,8,480,142.2403846153846,aspect_ratio(z=+4.2)
209/be_007sg_6_452.jpg,209,13,7,481,117.62637362637362,aspect_ratio(z=+5.4)
209/be_007sg_6_459.jpg,209,12,7,481,124.57142857142856,aspect_ratio(z=+4.7)
209/be_007sg_7_110.jpg,209,13,7,476,112.16483516483515,aspect_ratio(z=+5.4)
209/be_007sg_7_119.jpg,209,12,7,480,106.28571428571428,aspect_ratio(z=+4.7)
209/be_007sg_7_120.jpg,209,12,7,483,115.5595238095238,aspect_ratio(z=+4.7)
209/be_007sg_7_122.jpg,209,13,7,479,125.97802197802196,aspect_ratio(z=+5.4)
209/be_007sg_7_123.jpg,209,12,7,482,118.35714285714286,aspect_ratio(z=+4.7)
209/be_007sg_7_140.jpg,209,13,7,482,103.83516483516485,aspect_ratio(z=+5.4)
209/be_007sg_7_145.jpg,209,12,7,477,112.60714285714286,aspect_ratio(z=+4.7)
209/be_007sg_7_176.jpg,209,13,7,479,112.18681318681318,aspect_ratio(z=+5.4)
209/be_007sg_7_251.jpg,209,12,7,485,115.51190476190476,aspect_ratio(z=+4.7)
209/be_007sg_7_303.jpg,209,12,7,481,124.5595238095238,aspect_ratio(z=+4.7)
209/be_007sg_7_313.jpg,209,13,7,481,109.34065934065934,aspect_ratio(z=+5.4)
209/be_007sg_7_317.jpg,209,13,7,480,123.24175824175823,aspect_ratio(z=+5.4)
209/be_007sg_7_353.jpg,209,12,7,483,115.4404761904762,aspect_ratio(z=+4.7)
209/be_007sg_7_406.jpg,209,13,7,483,117.83516483516485,aspect_ratio(z=+5.4)
209/be_007sg_7_411.jpg,209,13,7,479,112.17582417582418,aspect_ratio(z=+5.4)
209/be_007sg_7_422.jpg,209,11,7,474,99.53246753246754,aspect_ratio(z=+4.0)
209/be_007sg_7_466.jpg,209,13,7,481,115.04395604395604,aspect_ratio(z=+5.4)
209/be_007sg_7_467.jpg,209,12,7,485,121.47619047619048,aspect_ratio(z=+4.7)
209/be_007sg_7_51.jpg,209,12,7,480,112.29761904761904,aspect_ratio(z=+4.7)
209/be_007sg_7_61.jpg,209,12,7,481,112.4404761904762,aspect_ratio(z=+4.7)
209/be_007sg_7_65.jpg,209,13,7,479,114.97802197802196,aspect_ratio(z=+5.4)
209/be_007tg_3_113.jpg,209,14,8,479,111.70535714285714,aspect_ratio(z=+4.9)
209/be_007tg_3_15.jpg,209,14,8,475,109.4375,aspect_ratio(z=+4.9)
209/be_007tg_3_179.jpg,209,14,8,475,111.82142857142856,aspect_ratio(z=+4.9)
209/be_007tg_3_193.jpg,209,14,8,477,111.70535714285714,aspect_ratio(z=+4.9)
209/be_007tg_3_194.jpg,209,14,8,478,111.79464285714286,aspect_ratio(z=+4.9)
209/be_007tg_3_259.jpg,209,14,9,501,123.77777777777776,aspect_ratio(z=+3.9)
209/be_007tg_3_275.jpg,209,13,8,476,100.83653846153848,aspect_ratio(z=+4.2)
209/be_007tg_3_276.jpg,209,13,8,475,105.58653846153848,aspect_ratio(z=+4.2)
209/be_007tg_3_283.jpg,209,14,8,476,113.99107142857144,aspect_ratio(z=+4.9)
209/be_007tg_3_300.jpg,209,13,8,479,113.04807692307692,aspect_ratio(z=+4.2)
209/be_007tg_3_310.jpg,209,14,8,474,113.90178571428572,aspect_ratio(z=+4.9)
209/be_007tg_3_71.jpg,209,14,8,474,111.72321428571428,aspect_ratio(z=+4.9)
209/be_007tg_3_75.jpg,209,14,8,479,111.8125,aspect_ratio(z=+4.9)
209/be_007tg_3_76.jpg,209,14,8,481,109.54464285714286,aspect_ratio(z=+4.9)
209/be_007tg_3_8.jpg,209,14,8,476,113.91964285714286,aspect_ratio(z=+4.9)
209/be_007tg_3_95.jpg,209,14,8,477,102.58035714285714,aspect_ratio(z=+4.9)
209/be_007tg_4_101.jpg,209,18,10,673,114.9,aspect_ratio(z=+5.1)
209/be_007tg_4_112.jpg,209,18,11,685,132.64646464646464,aspect_ratio(z=+4.3)
209/be_007tg_4_119.jpg,209,19,10,679,134.18421052631578,aspect_ratio(z=+5.6)
209/be_007tg_4_151.jpg,209,18,10,668,121.8,aspect_ratio(z=+5.1)
209/be_007tg_4_160.jpg,209,18,10,669,123.27222222222224,aspect_ratio(z=+5.1)
209/be_007tg_4_161.jpg,209,19,10,678,126.17368421052632,aspect_ratio(z=+5.6)
209/be_007tg_4_172.jpg,209,18,11,683,132.62626262626262,aspect_ratio(z=+4.3)
209/be_007tg_4_179.jpg,209,18,10,668,124.70555555555556,aspect_ratio(z=+5.1)
209/be_007tg_4_191.jpg,209,18,10,672,123.39444444444445,aspect_ratio(z=+5.1)
209/be_007tg_4_20.jpg,209,19,10,672,126.06315789473685,aspect_ratio(z=+5.6)
209/be_007tg_4_210.jpg,209,18,11,691,131.3080808080808,aspect_ratio(z=+4.3)
209/be_007tg_4_211.jpg,209,18,10,668,123.33888888888887,aspect_ratio(z=+5.1)
209/be_007tg_4_270.jpg,209,18,11,685,131.2979797979798,aspect_ratio(z=+4.3)
209/be_007tg_4_271.jpg,209,18,10,677,119.04444444444444,aspect_ratio(z=+5.1)
209/be_007tg_4_281.jpg,209,18,10,663,117.67777777777778,aspect_ratio(z=+5.1)
209/be_007tg_4_29.jpg,209,18,10,672,128.9111111111111,aspect_ratio(z=+5.1)
209/be_007tg_4_311.jpg,209,18,10,680,119.13333333333334,aspect_ratio(z=+5.1)
209/be_007tg_4_314.jpg,209,18,10,669,120.41111111111113,aspect_ratio(z=+5.1)
209/be_007tg_4_44.jpg,209,18,10,678,121.87222222222222,aspect_ratio(z=+5.1)
209/be_007tg_4_67.jpg,209,18,11,684,141.5909090909091,aspect_ratio(z=+4.3)
209/be_007tg_4_79.jpg,209,19,11,691,135.37799043062202,aspect_ratio(z=+4.7)
209/be_007tg_4_80.jpg,209,18,10,668,121.92777777777778,aspect_ratio(z=+5.1)
209/be_007tg_4_82.jpg,209,18,10,682,123.22222222222224,aspect_ratio(z=+5.1)
209/be_007tg_4_89.jpg,209,18,10,673,121.88888888888889,aspect_ratio(z=+5.1)
209/be_007tg_4_90.jpg,209,18,10,667,121.89444444444445,aspect_ratio(z=+5.1)
209/be_007tg_5_7.jpg,209,19,11,679,129.33014354066987,aspect_ratio(z=+4.7)
209/be_007tg_6_119.jpg,209,19,10,677,131.49473684210523,aspect_ratio(z=+5.6)
209/be_007tg_6_127.jpg,209,19,11,684,134.1244019138756,aspect_ratio(z=+4.7)
209/be_007tg_6_128.jpg,209,19,11,683,135.3732057416268,aspect_ratio(z=+4.7)
209/be_007tg_6_186.jpg,209,18,11,682,132.6161616161616,aspect_ratio(z=+4.3)
209/be_007tg_6_187.jpg,209,18,11,680,134.0,aspect_ratio(z=+4.3)
209/be_007tg_6_253.jpg,209,19,10,664,130.14736842105262,aspect_ratio(z=+5.6)
209/be_007tg_6_29.jpg,209,19,10,681,126.2,aspect_ratio(z=+5.6)
209/be_007tg_6_319.jpg,209,19,10,670,126.12105263157896,aspect_ratio(z=+5.6)
209/be_007tg_6_366.jpg,209,19,10,674,127.4578947368421,aspect_ratio(z=+5.6)
209/be_007tg_6_367.jpg,209,19,10,673,124.73684210526316,aspect_ratio(z=+5.6)
209/be_007tg_6_430.jpg,209,18,11,687,132.67676767676767,aspect_ratio(z=+4.3)
209/be_007tg_6_431.jpg,209,18,10,661,124.78333333333332,aspect_ratio(z=+5.1)
209/be_007tg_6_447.jpg,209,18,11,684,127.38888888888889,aspect_ratio(z=+4.3)
209/be_007tg_6_452.jpg,209,19,10,670,126.16315789473684,aspect_ratio(z=+5.6)
209/be_007tg_6_453.jpg,209,19,10,679,126.08947368421052,aspect_ratio(z=+5.6)
209/be_007tg_6_460.jpg,209,19,10,665,131.46315789473684,aspect_ratio(z=+5.6)
209/be_007tg_6_79.jpg,209,19,11,681,136.66507177033492,aspect_ratio(z=+4.7)
209/be_007tg_7_111.jpg,209,19,11,688,139.07655502392345,aspect_ratio(z=+4.7)
209/be_007tg_7_120.jpg,209,18,10,665,118.95,aspect_ratio(z=+5.1)
209/be_007tg_7_123.jpg,209,18,10,671,120.39444444444445,aspect_ratio(z=+5.1)
209/be_007tg_7_124.jpg,209,18,10,667,117.69444444444444,aspect_ratio(z=+5.1)
209/be_007tg_7_141.jpg,209,19,10,678,123.4842105263158,aspect_ratio(z=+5.6)
209/be_007tg_7_146.jpg,209,18,11,686,131.37373737373738,aspect_ratio(z=+4.3)
209/be_007tg_7_177.jpg,209,18,10,674,120.49444444444444,aspect_ratio(z=+5.1)
209/be_007tg_7_252.jpg,209,19,10,678,126.19473684210526,aspect_ratio(z=+5.6)
209/be_007tg_7_303.jpg,209,18,10,675,119.08888888888887,aspect_ratio(z=+5.1)
209/be_007tg_7_313.jpg,209,19,10,680,123.57368421052632,aspect_ratio(z=+5.6)
209/be_007tg_7_316.jpg,209,19,10,666,127.48947368421052,aspect_ratio(z=+5.6)
209/be_007tg_7_317.jpg,209,19,11,693,134.1244019138756,aspect_ratio(z=+4.7)
209/be_007tg_7_353.jpg,209,18,10,667,124.67222222222222,aspect_ratio(z=+5.1)
209/be_007tg_7_407.jpg,209,19,10,670,127.44736842105264,aspect_ratio(z=+5.6)
209/be_007tg_7_412.jpg,209,19,11,687,130.55023923444975,aspect_ratio(z=+4.7)
209/be_007tg_7_424.jpg,209,17,10,630,124.56470588235294,aspect_ratio(z=+4.6)
209/be_007tg_7_468.jpg,209,18,10,673,123.35,aspect_ratio(z=+5.1)
209/be_007tg_7_469.jpg,209,18,10,674,126.12222222222222,aspect_ratio(z=+5.1)
209/be_007tg_7_51.jpg,209,19,10,677,131.42631578947368,aspect_ratio(z=+5.6)
209/be_007tg_7_52.jpg,209,19,10,665,134.10526315789474,aspect_ratio(z=+5.6)
209/be_007tg_7_62.jpg,209,19,10,682,124.79473684210528,aspect_ratio(z=+5.6)
209/be_007tg_7_66.jpg,209,18,10,675,114.89444444444445,aspect_ratio(z=+5.1)
209/be_007tg_7_67.jpg,209,18,10,657,119.03333333333332,aspect_ratio(z=+5.1)
209/be_007tg_7_88.jpg,209,17,11,641,135.05347593582889,aspect_ratio(z=+3.8)
209/be_008sg_4_107.jpg,209,12,7,476,115.33333333333331,aspect_ratio(z=+4.7)
209/be_008sg_4_121.jpg,209,12,7,478,115.4404761904762,aspect_ratio(z=+4.7)
209/be_008sg_4_122.jpg,209,12,7,477,124.5595238095238,aspect_ratio(z=+4.7)
209/be_008sg_4_155.jpg,209,12,7,477,115.39285714285714,aspect_ratio(z=+4.7)
209/be_008sg_4_156.jpg,209,12,7,481,109.4047619047619,aspect_ratio(z=+4.7)
209/be_008sg_4_163.jpg,209,12,7,477,112.54761904761904,aspect_ratio(z=+4.7)
209/be_008sg_4_195.jpg,209,12,7,472,118.35714285714286,aspect_ratio(z=+4.7)
209/be_008sg_4_21.jpg,209,12,7,479,112.5595238095238,aspect_ratio(z=+4.7)
209/be_008sg_4_22.jpg,209,12,7,478,112.33333333333331,aspect_ratio(z=+4.7)
209/be_008sg_4_254.jpg,209,12,7,477,115.39285714285714,aspect_ratio(z=+4.7)
209/be_008sg_4_255.jpg,209,12,7,481,109.4047619047619,aspect_ratio(z=+4.7)
209/be_008sg_4_306.jpg,209,13,7,480,117.67032967032966,aspect_ratio(z=+5.4)
209/be_008sg_4_319.jpg,209,12,7,486,121.45238095238096,aspect_ratio(z=+4.7)
209/be_008sg_4_320.jpg,209,11,7,477,112.76623376623375,aspect_ratio(z=+4.0)
209/be_008sg_4_327.jpg,209,12,7,480,115.42857142857144,aspect_ratio(z=+4.7)
209/be_008sg_4_353.jpg,209,12,7,478,118.38095238095238,aspect_ratio(z=+4.7)
209/be_008sg_4_354.jpg,209,12,7,478,121.46428571428572,aspect_ratio(z=+4.7)
209/be_008sg_4_361.jpg,209,13,7,479,114.97802197802196,aspect_ratio(z=+5.4)
209/be_008sg_4_378.jpg,209,12,8,480,130.16666666666666,aspect_ratio(z=+3.6)
209/be_008sg_4_379.jpg,209,12,7,484,115.53571428571428,aspect_ratio(z=+4.7)
209/be_008sg_4_417.jpg,209,12,7,477,115.39285714285714,aspect_ratio(z=+4.7)
209/be_008sg_4_61.jpg,209,12,7,475,118.60714285714286,aspect_ratio(z=+4.7)
209/be_008sg_4_62.jpg,209,12,7,483,118.53571428571428,aspect_ratio(z=+4.7)
209/be_008sg_4_66.jpg,209,12,7,475,109.47619047619048,aspect_ratio(z=+4.7)
209/be_008sg_4_76.jpg,209,12,7,481,106.45238095238096,aspect_ratio(z=+4.7)
209/be_008sg_4_77.jpg,209,12,7,477,109.42857142857144,aspect_ratio(z=+4.7)
209/be_008sg_4_84.jpg,209,12,7,475,109.41666666666669,aspect_ratio(z=+4.7)
209/be_008sg_5_100.jpg,209,13,7,476,126.07692307692308,aspect_ratio(z=+5.4)
209/be_008sg_5_103.jpg,209,12,7,483,118.4047619047619,aspect_ratio(z=+4.7)
209/be_008sg_5_104.jpg,209,12,7,477,112.54761904761904,aspect_ratio(z=+4.7)
209/be_008sg_5_111.jpg,209,12,7,483,124.54761904761904,aspect_ratio(z=+4.7)
209/be_008sg_5_138.jpg,209,13,7,473,120.47252747252747,aspect_ratio(z=+5.4)
209/be_008sg_5_14.jpg,209,12,7,477,106.3452380952381,aspect_ratio(z=+4.7)
209/be_008sg_5_148.jpg,209,12,7,475,112.46428571428572,aspect_ratio(z=+4.7)
209/be_008sg_5_149.jpg,209,12,7,480,112.29761904761904,aspect_ratio(z=+4.7)
209/be_008sg_5_153.jpg,209,12,7,479,112.28571428571428,aspect_ratio(z=+4.7)
209/be_008sg_5_17.jpg,209,13,7,479,120.51648351648352,aspect_ratio(z=+5.4)
209/be_008sg_5_227.jpg,209,12,7,485,121.41666666666669,aspect_ratio(z=+4.7)
209/be_008sg_5_228.jpg,209,12,7,478,118.46428571428572,aspect_ratio(z=+4.7)
209/be_008sg_5_25.jpg,209,12,8,485,132.70833333333334,aspect_ratio(z=+3.6)
209/be_008sg_5_266.jpg,209,12,7,481,109.33333333333331,aspect_ratio(z=+4.7)
209/be_008sg_5_302.jpg,209,12,7,481,115.28571428571428,aspect_ratio(z=+4.7)
209/be_008sg_5_350.jpg,209,12,7,477,118.46428571428572,aspect_ratio(z=+4.7)
209/be_008sg_5_351.jpg,209,12,7,478,115.5,aspect_ratio(z=+4.7)
209/be_008sg_5_37.jpg,209,12,8,476,130.27083333333334,aspect_ratio(z=+3.6)
209/be_008sg_5_38.jpg,209,12,7,481,118.45238095238096,aspect_ratio(z=+4.7)
209/be_008sg_5_40.jpg,209,12,7,475,115.48809523809524,aspect_ratio(z=+4.7)
209/be_008sg_5_41.jpg,209,12,7,479,115.3095238095238,aspect_ratio(z=+4.7)
209/be_008sg_5_412.jpg,209,13,7,480,117.6043956043956,aspect_ratio(z=+5.4)
209/be_008sg_5_426.jpg,209,12,7,480,106.35714285714286,aspect_ratio(z=+4.7)
209/be_008sg_5_427.jpg,209,12,7,478,118.45238095238096,aspect_ratio(z=+4.7)
209/be_008sg_5_439.jpg,209,13,7,479,114.97802197802196,aspect_ratio(z=+5.4)
209/be_008sg_5_442.jpg,209,12,7,481,118.4404761904762,aspect_ratio(z=+4.7)
209/be_008sg_5_481.jpg,209,13,7,474,123.28571428571428,aspect_ratio(z=+5.4)
209/be_008sg_5_65.jpg,209,12,7,477,118.4047619047619,aspect_ratio(z=+4.7)
209/be_008sg_5_66.jpg,209,12,7,471,115.4404761904762,aspect_ratio(z=+4.7)
209/be_008sg_6_22.jpg,209,15,9,521,141.63703703703703,aspect_ratio(z=+4.4)
209/be_008sg_6_83.jpg,209,15,8,477,129.675,aspect_ratio(z=+5.5)
209/be_008sg_7_1.jpg,209,9,6,432,108.87037037037037,aspect_ratio(z=+3.6)
209/be_008sg_7_120.jpg,209,9,5,428,73.91111111111111,aspect_ratio(z=+5.1)
209/be_008sg_7_121.jpg,209,9,5,430,90.86666666666666,aspect_ratio(z=+5.1)
209/be_008sg_7_128.jpg,209,10,5,469,112.2,aspect_ratio(z=+6.1)
209/be_008sg_7_31.jpg,209,9,6,427,104.11111111111111,aspect_ratio(z=+3.6)
209/be_008sg_7_32.jpg,209,9,6,426,104.03703703703704,aspect_ratio(z=+3.6)
209/be_008sg_7_39.jpg,209,9,5,427,85.22222222222223,aspect_ratio(z=+5.1)
209/be_008sg_7_89.jpg,209,10,6,463,123.48333333333332,aspect_ratio(z=+4.4)
209/be_008tg_4_108.jpg,209,19,10,670,124.9,aspect_ratio(z=+5.6)
209/be_008tg_4_122.jpg,209,19,10,673,130.23157894736843,aspect_ratio(z=+5.6)
209/be_008tg_4_123.jpg,209,19,10,670,134.2157894736842,aspect_ratio(z=+5.6)
209/be_008tg_4_156.jpg,209,19,11,689,135.3062200956938,aspect_ratio(z=+4.7)
209/be_008tg_4_157.jpg,209,18,10,677,124.73333333333332,aspect_ratio(z=+5.1)
209/be_008tg_4_164.jpg,209,18,11,685,133.87373737373738,aspect_ratio(z=+4.3)
209/be_008tg_4_196.jpg,209,18,10,674,123.26666666666668,aspect_ratio(z=+5.1)
209/be_008tg_4_22.jpg,209,18,11,679,128.83333333333334,aspect_ratio(z=+4.3)
209/be_008tg_4_255.jpg,209,18,11,684,133.94444444444446,aspect_ratio(z=+4.3)
209/be_008tg_4_307.jpg,209,18,11,681,128.7828282828283,aspect_ratio(z=+4.3)
209/be_008tg_4_320.jpg,209,17,10,618,126.07058823529412,aspect_ratio(z=+4.6)
209/be_008tg_4_328.jpg,209,18,10,666,120.4888888888889,aspect_ratio(z=+5.1)
209/be_008tg_4_354.jpg,209,18,10,668,124.68333333333334,aspect_ratio(z=+5.1)
209/be_008tg_4_355.jpg,209,18,10,671,123.28333333333332,aspect_ratio(z=+5.1)
209/be_008tg_4_362.jpg,209,18,10,672,128.9777777777778,aspect_ratio(z=+5.1)
209/be_008tg_4_379.jpg,209,18,10,675,121.88888888888889,aspect_ratio(z=+5.1)
209/be_008tg_4_380.jpg,209,18,10,670,124.69444444444444,aspect_ratio(z=+5.1)
209/be_008tg_4_387.jpg,209,15,10,595,129.14666666666668,aspect_ratio(z=+3.6)
209/be_008tg_4_4.jpg,209,15,10,597,124.17333333333332,aspect_ratio(z=+3.6)
209/be_008tg_4_418.jpg,209,18,11,675,138.97979797979798,aspect_ratio(z=+4.3)
209/be_008tg_4_5.jpg,209,15,10,600,127.44666666666669,aspect_ratio(z=+3.6)
209/be_008tg_4_62.jpg,209,18,10,669,126.12777777777778,aspect_ratio(z=+5.1)
209/be_008tg_4_63.jpg,209,18,10,665,121.93333333333334,aspect_ratio(z=+5.1)
209/be_008tg_4_67.jpg,209,18,10,669,126.07777777777778,aspect_ratio(z=+5.1)
209/be_008tg_4_77.jpg,209,19,10,670,127.51052631578948,aspect_ratio(z=+5.6)
209/be_008tg_4_85.jpg,209,18,10,660,121.78333333333332,aspect_ratio(z=+5.1)
209/be_008tg_5_122.jpg,209,14,8,479,118.42857142857144,aspect_ratio(z=+4.9)
209/be_008tg_5_129.jpg,209,14,8,475,122.83035714285714,aspect_ratio(z=+4.9)
209/be_008tg_5_31.jpg,209,14,8,473,116.22321428571428,aspect_ratio(z=+4.9)
209/be_008tg_5_32.jpg,209,14,8,474,116.38392857142856,aspect_ratio(z=+4.9)
209/be_008tg_5_39.jpg,209,14,8,476,116.30357142857144,aspect_ratio(z=+4.9)
209/be_008tg_5_89.jpg,209,13,8,478,120.21153846153848,aspect_ratio(z=+4.2)
209/be_008tg_6_149.jpg,209,22,12,741,130.35227272727272,aspect_ratio(z=+5.3)
209/be_008tg_6_385.jpg,209,19,11,694,128.20574162679426,aspect_ratio(z=+4.7)
209/be_008tg_6_386.jpg,209,20,11,696,137.95,aspect_ratio(z=+5.2)
209/be_008tg_7_100.jpg,209,19,11,686,141.4354066985646,aspect_ratio(z=+4.7)
209/be_008tg_7_103.jpg,209,19,10,684,130.22105263157894,aspect_ratio(z=+5.6)
209/be_008tg_7_111.jpg,209,18,10,673,124.72777777777776,aspect_ratio(z=+5.1)
209/be_008tg_7_138.jpg,209,18,11,678,133.95454545454547,aspect_ratio(z=+4.3)
209/be_008tg_7_14.jpg,209,19,11,694,139.06698564593302,aspect_ratio(z=+4.7)
209/be_008tg_7_149.jpg,209,19,10,676,127.47894736842105,aspect_ratio(z=+5.6)
209/be_008tg_7_153.jpg,209,18,11,685,135.1818181818182,aspect_ratio(z=+4.3)
209/be_008tg_7_17.jpg,209,18,10,668,128.98333333333332,aspect_ratio(z=+5.1)
209/be_008tg_7_227.jpg,209,19,10,671,131.3842105263158,aspect_ratio(z=+5.6)
209/be_008tg_7_228.jpg,209,18,10,669,126.18333333333334,aspect_ratio(z=+5.1)
209/be_008tg_7_25.jpg,209,18,10,673,128.96666666666667,aspect_ratio(z=+5.1)
209/be_008tg_7_267.jpg,209,19,10,677,130.23157894736843,aspect_ratio(z=+5.6)
209/be_008tg_7_268.jpg,209,19,10,666,135.57894736842104,aspect_ratio(z=+5.6)
209/be_008tg_7_305.jpg,209,18,11,684,137.8030303030303,aspect_ratio(z=+4.3)
209/be_008tg_7_352.jpg,209,18,10,673,123.32777777777778,aspect_ratio(z=+5.1)
209/be_008tg_7_353.jpg,209,18,10,672,124.71111111111112,aspect_ratio(z=+5.1)
209/be_008tg_7_38.jpg,209,19,11,682,137.76076555023923,aspect_ratio(z=+4.7)
209/be_008tg_7_40.jpg,209,19,11,681,136.5645933014354,aspect_ratio(z=+4.7)
209/be_008tg_7_41.jpg,209,19,11,688,136.74162679425837,aspect_ratio(z=+4.7)
209/be_008tg_7_414.jpg,209,19,10,679,128.8421052631579,aspect_ratio(z=+5.6)
209/be_008tg_7_428.jpg,209,18,10,672,124.64444444444445,aspect_ratio(z=+5.1)
209/be_008tg_7_429.jpg,209,18,11,684,133.91919191919192,aspect_ratio(z=+4.3)
209/be_008tg_7_441.jpg,209,18,10,669,119.13888888888889,aspect_ratio(z=+5.1)
209/be_008tg_7_444.jpg,209,18,11,679,135.13636363636363,aspect_ratio(z=+4.3)
209/be_008tg_7_48.jpg,209,18,10,668,130.38333333333333,aspect_ratio(z=+5.1)
209/be_008tg_7_483.jpg,209,19,11,688,137.7846889952153,aspect_ratio(z=+4.7)
209/be_008tg_7_65.jpg,209,19,11,691,139.04784688995215,aspect_ratio(z=+4.7)
209/be_008tg_7_66.jpg,209,18,10,668,128.98333333333332,aspect_ratio(z=+5.1)
209/be_009sg_3_127.jpg,209,14,8,477,125.1875,aspect_ratio(z=+4.9)
209/be_009sg_3_145.jpg,209,14,8,477,123.08035714285714,aspect_ratio(z=+4.9)
209/be_009sg_3_148.jpg,209,14,8,477,118.58035714285714,aspect_ratio(z=+4.9)
209/be_009sg_3_168.jpg,209,14,8,479,129.71428571428572,aspect_ratio(z=+4.9)
209/be_009sg_3_178.jpg,209,14,7,475,122.33673469387756,aspect_ratio(z=+6.1)
209/be_009sg_3_199.jpg,209,14,8,479,125.15178571428572,aspect_ratio(z=+4.9)
209/be_009sg_3_252.jpg,209,14,8,475,127.44642857142856,aspect_ratio(z=+4.9)
209/be_009sg_3_253.jpg,209,14,8,481,125.21428571428572,aspect_ratio(z=+4.9)
209/be_009sg_3_264.jpg,209,14,8,480,125.19642857142856,aspect_ratio(z=+4.9)
209/be_009sg_3_291.jpg,209,13,8,476,112.8076923076923,aspect_ratio(z=+4.2)
209/be_009sg_3_292.jpg,209,13,8,475,122.5096153846154,aspect_ratio(z=+4.2)
209/be_009sg_3_296.jpg,209,13,7,475,109.36263736263736,aspect_ratio(z=+5.4)
209/be_009sg_3_297.jpg,209,13,8,472,122.64423076923076,aspect_ratio(z=+4.2)
209/be_009sg_3_302.jpg,209,14,7,475,111.93877551020408,aspect_ratio(z=+6.1)
209/be_009sg_3_305.jpg,209,15,8,480,135.98333333333332,aspect_ratio(z=+5.5)
209/be_009sg_3_335.jpg,209,14,8,475,120.6875,aspect_ratio(z=+4.9)
209/be_009sg_3_354.jpg,209,14,8,469,127.45535714285714,aspect_ratio(z=+4.9)
209/be_009sg_3_403.jpg,209,12,8,481,124.75,aspect_ratio(z=+3.6)
209/be_009sg_3_404.jpg,209,12,8,479,116.89583333333331,aspect_ratio(z=+3.6)
209/be_009sg_3_5.jpg,209,14,8,478,125.39285714285714,aspect_ratio(z=+4.9)
209/be_009sg_4_1.jpg,209,14,8,477,125.19642857142856,aspect_ratio(z=+4.9)
209/be_009sg_4_105.jpg,209,14,8,478,127.45535714285714,aspect_ratio(z=+4.9)
209/be_009sg_4_106.jpg,209,14,8,481,127.52678571428572,aspect_ratio(z=+4.9)
209/be_009sg_4_116.jpg,209,13,8,476,120.1346153846154,aspect_ratio(z=+4.2)
209/be_009sg_4_164.jpg,209,12,8,479,119.63541666666669,aspect_ratio(z=+3.6)
209/be_009sg_4_165.jpg,209,12,8,476,116.86458333333331,aspect_ratio(z=+3.6)
209/be_009sg_4_2.jpg,209,13,8,477,122.60576923076924,aspect_ratio(z=+4.2)
209/be_009sg_4_201.jpg,209,14,8,480,129.75,aspect_ratio(z=+4.9)
209/be_009sg_4_202.jpg,209,14,8,479,125.23214285714286,aspect_ratio(z=+4.9)
209/be_009sg_4_212.jpg,209,14,8,484,127.5,aspect_ratio(z=+4.9)
209/be_009sg_4_22.jpg,209,14,8,480,127.50892857142856,aspect_ratio(z=+4.9)
209/be_009sg_4_253.jpg,209,14,8,478,129.71428571428572,aspect_ratio(z=+4.9)
209/be_009sg_4_264.jpg,209,14,8,480,125.08035714285714,aspect_ratio(z=+4.9)
209/be_009sg_4_269.jpg,209,14,8,475,122.99107142857144,aspect_ratio(z=+4.9)
209/be_009sg_4_270.jpg,209,14,8,480,123.05357142857144,aspect_ratio(z=+4.9)
209/be_009sg_4_28.jpg,209,14,8,469,129.74107142857142,aspect_ratio(z=+4.9)
209/be_009sg_4_289.jpg,209,14,8,480,134.25892857142858,aspect_ratio(z=+4.9)
209/be_009sg_4_290.jpg,209,14,8,476,136.48214285714286,aspect_ratio(z=+4.9)
209/be_009sg_4_330.jpg,209,13,8,480,125.10576923076924,aspect_ratio(z=+4.2)
209/be_009sg_4_358.jpg,209,14,8,484,120.5625,aspect_ratio(z=+4.9)
209/be_009sg_4_359.jpg,209,14,8,478,125.17857142857144,aspect_ratio(z=+4.9)
209/be_009sg_4_364.jpg,209,14,8,481,116.25,aspect_ratio(z=+4.9)
209/be_009sg_4_365.jpg,209,14,8,483,127.47321428571428,aspect_ratio(z=+4.9)
209/be_009sg_4_37.jpg,209,13,8,476,120.1923076923077,aspect_ratio(z=+4.2)
209/be_009sg_4_38.jpg,209,13,8,477,117.75,aspect_ratio(z=+4.2)
209/be_009sg_4_395.jpg,209,14,8,478,120.75,aspect_ratio(z=+4.9)
209/be_009sg_4_409.jpg,209,12,8,482,119.59375,aspect_ratio(z=+3.6)
209/be_009sg_4_410.jpg,209,12,8,483,116.94791666666669,aspect_ratio(z=+3.6)
209/be_009sg_4_428.jpg,209,15,8,481,127.61666666666666,aspect_ratio(z=+5.5)
209/be_009sg_4_435.jpg,209,13,8,479,127.53846153846152,aspect_ratio(z=+4.2)
209/be_009sg_4_436.jpg,209,13,8,472,122.64423076923076,aspect_ratio(z=+4.2)
209/be_009sg_4_58.jpg,209,13,8,480,115.3173076923077,aspect_ratio(z=+4.2)
209/be_009sg_4_82.jpg,209,13,8,480,124.9903846153846,aspect_ratio(z=+4.2)
209/be_009sg_4_83.jpg,209,13,7,479,106.78021978021978,aspect_ratio(z=+5.4)
209/be_009tg_2_1.jpg,209,20,12,741,130.67916666666667,aspect_ratio(z=+4.4)
209/be_009tg_2_105.jpg,209,20,12,737,131.70833333333334,aspect_ratio(z=+4.4)
209/be_009tg_2_106.jpg,209,20,12,731,133.77916666666667,aspect_ratio(z=+4.4)
209/be_009tg_2_115.jpg,209,20,12,737,134.95,aspect_ratio(z=+4.4)
209/be_009tg_2_116.jpg,209,20,12,738,133.85,aspect_ratio(z=+4.4)
209/be_009tg_2_2.jpg,209,20,12,743,133.80833333333334,aspect_ratio(z=+4.4)
209/be_009tg_2_202.jpg,209,21,12,740,135.5873015873016,aspect_ratio(z=+4.9)
209/be_009tg_2_203.jpg,209,21,12,743,135.4801587301587,aspect_ratio(z=+4.9)
209/be_009tg_2_213.jpg,209,21,12,748,138.54365079365078,aspect_ratio(z=+4.9)
209/be_009tg_2_22.jpg,209,21,12,743,134.4920634920635,aspect_ratio(z=+4.9)
209/be_009tg_2_254.jpg,209,21,11,728,129.13852813852813,aspect_ratio(z=+5.7)
209/be_009tg_2_265.jpg,209,20,11,685,122.85454545454546,aspect_ratio(z=+5.2)
209/be_009tg_2_270.jpg,209,21,12,741,135.5198412698413,aspect_ratio(z=+4.9)
209/be_009tg_2_271.jpg,209,21,12,742,134.515873015873,aspect_ratio(z=+4.9)
209/be_009tg_2_28.jpg,209,21,12,746,136.50396825396825,aspect_ratio(z=+4.9)
209/be_009tg_2_290.jpg,209,21,12,742,137.62698412698413,aspect_ratio(z=+4.9)
209/be_009tg_2_291.jpg,209,20,12,746,131.64583333333334,aspect_ratio(z=+4.4)
209/be_009tg_2_331.jpg,209,18,12,679,131.0185185185185,aspect_ratio(z=+3.6)
209/be_009tg_2_360.jpg,209,20,12,694,133.82916666666668,aspect_ratio(z=+4.4)
209/be_009tg_2_361.jpg,209,20,11,683,125.20454545454544,aspect_ratio(z=+5.2)
209/be_009tg_2_366.jpg,209,21,12,742,134.47619047619048,aspect_ratio(z=+4.9)
209/be_009tg_2_367.jpg,209,21,12,743,134.46031746031747,aspect_ratio(z=+4.9)
209/be_009tg_2_38.jpg,209,20,12,738,131.82083333333333,aspect_ratio(z=+4.4)
209/be_009tg_2_397.jpg,209,21,12,749,133.53571428571428,aspect_ratio(z=+4.9)
209/be_009tg_2_412.jpg,209,18,12,689,133.44444444444446,aspect_ratio(z=+3.6)
209/be_009tg_2_413.jpg,209,18,12,682,128.71759259259258,aspect_ratio(z=+3.6)
209/be_009tg_2_431.jpg,209,21,11,735,128.07792207792207,aspect_ratio(z=+5.7)
209/be_009tg_2_438.jpg,209,20,11,681,125.24545454545456,aspect_ratio(z=+5.2)
209/be_009tg_2_439.jpg,209,21,12,743,136.54761904761904,aspect_ratio(z=+4.9)
209/be_009tg_2_58.jpg,209,21,11,741,126.96103896103897,aspect_ratio(z=+5.7)
209/be_009tg_2_73.jpg,209,17,11,622,128.1283422459893,aspect_ratio(z=+3.8)
209/be_009tg_2_82.jpg,209,20,12,742,136.97916666666666,aspect_ratio(z=+4.4)
209/be_009tg_2_83.jpg,209,20,12,741,130.66666666666666,aspect_ratio(z=+4.4)
209/be_009tg_4_127.jpg,209,20,11,677,129.78636363636363,aspect_ratio(z=+5.2)
209/be_009tg_4_145.jpg,209,21,12,755,129.484126984127,aspect_ratio(z=+4.9)
209/be_009tg_4_148.jpg,209,21,11,732,123.61904761904762,aspect_ratio(z=+5.7)
209/be_009tg_4_168.jpg,209,21,11,726,126.9090909090909,aspect_ratio(z=+5.7)
209/be_009tg_4_178.jpg,209,20,12,740,133.925,aspect_ratio(z=+4.4)
209/be_009tg_4_179.jpg,209,20,12,741,129.62916666666666,aspect_ratio(z=+4.4)
209/be_009tg_4_199.jpg,209,21,12,750,136.515873015873,aspect_ratio(z=+4.9)
209/be_009tg_4_252.jpg,209,21,12,740,132.49603174603175,aspect_ratio(z=+4.9)
209/be_009tg_4_253.jpg,209,21,11,740,128.03463203463204,aspect_ratio(z=+5.7)
209/be_009tg_4_264.jpg,209,21,12,749,136.56349206349208,aspect_ratio(z=+4.9)
209/be_009tg_4_291.jpg,209,20,12,735,134.9375,aspect_ratio(z=+4.4)
209/be_009tg_4_292.jpg,209,20,12,735,131.775,aspect_ratio(z=+4.4)
209/be_009tg_4_296.jpg,209,20,12,702,135.92083333333332,aspect_ratio(z=+4.4)
209/be_009tg_4_297.jpg,209,20,11,684,122.95,aspect_ratio(z=+5.2)
209/be_009tg_4_302.jpg,209,21,12,741,133.43650793650792,aspect_ratio(z=+4.9)
209/be_009tg_4_305.jpg,209,21,11,736,128.01298701298705,aspect_ratio(z=+5.7)
209/be_009tg_4_335.jpg,209,21,11,734,125.77489177489176,aspect_ratio(z=+5.7)
209/be_009tg_4_354.jpg,209,20,12,694,135.92083333333332,aspect_ratio(z=+4.4)
209/be_009tg_4_377.jpg,209,21,11,737,128.03463203463204,aspect_ratio(z=+5.7)
209/be_009tg_4_404.jpg,209,18,12,687,134.52314814814815,aspect_ratio(z=+3.6)
209/be_009tg_4_5.jpg,209,21,11,725,126.9004329004329,aspect_ratio(z=+5.7)
209/be_009tg_4_53.jpg,209,21,11,734,130.24675324675326,aspect_ratio(z=+5.7)
209/be_011sg_1_128.jpg,209,12,7,483,124.5,aspect_ratio(z=+4.7)
209/be_011sg_1_141.jpg,209,11,7,472,106.06493506493509,aspect_ratio(z=+4.0)
209/be_011sg_1_159.jpg,209,12,7,482,109.51190476190476,aspect_ratio(z=+4.7)
209/be_011sg_1_199.jpg,209,12,7,473,109.51190476190476,aspect_ratio(z=+4.7)
209/be_011sg_1_206.jpg,209,12,7,480,112.29761904761904,aspect_ratio(z=+4.7)
209/be_011sg_1_220.jpg,209,13,7,478,123.32967032967034,aspect_ratio(z=+5.4)
209/be_011sg_1_249.jpg,209,12,7,477,115.41666666666669,aspect_ratio(z=+4.7)
209/be_011sg_1_279.jpg,209,12,7,478,121.60714285714286,aspect_ratio(z=+4.7)
209/be_011sg_1_30.jpg,209,13,7,481,123.1978021978022,aspect_ratio(z=+5.4)
209/be_011sg_1_307.jpg,209,12,7,483,115.39285714285714,aspect_ratio(z=+4.7)
209/be_011sg_1_308.jpg,209,12,7,477,112.54761904761904,aspect_ratio(z=+4.7)
209/be_011sg_1_327.jpg,209,12,7,482,115.33333333333331,aspect_ratio(z=+4.7)
209/be_011sg_1_328.jpg,209,12,7,476,124.4404761904762,aspect_ratio(z=+4.7)
209/be_011sg_1_350.jpg,209,12,7,479,115.46428571428572,aspect_ratio(z=+4.7)
209/be_011sg_1_351.jpg,209,12,7,481,118.36904761904762,aspect_ratio(z=+4.7)
209/be_011sg_1_36.jpg,209,12,7,476,109.47619047619048,aspect_ratio(z=+4.7)
209/be_011sg_1_366.jpg,209,11,7,480,102.8051948051948,aspect_ratio(z=+4.0)
209/be_011sg_1_37.jpg,209,12,7,482,118.4047619047619,aspect_ratio(z=+4.7)
209/be_011sg_1_437.jpg,209,13,7,488,126.10989010989012,aspect_ratio(z=+5.4)
209/be_011sg_1_438.jpg,209,12,7,480,118.3452380952381,aspect_ratio(z=+4.7)
209/be_011sg_1_460.jpg,209,12,7,480,112.29761904761904,aspect_ratio(z=+4.7)
209/be_011sg_1_462.jpg,209,12,7,480,109.32142857142856,aspect_ratio(z=+4.7)
209/be_011sg_1_476.jpg,209,12,7,476,115.33333333333331,aspect_ratio(z=+4.7)
209/be_011sg_1_69.jpg,209,12,7,478,121.46428571428572,aspect_ratio(z=+4.7)
209/be_011sg_1_7.jpg,209,11,7,473,96.22077922077922,aspect_ratio(z=+4.0)
209/be_011sg_1_70.jpg,209,12,7,480,124.5595238095238,aspect_ratio(z=+4.7)
209/be_011sg_2_126.jpg,209,12,7,476,118.38095238095238,aspect_ratio(z=+4.7)
209/be_011sg_2_14.jpg,209,16,8,480,135.515625,aspect_ratio(z=+6.1)
209/be_011sg_2_175.jpg,209,12,7,478,115.4404761904762,aspect_ratio(z=+4.7)
209/be_011sg_2_176.jpg,209,12,7,477,115.39285714285714,aspect_ratio(z=+4.7)
209/be_011sg_2_180.jpg,209,12,8,483,140.80208333333334,aspect_ratio(z=+3.6)
209/be_011sg_2_196.jpg,209,12,7,485,121.28571428571428,aspect_ratio(z=+4.7)
209/be_011sg_2_197.jpg,209,11,7,476,125.9090909090909,aspect_ratio(z=+4.0)
209/be_011sg_2_250.jpg,209,13,7,476,120.54945054945055,aspect_ratio(z=+5.4)
209/be_011sg_2_294.jpg,209,12,7,480,130.57142857142858,aspect_ratio(z=+4.7)
209/be_011sg_2_295.jpg,209,11,7,475,112.72727272727272,aspect_ratio(z=+4.0)
209/be_011sg_2_372.jpg,209,13,7,478,123.34065934065934,aspect_ratio(z=+5.4)
209/be_011sg_2_424.jpg,209,15,8,476,135.93333333333334,aspect_ratio(z=+5.5)
209/be_011sg_2_430.jpg,209,13,7,488,128.86813186813183,aspect_ratio(z=+5.4)
209/be_011sg_2_436.jpg,209,13,7,483,123.25274725274726,aspect_ratio(z=+5.4)
209/be_011sg_2_69.jpg,209,13,7,486,134.52747252747253,aspect_ratio(z=+5.4)
209/be_011sg_2_70.jpg,209,12,7,478,121.42857142857144,aspect_ratio(z=+4.7)
209/be_011sg_3_21.jpg,209,22,12,742,139.97348484848484,aspect_ratio(z=+5.3)
209/be_011sg_3_28.jpg,209,19,10,665,128.82105263157894,aspect_ratio(z=+5.6)
209/be_011sg_4_110.jpg,209,13,7,485,126.1978021978022,aspect_ratio(z=+5.4)
209/be_011sg_4_111.jpg,209,13,7,481,126.12087912087912,aspect_ratio(z=+5.4)
209/be_011sg_4_122.jpg,209,13,7,483,123.35164835164836,aspect_ratio(z=+5.4)
209/be_011sg_4_46.jpg,209,12,7,480,112.33333333333331,aspect_ratio(z=+4.7)
209/be_011sg_4_5.jpg,209,13,7,479,123.2087912087912,aspect_ratio(z=+5.4)
209/be_011sg_4_79.jpg,209,12,7,477,115.3452380952381,aspect_ratio(z=+4.7)
209/be_011sg_5_110.jpg,209,12,7,479,124.47619047619048,aspect_ratio(z=+4.7)
209/be_011sg_5_131.jpg,209,13,7,480,117.64835164835164,aspect_ratio(z=+5.4)
209/be_011sg_5_144.jpg,209,12,7,476,115.33333333333331,aspect_ratio(z=+4.7)
209/be_011sg_5_145.jpg,209,12,7,483,118.42857142857144,aspect_ratio(z=+4.7)
209/be_011sg_5_156.jpg,209,13,7,479,126.15384615384616,aspect_ratio(z=+5.4)
209/be_011sg_5_177.jpg,209,12,7,484,115.48809523809524,aspect_ratio(z=+4.7)
209/be_011sg_5_181.jpg,209,12,7,482,109.33333333333331,aspect_ratio(z=+4.7)
209/be_011sg_5_188.jpg,209,12,7,480,115.41666666666669,aspect_ratio(z=+4.7)
209/be_011sg_5_196.jpg,209,13,7,480,117.82417582417582,aspect_ratio(z=+5.4)
209/be_011sg_5_208.jpg,209,12,7,478,118.45238095238096,aspect_ratio(z=+4.7)
209/be_011sg_5_231.jpg,209,12,7,472,115.46428571428572,aspect_ratio(z=+4.7)
209/be_011sg_5_232.jpg,209,12,7,481,112.42857142857144,aspect_ratio(z=+4.7)
209/be_011sg_5_5.jpg,209,15,8,482,136.0,aspect_ratio(z=+5.5)
209/be_011sg_5_62.jpg,209,12,7,479,109.35714285714286,aspect_ratio(z=+4.7)
209/be_011sg_5_77.jpg,209,13,7,478,123.31868131868131,aspect_ratio(z=+5.4)
209/be_011sg_5_78.jpg,209,12,7,480,118.42857142857144,aspect_ratio(z=+4.7)
209/be_011sg_5_80.jpg,209,12,7,486,118.60714285714286,aspect_ratio(z=+4.7)
209/be_011sg_5_81.jpg,209,12,7,479,112.45238095238096,aspect_ratio(z=+4.7)
209/be_011sg_5_85.jpg,209,12,7,476,106.39285714285714,aspect_ratio(z=+4.7)
209/be_011sg_6_101.jpg,209,12,7,483,118.5952380952381,aspect_ratio(z=+4.7)
209/be_011sg_6_102.jpg,209,12,7,478,115.45238095238096,aspect_ratio(z=+4.7)
209/be_011sg_6_118.jpg,209,12,7,474,109.39285714285714,aspect_ratio(z=+4.7)
209/be_011sg_6_119.jpg,209,12,7,484,115.48809523809524,aspect_ratio(z=+4.7)
209/be_011sg_6_140.jpg,209,12,7,483,115.5,aspect_ratio(z=+4.7)
209/be_011sg_6_143.jpg,209,12,7,482,109.42857142857144,aspect_ratio(z=+4.7)
209/be_011sg_6_144.jpg,209,12,7,482,124.57142857142856,aspect_ratio(z=+4.7)
209/be_011sg_6_160.jpg,209,13,8,484,137.20192307692307,aspect_ratio(z=+4.2)
209/be_011sg_6_180.jpg,209,12,7,481,103.46428571428572,aspect_ratio(z=+4.7)
209/be_011sg_6_191.jpg,209,12,7,481,106.42857142857144,aspect_ratio(z=+4.7)
209/be_011sg_6_2.jpg,209,15,8,487,136.10833333333332,aspect_ratio(z=+5.5)
209/be_011sg_6_206.jpg,209,12,7,478,130.45238095238096,aspect_ratio(z=+4.7)
209/be_011sg_6_207.jpg,209,12,7,479,121.36904761904762,aspect_ratio(z=+4.7)
209/be_011sg_6_238.jpg,209,12,7,481,109.5,aspect_ratio(z=+4.7)
209/be_011sg_6_50.jpg,209,12,7,481,106.47619047619048,aspect_ratio(z=+4.7)
209/be_011sg_6_78.jpg,209,12,7,480,106.3095238095238,aspect_ratio(z=+4.7)
209/be_011sg_7_3.jpg,209,11,5,467,97.6,aspect_ratio(z=+7.1)
209/be_011sg_7_41.jpg,209,9,6,431,118.05555555555556,aspect_ratio(z=+3.6)
209/be_011sg_7_45.jpg,209,11,5,472,106.7090909090909,aspect_ratio(z=+7.1)
209/be_011tg_2_301.jpg,209,20,11,688,125.26363636363637,aspect_ratio(z=+5.2)
209/be_011tg_4_267.jpg,209,21,12,756,138.4801587301587,aspect_ratio(z=+4.9)
209/be_011tg_4_268.jpg,209,21,11,736,131.33333333333334,aspect_ratio(z=+5.7)
209/be_011tg_4_310.jpg,209,20,12,736,131.60833333333332,aspect_ratio(z=+4.4)
209/be_011tg_4_311.jpg,209,20,11,681,125.1818181818182,aspect_ratio(z=+5.2)
209/be_011tg_4_354.jpg,209,20,12,744,131.72083333333333,aspect_ratio(z=+4.4)
209/be_011tg_4_374.jpg,209,21,11,741,125.83982683982684,aspect_ratio(z=+5.7)
209/be_011tg_4_58.jpg,209,20,11,680,125.20454545454544,aspect_ratio(z=+5.2)
209/be_011tg_4_76.jpg,209,21,12,748,135.60714285714286,aspect_ratio(z=+4.9)
209/be_011tg_4_79.jpg,209,20,12,690,130.75,aspect_ratio(z=+4.4)
209/be_011tg_4_95.jpg,209,21,12,744,131.53968253968253,aspect_ratio(z=+4.9)
209/be_011tg_5_137.jpg,209,21,12,745,134.51190476190476,aspect_ratio(z=+4.9)
209/be_011tg_5_138.jpg,209,21,12,754,139.52777777777777,aspect_ratio(z=+4.9)
209/be_011tg_5_148.jpg,209,20,12,738,130.67916666666667,aspect_ratio(z=+4.4)
209/be_011tg_5_188.jpg,209,20,11,681,125.19090909090907,aspect_ratio(z=+5.2)
209/be_011tg_5_189.jpg,209,20,11,681,121.7090909090909,aspect_ratio(z=+5.2)
209/be_011tg_5_20.jpg,209,20,11,691,121.84545454545454,aspect_ratio(z=+5.2)
209/be_011tg_5_21.jpg,209,20,12,739,131.69166666666666,aspect_ratio(z=+4.4)
209/be_011tg_5_223.jpg,209,21,12,749,134.5952380952381,aspect_ratio(z=+4.9)
209/be_011tg_5_476.jpg,209,20,12,738,126.37083333333334,aspect_ratio(z=+4.4)
209/be_011tg_5_68.jpg,209,21,12,748,133.45238095238096,aspect_ratio(z=+4.9)
209/be_011tg_5_90.jpg,209,21,11,687,128.07792207792207,aspect_ratio(z=+5.7)
209/be_011tg_5_91.jpg,209,20,12,743,131.67916666666667,aspect_ratio(z=+4.4)
209/be_011tg_6_101.jpg,209,21,11,729,130.23376623376623,aspect_ratio(z=+5.7)
209/be_011tg_6_102.jpg,209,20,12,744,131.7625,aspect_ratio(z=+4.4)
209/be_011tg_6_146.jpg,209,21,12,741,129.4920634920635,aspect_ratio(z=+4.9)
209/be_011tg_6_166.jpg,209,21,11,733,126.94805194805195,aspect_ratio(z=+5.7)
209/be_011tg_6_177.jpg,209,21,12,743,134.53571428571428,aspect_ratio(z=+4.9)
209/be_011tg_6_178.jpg,209,21,11,686,126.94372294372296,aspect_ratio(z=+5.7)
209/be_011tg_6_212.jpg,209,20,12,741,132.71666666666667,aspect_ratio(z=+4.4)
209/be_011tg_6_74.jpg,209,20,13,678,135.39615384615385,aspect_ratio(z=+3.8)
209/be_011tg_6_95.jpg,209,21,12,747,136.52380952380952,aspect_ratio(z=+4.9)
209/be_012sg_3_118.jpg,209,13,7,480,117.67032967032966,aspect_ratio(z=+5.4)
209/be_012sg_3_122.jpg,209,13,7,476,126.07692307692308,aspect_ratio(z=+5.4)
209/be_012sg_3_123.jpg,209,12,7,480,130.36904761904762,aspect_ratio(z=+4.7)
209/be_012sg_3_14.jpg,209,12,7,480,109.25,aspect_ratio(z=+4.7)
209/be_012sg_3_144.jpg,209,13,7,487,128.9010989010989,aspect_ratio(z=+5.4)
209/be_012sg_3_145.jpg,209,12,7,478,115.4404761904762,aspect_ratio(z=+4.7)
209/be_012sg_3_168.jpg,209,12,7,477,118.4404761904762,aspect_ratio(z=+4.7)
209/be_012sg_3_169.jpg,209,12,7,479,115.45238095238096,aspect_ratio(z=+4.7)
209/be_012sg_3_207.jpg,209,13,7,476,112.2967032967033,aspect_ratio(z=+5.4)
209/be_012sg_3_233.jpg,209,12,7,478,115.4404761904762,aspect_ratio(z=+4.7)
209/be_012sg_3_262.jpg,209,11,7,474,109.28571428571428,aspect_ratio(z=+4.0)
209/be_012sg_3_283.jpg,209,12,7,477,115.42857142857144,aspect_ratio(z=+4.7)
209/be_012sg_3_31.jpg,209,12,7,477,115.39285714285714,aspect_ratio(z=+4.7)
209/be_012sg_3_354.jpg,209,12,7,474,115.51190476190476,aspect_ratio(z=+4.7)
209/be_012sg_3_368.jpg,209,12,7,476,103.42857142857144,aspect_ratio(z=+4.7)
209/be_012sg_3_369.jpg,209,12,7,480,112.48809523809524,aspect_ratio(z=+4.7)
209/be_012sg_3_386.jpg,209,12,7,482,115.4404761904762,aspect_ratio(z=+4.7)
209/be_012sg_3_403.jpg,209,12,7,480,115.42857142857144,aspect_ratio(z=+4.7)
209/be_012sg_3_411.jpg,209,12,8,484,138.0625,aspect_ratio(z=+3.6)
209/be_012sg_3_431.jpg,209,13,7,479,114.89010989010988,aspect_ratio(z=+5.4)
209/be_012sg_3_432.jpg,209,13,7,484,131.69230769230768,aspect_ratio(z=+5.4)
209/be_012sg_3_66.jpg,209,12,7,475,112.33333333333331,aspect_ratio(z=+4.7)
209/be_012sg_3_69.jpg,209,12,7,479,118.41666666666669,aspect_ratio(z=+4.7)
209/be_012sg_3_70.jpg,209,12,7,484,115.53571428571428,aspect_ratio(z=+4.7)
209/be_012sg_4_114.jpg,209,12,7,483,115.4404761904762,aspect_ratio(z=+4.7)
209/be_012sg_4_127.jpg,209,12,7,481,109.5952380952381,aspect_ratio(z=+4.7)
209/be_012sg_4_128.jpg,209,12,7,477,121.4404761904762,aspect_ratio(z=+4.7)
209/be_012sg_4_172.jpg,209,12,7,483,112.48809523809524,aspect_ratio(z=+4.7)
209/be_012sg_4_173.jpg,209,12,7,478,118.45238095238096,aspect_ratio(z=+4.7)
209/be_012sg_4_298.jpg,209,12,8,476,132.73958333333334,aspect_ratio(z=+3.6)
209/be_012sg_4_311.jpg,209,13,7,479,120.48351648351648,aspect_ratio(z=+5.4)
209/be_012sg_4_312.jpg,209,13,7,487,131.62637362637363,aspect_ratio(z=+5.4)
209/be_012sg_4_321.jpg,209,12,7,477,118.4047619047619,aspect_ratio(z=+4.7)
209/be_012sg_4_322.jpg,209,12,7,473,127.48809523809524,aspect_ratio(z=+4.7)
209/be_012sg_4_336.jpg,209,12,7,477,121.36904761904762,aspect_ratio(z=+4.7)
209/be_012sg_4_363.jpg,209,15,7,483,124.0,aspect_ratio(z=+6.8)
209/be_012sg_4_443.jpg,209,12,7,482,121.52380952380952,aspect_ratio(z=+4.7)
209/be_012sg_4_475.jpg,209,12,7,480,118.47619047619048,aspect_ratio(z=+4.7)
209/be_012sg_4_476.jpg,209,12,7,477,121.4047619047619,aspect_ratio(z=+4.7)
209/be_012sg_4_478.jpg,209,13,7,479,125.97802197802196,aspect_ratio(z=+5.4)
209/be_012sg_4_490.jpg,209,12,7,474,121.48809523809524,aspect_ratio(z=+4.7)
209/be_012sg_4_82.jpg,209,12,7,477,115.36904761904762,aspect_ratio(z=+4.7)
209/be_012sg_4_83.jpg,209,12,7,480,124.38095238095238,aspect_ratio(z=+4.7)
209/be_012tg_3_120.jpg,209,18,11,686,124.93939393939394,aspect_ratio(z=+4.3)
209/be_012tg_3_124.jpg,209,18,11,678,126.20707070707071,aspect_ratio(z=+4.3)
209/be_012tg_3_125.jpg,209,18,10,671,124.8,aspect_ratio(z=+5.1)
209/be_012tg_3_14.jpg,209,19,11,686,136.65071770334927,aspect_ratio(z=+4.7)
209/be_012tg_3_146.jpg,209,18,10,671,117.71111111111112,aspect_ratio(z=+5.1)
209/be_012tg_3_209.jpg,209,19,11,688,135.38277511961724,aspect_ratio(z=+4.7)
209/be_012tg_3_236.jpg,209,18,10,670,124.67777777777778,aspect_ratio(z=+5.1)
209/be_012tg_3_286.jpg,209,19,11,690,137.85167464114832,aspect_ratio(z=+4.7)
209/be_012tg_3_31.jpg,209,18,11,679,137.7020202020202,aspect_ratio(z=+4.3)
209/be_012tg_3_359.jpg,209,18,10,666,114.89444444444445,aspect_ratio(z=+5.1)
209/be_012tg_3_374.jpg,209,19,11,686,135.3732057416268,aspect_ratio(z=+4.7)
209/be_012tg_3_391.jpg,209,17,11,642,132.14973262032086,aspect_ratio(z=+3.8)
209/be_012tg_3_408.jpg,209,19,10,679,130.21052631578948,aspect_ratio(z=+5.6)
209/be_012tg_3_416.jpg,209,18,10,667,124.6,aspect_ratio(z=+5.1)
209/be_012tg_3_437.jpg,209,18,10,670,123.35555555555555,aspect_ratio(z=+5.1)
209/be_012tg_3_68.jpg,209,19,11,684,135.4688995215311,aspect_ratio(z=+4.7)
209/be_012tg_3_71.jpg,209,18,10,665,123.24444444444444,aspect_ratio(z=+5.1)
209/be_012tg_4_114.jpg,209,19,11,689,134.0909090909091,aspect_ratio(z=+4.7)
209/be_012tg_4_128.jpg,209,18,11,690,131.36868686868686,aspect_ratio(z=+4.3)
209/be_012tg_4_173.jpg,209,18,11,676,133.8989898989899,aspect_ratio(z=+4.3)
209/be_012tg_4_304.jpg,209,18,11,683,135.1818181818182,aspect_ratio(z=+4.3)
209/be_012tg_4_317.jpg,209,18,10,676,119.03888888888888,aspect_ratio(z=+5.1)
209/be_012tg_4_327.jpg,209,18,11,686,131.35353535353536,aspect_ratio(z=+4.3)
209/be_012tg_4_328.jpg,209,18,10,675,123.27777777777776,aspect_ratio(z=+5.1)
209/be_012tg_4_342.jpg,209,18,11,679,133.85858585858583,aspect_ratio(z=+4.3)
209/be_012tg_4_369.jpg,209,22,12,747,153.39772727272728,aspect_ratio(z=+5.3)
209/be_012tg_4_459.jpg,209,18,11,692,135.1818181818182,aspect_ratio(z=+4.3)
209/be_013sg_1_102.jpg,209,12,7,481,115.4047619047619,aspect_ratio(z=+4.7)
209/be_013sg_1_105.jpg,209,13,7,482,131.6153846153846,aspect_ratio(z=+5.4)
209/be_013sg_1_123.jpg,209,13,7,483,131.67032967032966,aspect_ratio(z=+5.4)
209/be_013sg_1_124.jpg,209,13,7,479,126.15384615384616,aspect_ratio(z=+5.4)
209/be_013sg_1_166.jpg,209,15,8,482,117.09166666666668,aspect_ratio(z=+5.5)
209/be_013sg_1_169.jpg,209,16,8,478,133.5234375,aspect_ratio(z=+6.1)
209/be_013sg_1_223.jpg,209,12,8,485,140.67708333333334,aspect_ratio(z=+3.6)
209/be_013sg_1_247.jpg,209,12,7,483,118.53571428571428,aspect_ratio(z=+4.7)
209/be_013sg_1_248.jpg,209,12,7,484,130.64285714285714,aspect_ratio(z=+4.7)
209/be_013sg_1_274.jpg,209,13,7,486,137.30769230769232,aspect_ratio(z=+5.4)
209/be_013sg_1_275.jpg,209,12,7,481,118.51190476190476,aspect_ratio(z=+4.7)
209/be_013sg_1_314.jpg,209,11,7,475,112.74025974025976,aspect_ratio(z=+4.0)
209/be_013sg_1_315.jpg,209,11,7,476,115.97402597402598,aspect_ratio(z=+4.0)
209/be_013sg_1_356.jpg,209,12,7,483,118.41666666666669,aspect_ratio(z=+4.7)
209/be_013sg_1_372.jpg,209,13,7,481,128.93406593406593,aspect_ratio(z=+5.4)
209/be_013sg_1_373.jpg,209,13,7,476,128.8021978021978,aspect_ratio(z=+5.4)
209/be_013sg_1_378.jpg,209,13,7,481,126.23076923076924,aspect_ratio(z=+5.4)
209/be_013sg_1_379.jpg,209,13,7,478,123.28571428571428,aspect_ratio(z=+5.4)
209/be_013sg_1_405.jpg,209,11,7,469,129.12987012987014,aspect_ratio(z=+4.0)
209/be_013sg_1_440.jpg,209,13,7,481,120.5934065934066,aspect_ratio(z=+5.4)
209/be_013sg_1_50.jpg,209,12,7,481,130.52380952380952,aspect_ratio(z=+4.7)
209/be_013sg_1_6.jpg,209,11,7,474,116.06493506493509,aspect_ratio(z=+4.0)
209/be_013sg_1_7.jpg,209,11,7,476,125.8181818181818,aspect_ratio(z=+4.0)
209/be_013sg_2_107.jpg,209,12,7,478,112.48809523809524,aspect_ratio(z=+4.7)
209/be_013sg_2_136.jpg,209,13,7,476,117.74725274725274,aspect_ratio(z=+5.4)
209/be_013sg_2_137.jpg,209,14,7,478,122.3061224489796,aspect_ratio(z=+6.1)
209/be_013sg_2_176.jpg,209,12,7,477,127.54761904761904,aspect_ratio(z=+4.7)
209/be_013sg_2_177.jpg,209,12,7,487,124.4404761904762,aspect_ratio(z=+4.7)
209/be_013sg_2_189.jpg,209,12,8,481,135.33333333333334,aspect_ratio(z=+3.6)
209/be_013sg_2_205.jpg,209,13,7,480,114.87912087912088,aspect_ratio(z=+5.4)
209/be_013sg_2_208.jpg,209,12,7,477,115.57142857142856,aspect_ratio(z=+4.7)
209/be_013sg_2_209.jpg,209,12,7,477,115.4404761904762,aspect_ratio(z=+4.7)
209/be_013sg_2_244.jpg,209,12,7,479,118.45238095238096,aspect_ratio(z=+4.7)
209/be_013sg_2_245.jpg,209,12,7,481,109.4047619047619,aspect_ratio(z=+4.7)
209/be_013sg_2_285.jpg,209,12,7,483,118.4047619047619,aspect_ratio(z=+4.7)
209/be_013sg_2_286.jpg,209,12,7,477,118.47619047619048,aspect_ratio(z=+4.7)
209/be_013sg_2_303.jpg,209,12,7,479,112.60714285714286,aspect_ratio(z=+4.7)
209/be_013sg_2_318.jpg,209,12,7,476,109.36904761904762,aspect_ratio(z=+4.7)
209/be_013sg_2_355.jpg,209,15,8,484,133.85,aspect_ratio(z=+5.5)
209/be_013sg_2_360.jpg,209,13,7,483,123.35164835164836,aspect_ratio(z=+5.4)
209/be_013sg_2_367.jpg,209,16,8,481,133.421875,aspect_ratio(z=+6.1)
209/be_013sg_2_394.jpg,209,11,7,476,122.36363636363636,aspect_ratio(z=+4.0)
209/be_013sg_2_407.jpg,209,12,7,474,112.45238095238096,aspect_ratio(z=+4.7)
209/be_013sg_2_408.jpg,209,12,7,474,115.39285714285714,aspect_ratio(z=+4.7)
209/be_013sg_2_421.jpg,209,12,7,473,115.48809523809524,aspect_ratio(z=+4.7)
209/be_013sg_2_422.jpg,209,12,7,481,112.39285714285714,aspect_ratio(z=+4.7)
209/be_013sg_2_448.jpg,209,12,7,484,124.29761904761904,aspect_ratio(z=+4.7)
209/be_013sg_2_450.jpg,209,12,7,476,112.58333333333331,aspect_ratio(z=+4.7)
209/be_013sg_2_461.jpg,209,13,7,473,120.47252747252747,aspect_ratio(z=+5.4)
209/be_013sg_2_472.jpg,209,12,7,482,112.29761904761904,aspect_ratio(z=+4.7)
209/be_013sg_2_6.jpg,209,11,7,480,102.8051948051948,aspect_ratio(z=+4.0)
209/be_013sg_3_25.jpg,209,23,12,740,147.7427536231884,aspect_ratio(z=+5.7)
209/be_013sg_3_28.jpg,209,22,11,732,130.60330578512398,aspect_ratio(z=+6.1)
209/be_013sg_5_104.jpg,209,12,7,483,118.33333333333331,aspect_ratio(z=+4.7)
209/be_013sg_5_130.jpg,209,12,7,477,106.3452380952381,aspect_ratio(z=+4.7)
209/be_013sg_5_133.jpg,209,12,7,480,109.32142857142856,aspect_ratio(z=+4.7)
209/be_013sg_5_21.jpg,209,13,7,480,123.28571428571428,aspect_ratio(z=+5.4)
209/be_013sg_5_22.jpg,209,13,7,479,126.0989010989011,aspect_ratio(z=+5.4)
209/be_013sg_5_82.jpg,209,13,7,481,126.03296703296704,aspect_ratio(z=+5.4)
209/be_013sg_5_83.jpg,209,12,7,477,115.5,aspect_ratio(z=+4.7)
209/be_013sg_5_99.jpg,209,11,7,486,122.58441558441558,aspect_ratio(z=+4.0)
209/be_013sg_6_127.jpg,209,12,7,477,112.3095238095238,aspect_ratio(z=+4.7)
209/be_013sg_6_128.jpg,209,12,7,484,118.4404761904762,aspect_ratio(z=+4.7)
209/be_013sg_6_135.jpg,209,12,7,477,112.61904761904762,aspect_ratio(z=+4.7)
209/be_013sg_6_154.jpg,209,12,7,478,106.58333333333331,aspect_ratio(z=+4.7)
209/be_013sg_6_165.jpg,209,13,7,483,120.6153846153846,aspect_ratio(z=+5.4)
209/be_013sg_6_173.jpg,209,12,7,483,118.4047619047619,aspect_ratio(z=+4.7)
209/be_013sg_6_213.jpg,209,13,7,482,134.32967032967034,aspect_ratio(z=+5.4)
209/be_013sg_6_216.jpg,209,13,7,481,134.4835164835165,aspect_ratio(z=+5.4)
209/be_013sg_6_220.jpg,209,12,7,476,115.41666666666669,aspect_ratio(z=+4.7)
209/be_013sg_6_232.jpg,209,13,7,485,112.18681318681318,aspect_ratio(z=+5.4)
209/be_013sg_6_233.jpg,209,13,7,482,117.85714285714286,aspect_ratio(z=+5.4)
209/be_013sg_6_254.jpg,209,12,7,475,112.33333333333331,aspect_ratio(z=+4.7)
209/be_013sg_6_255.jpg,209,12,7,476,115.41666666666669,aspect_ratio(z=+4.7)
209/be_013sg_6_273.jpg,209,12,7,476,115.33333333333331,aspect_ratio(z=+4.7)
209/be_013sg_6_274.jpg,209,12,7,478,118.38095238095238,aspect_ratio(z=+4.7)
209/be_013sg_6_50.jpg,209,13,7,474,117.65934065934066,aspect_ratio(z=+5.4)
209/be_013sg_7_3.jpg,209,12,5,472,106.41666666666669,aspect_ratio(z=+8.1)
209/be_013sg_7_55.jpg,209,11,6,479,119.6969696969697,aspect_ratio(z=+5.3)
209/be_013tg_1_103.jpg,209,19,11,689,140.2153110047847,aspect_ratio(z=+4.7)
209/be_013tg_1_106.jpg,209,19,10,659,131.5157894736842,aspect_ratio(z=+5.6)
209/be_013tg_1_124.jpg,209,18,10,669,124.62777777777778,aspect_ratio(z=+5.1)
209/be_013tg_1_125.jpg,209,18,10,675,130.4,aspect_ratio(z=+5.1)
209/be_013tg_1_167.jpg,209,23,12,741,141.31159420289856,aspect_ratio(z=+5.7)
209/be_013tg_1_170.jpg,209,23,12,742,138.5144927536232,aspect_ratio(z=+5.7)
209/be_013tg_1_225.jpg,209,17,10,638,132.05882352941177,aspect_ratio(z=+4.6)
209/be_013tg_1_249.jpg,209,18,10,673,127.50555555555556,aspect_ratio(z=+5.1)
209/be_013tg_1_250.jpg,209,18,10,673,123.32777777777778,aspect_ratio(z=+5.1)
209/be_013tg_1_263.jpg,209,15,10,603,124.14666666666666,aspect_ratio(z=+3.6)
209/be_013tg_1_276.jpg,209,18,10,666,123.37222222222222,aspect_ratio(z=+5.1)
209/be_013tg_1_277.jpg,209,18,10,671,127.58333333333331,aspect_ratio(z=+5.1)
209/be_013tg_1_315.jpg,209,17,10,632,127.52352941176471,aspect_ratio(z=+4.6)
209/be_013tg_1_359.jpg,209,18,11,682,137.75252525252526,aspect_ratio(z=+4.3)
209/be_013tg_1_375.jpg,209,19,10,673,124.79473684210528,aspect_ratio(z=+5.6)
209/be_013tg_1_381.jpg,209,19,10,669,130.06315789473683,aspect_ratio(z=+5.6)
209/be_013tg_1_382.jpg,209,19,10,678,126.17894736842103,aspect_ratio(z=+5.6)
209/be_013tg_1_409.jpg,209,17,11,629,137.75401069518716,aspect_ratio(z=+3.8)
209/be_013tg_1_51.jpg,209,17,10,638,121.56470588235294,aspect_ratio(z=+4.6)
209/be_013tg_1_6.jpg,209,16,10,606,124.35,aspect_ratio(z=+4.1)
209/be_013tg_2_110.jpg,209,19,11,688,137.83732057416267,aspect_ratio(z=+4.7)
209/be_013tg_2_139.jpg,209,20,11,691,130.92727272727274,aspect_ratio(z=+5.2)
209/be_013tg_2_140.jpg,209,19,11,688,128.11004784688996,aspect_ratio(z=+4.7)
209/be_013tg_2_181.jpg,209,17,10,623,121.51176470588236,aspect_ratio(z=+4.6)
209/be_013tg_2_194.jpg,209,18,10,674,130.35555555555555,aspect_ratio(z=+5.1)
209/be_013tg_2_210.jpg,209,19,10,676,131.36315789473684,aspect_ratio(z=+5.6)
209/be_013tg_2_213.jpg,209,19,10,667,131.48947368421054,aspect_ratio(z=+5.6)
209/be_013tg_2_249.jpg,209,19,10,677,132.83157894736843,aspect_ratio(z=+5.6)
209/be_013tg_2_250.jpg,209,18,10,668,126.17777777777778,aspect_ratio(z=+5.1)
209/be_013tg_2_289.jpg,209,19,10,675,127.48947368421052,aspect_ratio(z=+5.6)
209/be_013tg_2_290.jpg,209,19,10,659,128.90526315789472,aspect_ratio(z=+5.6)
209/be_013tg_2_307.jpg,209,19,10,676,126.17368421052632,aspect_ratio(z=+5.6)
209/be_013tg_2_308.jpg,209,18,10,662,124.63333333333334,aspect_ratio(z=+5.1)
209/be_013tg_2_322.jpg,209,18,11,679,141.57070707070707,aspect_ratio(z=+4.3)
209/be_013tg_2_360.jpg,209,22,12,736,141.87878787878788,aspect_ratio(z=+5.3)
209/be_013tg_2_365.jpg,209,20,10,675,127.465,aspect_ratio(z=+6.1)
209/be_013tg_2_366.jpg,209,20,11,692,133.29545454545453,aspect_ratio(z=+5.2)
209/be_013tg_2_372.jpg,209,23,12,744,134.81159420289856,aspect_ratio(z=+5.7)
209/be_013tg_2_414.jpg,209,19,10,679,128.8578947368421,aspect_ratio(z=+5.6)
209/be_013tg_2_429.jpg,209,19,11,689,140.23444976076556,aspect_ratio(z=+4.7)
209/be_013tg_2_452.jpg,209,17,10,631,123.02941176470588,aspect_ratio(z=+4.6)
209/be_013tg_2_453.jpg,209,17,10,629,123.01176470588236,aspect_ratio(z=+4.6)
209/be_013tg_2_455.jpg,209,18,10,659,128.91666666666666,aspect_ratio(z=+5.1)
209/be_013tg_2_466.jpg,209,19,11,687,140.244019138756,aspect_ratio(z=+4.7)
209/be_013tg_2_477.jpg,209,18,11,690,135.1969696969697,aspect_ratio(z=+4.3)
209/be_013tg_2_6.jpg,209,17,11,627,135.0,aspect_ratio(z=+3.8)
209/be_013tg_3_24.jpg,209,33,17,899,141.85026737967914,width(z=+3.8); aspect_ratio(z=+5.8)
209/be_013tg_3_27.jpg,209,34,17,954,142.96539792387543,width(z=+4.0); aspect_ratio(z=+6.1)
209/be_013tg_5_100.jpg,209,17,10,626,135.00588235294117,aspect_ratio(z=+4.6)
209/be_013tg_5_104.jpg,209,18,11,687,136.41414141414143,aspect_ratio(z=+4.3)
209/be_013tg_5_130.jpg,209,18,10,669,121.83333333333331,aspect_ratio(z=+5.1)
209/be_013tg_5_133.jpg,209,18,10,673,123.25555555555556,aspect_ratio(z=+5.1)
209/be_013tg_5_21.jpg,209,18,11,678,133.8989898989899,aspect_ratio(z=+4.3)
209/be_013tg_5_22.jpg,209,18,10,670,126.06111111111112,aspect_ratio(z=+5.1)
209/be_013tg_5_51.jpg,209,17,10,631,124.52941176470588,aspect_ratio(z=+4.6)
209/be_013tg_5_82.jpg,209,18,11,685,132.63131313131314,aspect_ratio(z=+4.3)
209/be_013tg_5_83.jpg,209,18,10,668,123.33888888888887,aspect_ratio(z=+5.1)
209/be_013tg_5_99.jpg,209,17,10,630,130.54117647058823,aspect_ratio(z=+4.6)
209/be_013tg_6_126.jpg,209,18,11,679,136.45454545454547,aspect_ratio(z=+4.3)
209/be_013tg_6_127.jpg,209,18,10,673,121.88888888888889,aspect_ratio(z=+5.1)
209/be_013tg_6_134.jpg,209,18,10,669,127.48333333333332,aspect_ratio(z=+5.1)
209/be_013tg_6_153.jpg,209,18,11,682,131.33333333333334,aspect_ratio(z=+4.3)
209/be_013tg_6_164.jpg,209,19,10,677,127.5,aspect_ratio(z=+5.6)
209/be_013tg_6_172.jpg,209,18,10,672,124.65,aspect_ratio(z=+5.1)
209/be_013tg_6_212.jpg,209,18,10,663,124.67222222222222,aspect_ratio(z=+5.1)
209/be_013tg_6_215.jpg,209,18,10,665,124.62777777777778,aspect_ratio(z=+5.1)
209/be_013tg_6_219.jpg,209,18,10,672,128.9111111111111,aspect_ratio(z=+5.1)
209/be_013tg_6_232.jpg,209,19,11,691,135.4354066985646,aspect_ratio(z=+4.7)
209/be_013tg_6_253.jpg,209,18,10,670,121.87222222222222,aspect_ratio(z=+5.1)
209/be_013tg_6_272.jpg,209,19,10,677,131.41052631578947,aspect_ratio(z=+5.6)
209/be_013tg_6_273.jpg,209,19,10,675,130.18421052631578,aspect_ratio(z=+5.6)
209/be_013tg_6_49.jpg,209,18,10,668,130.38333333333333,aspect_ratio(z=+5.1)
209/be_013tg_7_3.jpg,209,16,8,480,123.46875,aspect_ratio(z=+6.1)
209/be_013tg_7_55.jpg,209,16,8,475,115.765625,aspect_ratio(z=+6.1)
209/be_014sg_2_103.jpg,209,13,7,481,117.73626373626374,aspect_ratio(z=+5.4)
209/be_014sg_2_110.jpg,209,13,7,473,120.47252747252747,aspect_ratio(z=+5.4)
209/be_014sg_2_113.jpg,209,12,7,481,115.63095238095238,aspect_ratio(z=+4.7)
209/be_014sg_2_144.jpg,209,13,7,483,114.86813186813188,aspect_ratio(z=+5.4)
209/be_014sg_2_17.jpg,209,12,8,479,138.07291666666666,aspect_ratio(z=+3.6)
209/be_014sg_2_199.jpg,209,12,7,479,112.36904761904762,aspect_ratio(z=+4.7)
209/be_014sg_2_20.jpg,209,13,7,477,114.86813186813188,aspect_ratio(z=+5.4)
209/be_014sg_2_245.jpg,209,12,7,478,109.39285714285714,aspect_ratio(z=+4.7)
209/be_014sg_2_273.jpg,209,13,7,482,120.48351648351648,aspect_ratio(z=+5.4)
209/be_014sg_2_289.jpg,209,12,7,476,115.41666666666669,aspect_ratio(z=+4.7)
209/be_014sg_2_32.jpg,209,13,7,483,120.57142857142856,aspect_ratio(z=+5.4)
209/be_014sg_2_327.jpg,209,13,7,488,120.45054945054945,aspect_ratio(z=+5.4)
209/be_014sg_2_330.jpg,209,13,7,480,117.82417582417582,aspect_ratio(z=+5.4)
209/be_014sg_2_383.jpg,209,11,7,473,109.42857142857144,aspect_ratio(z=+4.0)
209/be_014sg_2_394.jpg,209,13,7,490,123.32967032967034,aspect_ratio(z=+5.4)
209/be_014sg_2_395.jpg,209,13,7,479,120.46153846153848,aspect_ratio(z=+5.4)
209/be_014sg_2_432.jpg,209,13,7,481,120.54945054945055,aspect_ratio(z=+5.4)
209/be_014sg_2_440.jpg,209,12,7,473,115.48809523809524,aspect_ratio(z=+4.7)
209/be_014sg_2_441.jpg,209,12,7,481,115.39285714285714,aspect_ratio(z=+4.7)
209/be_014sg_2_449.jpg,209,13,7,477,120.43956043956044,aspect_ratio(z=+5.4)
209/be_014sg_2_452.jpg,209,12,7,481,112.60714285714286,aspect_ratio(z=+4.7)
209/be_014sg_2_475.jpg,209,13,7,490,128.92307692307693,aspect_ratio(z=+5.4)
209/be_014sg_2_476.jpg,209,13,7,480,117.6043956043956,aspect_ratio(z=+5.4)
209/be_014sg_2_58.jpg,209,12,7,483,118.53571428571428,aspect_ratio(z=+4.7)
209/be_014sg_2_68.jpg,209,12,7,475,109.47619047619048,aspect_ratio(z=+4.7)
209/be_014sg_2_7.jpg,209,12,8,478,130.21875,aspect_ratio(z=+3.6)
209/be_014sg_2_71.jpg,209,13,7,482,120.52747252747253,aspect_ratio(z=+5.4)
209/be_014sg_2_96.jpg,209,12,8,476,127.33333333333331,aspect_ratio(z=+3.6)
209/be_014sg_3_110.jpg,209,12,7,474,115.4404761904762,aspect_ratio(z=+4.7)
209/be_014sg_3_149.jpg,209,12,7,476,112.35714285714286,aspect_ratio(z=+4.7)
209/be_014sg_3_169.jpg,209,12,7,477,118.47619047619048,aspect_ratio(z=+4.7)
209/be_014sg_3_19.jpg,209,12,7,478,112.27380952380952,aspect_ratio(z=+4.7)
209/be_014sg_3_20.jpg,209,12,7,480,118.42857142857144,aspect_ratio(z=+4.7)
209/be_014sg_3_207.jpg,209,13,7,483,114.96703296703296,aspect_ratio(z=+5.4)
209/be_014sg_3_32.jpg,209,13,7,480,123.25274725274726,aspect_ratio(z=+5.4)
209/be_014sg_3_5.jpg,209,12,7,478,115.46428571428572,aspect_ratio(z=+4.7)
209/be_014sg_3_78.jpg,209,12,7,477,115.64285714285714,aspect_ratio(z=+4.7)
209/be_014sg_4_13.jpg,209,13,7,477,112.2087912087912,aspect_ratio(z=+5.4)
209/be_014sg_4_139.jpg,209,12,7,480,118.38095238095238,aspect_ratio(z=+4.7)
209/be_014sg_4_152.jpg,209,13,7,480,120.6153846153846,aspect_ratio(z=+5.4)
209/be_014sg_4_153.jpg,209,13,7,479,123.23076923076924,aspect_ratio(z=+5.4)
209/be_014sg_4_161.jpg,209,12,7,479,109.35714285714286,aspect_ratio(z=+4.7)
209/be_014sg_4_179.jpg,209,13,7,480,117.64835164835164,aspect_ratio(z=+5.4)
209/be_014sg_4_22.jpg,209,13,7,482,120.47252747252747,aspect_ratio(z=+5.4)
209/be_014sg_4_231.jpg,209,13,7,476,112.1978021978022,aspect_ratio(z=+5.4)
209/be_014sg_4_253.jpg,209,13,7,478,120.36263736263736,aspect_ratio(z=+5.4)
209/be_014sg_4_273.jpg,209,13,7,479,114.97802197802196,aspect_ratio(z=+5.4)
209/be_014sg_4_274.jpg,209,13,7,481,128.83516483516485,aspect_ratio(z=+5.4)
209/be_014sg_4_286.jpg,209,13,7,476,112.2967032967033,aspect_ratio(z=+5.4)
209/be_014sg_4_299.jpg,209,13,7,476,112.16483516483515,aspect_ratio(z=+5.4)
209/be_014sg_4_305.jpg,209,12,7,478,121.51190476190476,aspect_ratio(z=+4.7)
209/be_014sg_4_311.jpg,209,12,7,477,109.45238095238096,aspect_ratio(z=+4.7)
209/be_014sg_4_314.jpg,209,13,7,482,120.46153846153848,aspect_ratio(z=+5.4)
209/be_014sg_4_325.jpg,209,12,7,481,121.46428571428572,aspect_ratio(z=+4.7)
209/be_014sg_4_326.jpg,209,12,7,481,112.51190476190476,aspect_ratio(z=+4.7)
209/be_014sg_4_337.jpg,209,13,7,478,120.4065934065934,aspect_ratio(z=+5.4)
209/be_014sg_4_340.jpg,209,12,7,479,112.28571428571428,aspect_ratio(z=+4.7)
209/be_014sg_4_343.jpg,209,13,7,476,120.53846153846152,aspect_ratio(z=+5.4)
209/be_014sg_4_400.jpg,209,12,7,483,118.46428571428572,aspect_ratio(z=+4.7)
209/be_014sg_4_403.jpg,209,13,7,485,120.47252747252747,aspect_ratio(z=+5.4)
209/be_014sg_4_421.jpg,209,12,8,477,127.375,aspect_ratio(z=+3.6)
209/be_014sg_4_480.jpg,209,13,7,482,123.24175824175823,aspect_ratio(z=+5.4)
209/be_014sg_4_483.jpg,209,13,7,474,114.92307692307692,aspect_ratio(z=+5.4)
209/be_014sg_4_489.jpg,209,12,7,480,112.29761904761904,aspect_ratio(z=+4.7)
209/be_014sg_4_84.jpg,209,13,7,485,123.2087912087912,aspect_ratio(z=+5.4)
209/be_014sg_4_85.jpg,209,12,7,482,106.4047619047619,aspect_ratio(z=+4.7)
209/be_014sg_4_97.jpg,209,13,8,489,134.82692307692307,aspect_ratio(z=+4.2)
209/be_014tg_2_103.jpg,209,19,10,678,130.21052631578948,aspect_ratio(z=+5.6)
209/be_014tg_2_110.jpg,209,18,10,668,127.53333333333332,aspect_ratio(z=+5.1)
209/be_014tg_2_113.jpg,209,18,10,658,124.68888888888888,aspect_ratio(z=+5.1)
209/be_014tg_2_144.jpg,209,18,10,655,123.3,aspect_ratio(z=+5.1)
209/be_014tg_2_17.jpg,209,19,11,695,137.8468899521531,aspect_ratio(z=+4.7)
209/be_014tg_2_198.jpg,209,19,11,694,135.37799043062202,aspect_ratio(z=+4.7)
209/be_014tg_2_199.jpg,209,19,10,679,128.89473684210526,aspect_ratio(z=+5.6)
209/be_014tg_2_20.jpg,209,19,10,665,128.82631578947368,aspect_ratio(z=+5.6)
209/be_014tg_2_244.jpg,209,18,10,674,120.47222222222224,aspect_ratio(z=+5.1)
209/be_014tg_2_245.jpg,209,18,10,672,123.35,aspect_ratio(z=+5.1)
209/be_014tg_2_272.jpg,209,18,11,678,130.02020202020202,aspect_ratio(z=+4.3)
209/be_014tg_2_288.jpg,209,18,11,680,136.43939393939394,aspect_ratio(z=+4.3)
209/be_014tg_2_326.jpg,209,18,10,674,133.1611111111111,aspect_ratio(z=+5.1)
209/be_014tg_2_329.jpg,209,18,10,675,121.83888888888887,aspect_ratio(z=+5.1)
209/be_014tg_2_33.jpg,209,18,10,675,121.83888888888887,aspect_ratio(z=+5.1)
209/be_014tg_2_381.jpg,209,16,10,605,125.85625,aspect_ratio(z=+4.1)
209/be_014tg_2_393.jpg,209,19,10,674,132.81052631578947,aspect_ratio(z=+5.6)
209/be_014tg_2_430.jpg,209,18,10,681,123.34444444444443,aspect_ratio(z=+5.1)
209/be_014tg_2_438.jpg,209,18,10,669,123.25,aspect_ratio(z=+5.1)
209/be_014tg_2_439.jpg,209,18,10,670,124.69444444444444,aspect_ratio(z=+5.1)
209/be_014tg_2_447.jpg,209,19,10,675,130.16842105263157,aspect_ratio(z=+5.6)
209/be_014tg_2_450.jpg,209,19,10,680,131.46842105263158,aspect_ratio(z=+5.6)
209/be_014tg_2_472.jpg,209,19,11,697,132.99521531100478,aspect_ratio(z=+4.7)
209/be_014tg_2_473.jpg,209,19,10,680,127.48947368421052,aspect_ratio(z=+5.6)
209/be_014tg_2_490.jpg,209,19,10,675,130.2263157894737,aspect_ratio(z=+5.6)
209/be_014tg_2_58.jpg,209,19,10,670,130.17368421052632,aspect_ratio(z=+5.6)
209/be_014tg_2_69.jpg,209,19,11,686,136.61244019138755,aspect_ratio(z=+4.7)
209/be_014tg_2_7.jpg,209,18,10,667,124.8,aspect_ratio(z=+5.1)
209/be_014tg_2_72.jpg,209,18,10,668,126.13333333333334,aspect_ratio(z=+5.1)
209/be_014tg_2_96.jpg,209,19,10,669,131.48947368421054,aspect_ratio(z=+5.6)
209/be_014tg_3_111.jpg,209,19,11,695,133.01435406698565,aspect_ratio(z=+4.7)
209/be_014tg_3_112.jpg,209,18,10,657,119.04444444444444,aspect_ratio(z=+5.1)
209/be_014tg_3_150.jpg,209,18,10,675,120.4,aspect_ratio(z=+5.1)
209/be_014tg_3_170.jpg,209,19,10,686,130.12105263157895,aspect_ratio(z=+5.6)
209/be_014tg_3_20.jpg,209,19,11,688,135.3444976076555,aspect_ratio(z=+4.7)
209/be_014tg_3_208.jpg,209,18,11,688,133.93939393939394,aspect_ratio(z=+4.3)
209/be_014tg_3_21.jpg,209,19,11,691,137.83732057416267,aspect_ratio(z=+4.7)
209/be_014tg_3_33.jpg,209,19,10,684,120.86842105263158,aspect_ratio(z=+5.6)
209/be_014tg_3_5.jpg,209,17,11,638,134.9090909090909,aspect_ratio(z=+3.8)
209/be_014tg_3_79.jpg,209,18,10,678,120.50555555555556,aspect_ratio(z=+5.1)
209/be_014tg_4_13.jpg,209,18,10,668,130.38333333333333,aspect_ratio(z=+5.1)
209/be_014tg_4_139.jpg,209,18,11,685,131.32323232323233,aspect_ratio(z=+4.3)
209/be_014tg_4_140.jpg,209,18,10,662,126.14444444444445,aspect_ratio(z=+5.1)
209/be_014tg_4_152.jpg,209,18,10,674,124.75555555555556,aspect_ratio(z=+5.1)
209/be_014tg_4_153.jpg,209,18,11,683,132.57070707070707,aspect_ratio(z=+4.3)
209/be_014tg_4_160.jpg,209,18,10,665,124.7,aspect_ratio(z=+5.1)
209/be_014tg_4_161.jpg,209,18,11,680,132.62626262626262,aspect_ratio(z=+4.3)
209/be_014tg_4_179.jpg,209,18,11,677,126.28282828282828,aspect_ratio(z=+4.3)
209/be_014tg_4_180.jpg,209,18,11,692,132.59595959595958,aspect_ratio(z=+4.3)
209/be_014tg_4_23.jpg,209,18,10,676,123.26666666666668,aspect_ratio(z=+5.1)
209/be_014tg_4_232.jpg,209,18,11,691,125.05555555555556,aspect_ratio(z=+4.3)
209/be_014tg_4_255.jpg,209,19,10,672,128.78947368421052,aspect_ratio(z=+5.6)
209/be_014tg_4_283.jpg,209,18,11,695,128.76262626262627,aspect_ratio(z=+4.3)
209/be_014tg_4_284.jpg,209,19,10,678,130.09473684210528,aspect_ratio(z=+5.6)
209/be_014tg_4_294.jpg,209,18,11,697,132.4848484848485,aspect_ratio(z=+4.3)
209/be_014tg_4_310.jpg,209,18,10,658,124.68888888888888,aspect_ratio(z=+5.1)
209/be_014tg_4_311.jpg,209,18,10,674,126.12222222222222,aspect_ratio(z=+5.1)
209/be_014tg_4_327.jpg,209,19,10,684,126.17894736842103,aspect_ratio(z=+5.6)
209/be_014tg_4_339.jpg,209,18,10,675,120.38888888888889,aspect_ratio(z=+5.1)
209/be_014tg_4_342.jpg,209,19,11,686,139.08133971291866,aspect_ratio(z=+4.7)
209/be_014tg_4_345.jpg,209,19,10,679,130.09473684210528,aspect_ratio(z=+5.6)
209/be_014tg_4_402.jpg,209,18,10,682,121.86666666666666,aspect_ratio(z=+5.1)
209/be_014tg_4_405.jpg,209,18,11,679,131.34343434343435,aspect_ratio(z=+4.3)
209/be_014tg_4_423.jpg,209,18,10,678,121.79444444444444,aspect_ratio(z=+5.1)
209/be_014tg_4_484.jpg,209,18,10,667,121.83888888888887,aspect_ratio(z=+5.1)
209/be_014tg_4_487.jpg,209,19,10,678,128.9,aspect_ratio(z=+5.6)
209/be_014tg_4_84.jpg,209,18,11,689,132.62121212121212,aspect_ratio(z=+4.3)
209/be_014tg_4_85.jpg,209,18,11,690,131.2070707070707,aspect_ratio(z=+4.3)
209/be_014tg_4_97.jpg,209,18,11,681,132.53535353535352,aspect_ratio(z=+4.3)
209/be_015sg_1_101.jpg,209,13,7,482,114.95604395604396,aspect_ratio(z=+5.4)
209/be_015sg_1_105.jpg,209,13,8,484,132.43269230769232,aspect_ratio(z=+4.2)
209/be_015sg_1_108.jpg,209,13,7,479,112.18681318681318,aspect_ratio(z=+5.4)
209/be_015sg_1_139.jpg,209,12,7,481,112.4404761904762,aspect_ratio(z=+4.7)
209/be_015sg_1_144.jpg,209,12,7,485,115.42857142857144,aspect_ratio(z=+4.7)
209/be_015sg_1_145.jpg,209,12,7,477,112.45238095238096,aspect_ratio(z=+4.7)
209/be_015sg_1_163.jpg,209,12,7,484,118.58333333333331,aspect_ratio(z=+4.7)
209/be_015sg_1_164.jpg,209,12,7,483,118.53571428571428,aspect_ratio(z=+4.7)
209/be_015sg_1_192.jpg,209,12,7,479,103.35714285714286,aspect_ratio(z=+4.7)
209/be_015sg_1_207.jpg,209,13,7,479,120.48351648351648,aspect_ratio(z=+5.4)
209/be_015sg_1_287.jpg,209,12,7,480,115.51190476190476,aspect_ratio(z=+4.7)
209/be_015sg_1_292.jpg,209,13,7,484,128.78021978021977,aspect_ratio(z=+5.4)
209/be_015sg_1_293.jpg,209,12,7,480,112.47619047619048,aspect_ratio(z=+4.7)
209/be_015sg_1_310.jpg,209,12,7,485,112.53571428571428,aspect_ratio(z=+4.7)
209/be_015sg_1_311.jpg,209,12,8,485,132.72916666666666,aspect_ratio(z=+3.6)
209/be_015sg_1_315.jpg,209,12,7,479,106.27380952380952,aspect_ratio(z=+4.7)
209/be_015sg_1_334.jpg,209,12,7,477,112.41666666666669,aspect_ratio(z=+4.7)
209/be_015sg_1_335.jpg,209,12,7,480,106.35714285714286,aspect_ratio(z=+4.7)
209/be_015sg_1_34.jpg,209,12,7,477,115.51190476190476,aspect_ratio(z=+4.7)
209/be_015sg_1_35.jpg,209,12,7,480,112.48809523809524,aspect_ratio(z=+4.7)
209/be_015sg_1_37.jpg,209,13,8,484,129.90384615384616,aspect_ratio(z=+4.2)
209/be_015sg_1_406.jpg,209,13,7,477,114.94505494505496,aspect_ratio(z=+5.4)
209/be_015sg_1_407.jpg,209,13,7,483,117.71428571428572,aspect_ratio(z=+5.4)
209/be_015sg_1_413.jpg,209,13,7,480,117.58241758241758,aspect_ratio(z=+5.4)
209/be_015sg_1_417.jpg,209,12,7,477,106.4404761904762,aspect_ratio(z=+4.7)
209/be_015sg_1_433.jpg,209,12,7,472,106.4404761904762,aspect_ratio(z=+4.7)
209/be_015sg_1_447.jpg,209,13,7,488,117.7912087912088,aspect_ratio(z=+5.4)
209/be_015sg_2_116.jpg,209,12,7,477,115.5,aspect_ratio(z=+4.7)
209/be_015sg_2_117.jpg,209,12,7,480,115.51190476190476,aspect_ratio(z=+4.7)
209/be_015sg_2_119.jpg,209,13,7,480,117.6043956043956,aspect_ratio(z=+5.4)
209/be_015sg_2_123.jpg,209,12,7,478,112.58333333333331,aspect_ratio(z=+4.7)
209/be_015sg_2_14.jpg,209,13,7,479,123.14285714285714,aspect_ratio(z=+5.4)
209/be_015sg_2_15.jpg,209,12,7,475,112.48809523809524,aspect_ratio(z=+4.7)
209/be_015sg_2_158.jpg,209,12,7,480,115.51190476190476,aspect_ratio(z=+4.7)
209/be_015sg_2_159.jpg,209,12,7,476,112.39285714285714,aspect_ratio(z=+4.7)
209/be_015sg_2_231.jpg,209,13,8,486,132.43269230769232,aspect_ratio(z=+4.2)
209/be_015sg_2_232.jpg,209,13,7,479,115.04395604395604,aspect_ratio(z=+5.4)
209/be_015sg_2_244.jpg,209,12,7,478,109.48809523809524,aspect_ratio(z=+4.7)
209/be_015sg_2_247.jpg,209,13,7,476,117.58241758241758,aspect_ratio(z=+5.4)
209/be_015sg_2_264.jpg,209,12,7,479,109.35714285714286,aspect_ratio(z=+4.7)
209/be_015sg_2_265.jpg,209,12,7,481,109.53571428571428,aspect_ratio(z=+4.7)
209/be_015sg_2_295.jpg,209,12,7,481,115.5595238095238,aspect_ratio(z=+4.7)
209/be_015sg_2_296.jpg,209,12,7,481,112.4404761904762,aspect_ratio(z=+4.7)
209/be_015sg_2_318.jpg,209,12,7,479,109.47619047619048,aspect_ratio(z=+4.7)
209/be_015sg_2_319.jpg,209,12,7,477,118.39285714285714,aspect_ratio(z=+4.7)
209/be_015sg_2_347.jpg,209,13,7,476,112.16483516483515,aspect_ratio(z=+5.4)
209/be_015sg_2_348.jpg,209,13,7,481,126.18681318681318,aspect_ratio(z=+5.4)
209/be_015sg_2_402.jpg,209,12,7,478,115.35714285714286,aspect_ratio(z=+4.7)
209/be_015sg_2_403.jpg,209,12,7,475,115.42857142857144,aspect_ratio(z=+4.7)
209/be_015sg_2_472.jpg,209,12,7,475,97.48809523809524,aspect_ratio(z=+4.7)
209/be_015sg_2_94.jpg,209,12,7,483,109.27380952380952,aspect_ratio(z=+4.7)
209/be_015tg_1_101.jpg,209,19,10,673,130.15263157894736,aspect_ratio(z=+5.6)
209/be_015tg_1_105.jpg,209,19,11,692,134.25837320574163,aspect_ratio(z=+4.7)
209/be_015tg_1_108.jpg,209,18,11,694,128.75757575757575,aspect_ratio(z=+4.3)
209/be_015tg_1_139.jpg,209,18,11,677,133.88888888888889,aspect_ratio(z=+4.3)
209/be_015tg_1_144.jpg,209,18,10,667,124.73333333333332,aspect_ratio(z=+5.1)
209/be_015tg_1_145.jpg,209,18,10,667,123.3,aspect_ratio(z=+5.1)
209/be_015tg_1_163.jpg,209,18,10,670,119.0,aspect_ratio(z=+5.1)
209/be_015tg_1_164.jpg,209,18,11,682,130.0252525252525,aspect_ratio(z=+4.3)
209/be_015tg_1_192.jpg,209,18,10,660,121.82777777777778,aspect_ratio(z=+5.1)
209/be_015tg_1_207.jpg,209,18,10,667,126.12777777777778,aspect_ratio(z=+5.1)
209/be_015tg_1_289.jpg,209,18,11,697,127.45454545454544,aspect_ratio(z=+4.3)
209/be_015tg_1_294.jpg,209,18,10,656,120.41111111111113,aspect_ratio(z=+5.1)
209/be_015tg_1_313.jpg,209,17,10,615,115.68823529411765,aspect_ratio(z=+4.6)
209/be_015tg_1_314.jpg,209,17,11,637,128.15508021390374,aspect_ratio(z=+3.8)
209/be_015tg_1_318.jpg,209,18,10,665,116.18888888888888,aspect_ratio(z=+5.1)
209/be_015tg_1_337.jpg,209,19,10,666,122.1842105263158,aspect_ratio(z=+5.6)
209/be_015tg_1_338.jpg,209,19,11,691,134.1244019138756,aspect_ratio(z=+4.7)
209/be_015tg_1_34.jpg,209,19,10,676,123.50526315789472,aspect_ratio(z=+5.6)
209/be_015tg_1_35.jpg,209,18,10,668,117.7,aspect_ratio(z=+5.1)
209/be_015tg_1_37.jpg,209,18,11,684,127.4090909090909,aspect_ratio(z=+4.3)
209/be_015tg_1_409.jpg,209,19,11,684,131.76076555023923,aspect_ratio(z=+4.7)
209/be_015tg_1_410.jpg,209,18,10,671,120.39444444444445,aspect_ratio(z=+5.1)
209/be_015tg_1_416.jpg,209,19,10,675,118.18947368421053,aspect_ratio(z=+5.6)
209/be_015tg_1_42.jpg,209,15,10,595,122.44666666666669,aspect_ratio(z=+3.6)
209/be_015tg_1_420.jpg,209,19,10,682,123.56315789473685,aspect_ratio(z=+5.6)
209/be_015tg_1_436.jpg,209,18,11,682,126.16666666666669,aspect_ratio(z=+4.3)
209/be_015tg_1_449.jpg,209,19,10,672,128.82631578947368,aspect_ratio(z=+5.6)
209/be_015tg_1_450.jpg,209,18,11,678,122.35353535353536,aspect_ratio(z=+4.3)
209/be_015tg_1_86.jpg,209,16,10,603,130.63125,aspect_ratio(z=+4.1)
209/be_015tg_2_118.jpg,209,19,11,688,131.7177033492823,aspect_ratio(z=+4.7)
209/be_015tg_2_119.jpg,209,19,10,684,127.52631578947368,aspect_ratio(z=+5.6)
209/be_015tg_2_121.jpg,209,19,10,679,132.79473684210527,aspect_ratio(z=+5.6)
209/be_015tg_2_126.jpg,209,18,11,678,130.08080808080808,aspect_ratio(z=+4.3)
209/be_015tg_2_14.jpg,209,18,10,677,117.64444444444445,aspect_ratio(z=+5.1)
209/be_015tg_2_15.jpg,209,18,10,670,120.54444444444444,aspect_ratio(z=+5.1)
209/be_015tg_2_160.jpg,209,18,10,666,121.95555555555556,aspect_ratio(z=+5.1)
209/be_015tg_2_161.jpg,209,18,11,681,130.04040404040404,aspect_ratio(z=+4.3)
209/be_015tg_2_233.jpg,209,18,11,679,123.71212121212122,aspect_ratio(z=+4.3)
209/be_015tg_2_234.jpg,209,18,11,674,126.1919191919192,aspect_ratio(z=+4.3)
209/be_015tg_2_246.jpg,209,18,11,685,126.24747474747475,aspect_ratio(z=+4.3)
209/be_015tg_2_247.jpg,209,18,11,690,130.06565656565655,aspect_ratio(z=+4.3)
209/be_015tg_2_249.jpg,209,18,11,680,128.73232323232324,aspect_ratio(z=+4.3)
209/be_015tg_2_266.jpg,209,19,10,675,124.82105263157897,aspect_ratio(z=+5.6)
209/be_015tg_2_267.jpg,209,18,10,667,119.05,aspect_ratio(z=+5.1)
209/be_015tg_2_297.jpg,209,18,11,675,127.45959595959596,aspect_ratio(z=+4.3)
209/be_015tg_2_298.jpg,209,18,10,675,120.50555555555556,aspect_ratio(z=+5.1)
209/be_015tg_2_320.jpg,209,19,11,685,136.5933014354067,aspect_ratio(z=+4.7)
209/be_015tg_2_321.jpg,209,19,10,682,126.10526315789474,aspect_ratio(z=+5.6)
209/be_015tg_2_352.jpg,209,18,11,677,131.3181818181818,aspect_ratio(z=+4.3)
209/be_015tg_2_407.jpg,209,18,11,675,128.77272727272728,aspect_ratio(z=+4.3)
209/be_015tg_2_408.jpg,209,18,11,690,127.5,aspect_ratio(z=+4.3)
209/be_015tg_2_477.jpg,209,19,10,670,127.6,aspect_ratio(z=+5.6)
209/be_015tg_2_95.jpg,209,18,11,682,127.5,aspect_ratio(z=+4.3)
209/be_016sg_10_114.jpg,209,12,8,481,138.13541666666666,aspect_ratio(z=+3.6)
209/be_016sg_10_117.jpg,209,12,7,479,115.46428571428572,aspect_ratio(z=+4.7)
209/be_016sg_10_13.jpg,209,12,7,474,121.48809523809524,aspect_ratio(z=+4.7)
209/be_016sg_10_136.jpg,209,12,7,476,115.4404761904762,aspect_ratio(z=+4.7)
209/be_016sg_10_137.jpg,209,12,7,476,118.5595238095238,aspect_ratio(z=+4.7)
209/be_016sg_10_153.jpg,209,13,7,482,117.7912087912088,aspect_ratio(z=+5.4)
209/be_016sg_10_17.jpg,209,12,7,482,118.4047619047619,aspect_ratio(z=+4.7)
209/be_016sg_10_171.jpg,209,13,7,475,123.36263736263736,aspect_ratio(z=+5.4)
209/be_016sg_10_172.jpg,209,13,7,479,123.23076923076924,aspect_ratio(z=+5.4)
209/be_016sg_10_18.jpg,209,12,7,476,115.4404761904762,aspect_ratio(z=+4.7)
209/be_016sg_10_198.jpg,209,12,7,481,112.32142857142856,aspect_ratio(z=+4.7)
209/be_016sg_10_218.jpg,209,12,7,478,109.22619047619048,aspect_ratio(z=+4.7)
209/be_016sg_10_25.jpg,209,12,7,477,106.47619047619048,aspect_ratio(z=+4.7)
209/be_016sg_10_26.jpg,209,13,7,481,117.74725274725274,aspect_ratio(z=+5.4)
209/be_016sg_10_56.jpg,209,13,7,481,131.6043956043956,aspect_ratio(z=+5.4)
209/be_016sg_10_57.jpg,209,13,7,482,120.3846153846154,aspect_ratio(z=+5.4)
209/be_016sg_10_75.jpg,209,12,7,481,109.33333333333331,aspect_ratio(z=+4.7)
209/be_016sg_11_137.jpg,209,12,7,479,118.51190476190476,aspect_ratio(z=+4.7)
209/be_016sg_11_138.jpg,209,12,7,477,121.54761904761904,aspect_ratio(z=+4.7)
209/be_016sg_11_151.jpg,209,12,7,474,112.4404761904762,aspect_ratio(z=+4.7)
209/be_016sg_11_152.jpg,209,12,7,470,112.47619047619048,aspect_ratio(z=+4.7)
209/be_016sg_11_159.jpg,209,13,7,480,117.82417582417582,aspect_ratio(z=+5.4)
209/be_016sg_11_182.jpg,209,12,7,473,115.48809523809524,aspect_ratio(z=+4.7)
209/be_016sg_11_188.jpg,209,13,7,483,117.76923076923076,aspect_ratio(z=+5.4)
209/be_016sg_11_189.jpg,209,12,7,478,109.41666666666669,aspect_ratio(z=+4.7)
209/be_016sg_11_197.jpg,209,13,7,476,126.08791208791207,aspect_ratio(z=+5.4)
209/be_016sg_11_198.jpg,209,12,7,480,127.66666666666669,aspect_ratio(z=+4.7)
209/be_016sg_11_210.jpg,209,12,7,479,124.53571428571428,aspect_ratio(z=+4.7)
209/be_016sg_11_239.jpg,209,13,7,482,117.64835164835164,aspect_ratio(z=+5.4)
209/be_016sg_11_242.jpg,209,13,7,478,120.50549450549453,aspect_ratio(z=+5.4)
209/be_016sg_11_243.jpg,209,13,7,478,120.4065934065934,aspect_ratio(z=+5.4)
209/be_016sg_11_262.jpg,209,13,7,481,114.86813186813188,aspect_ratio(z=+5.4)
209/be_016sg_11_272.jpg,209,13,7,480,120.51648351648352,aspect_ratio(z=+5.4)
209/be_016sg_11_290.jpg,209,12,7,481,124.57142857142856,aspect_ratio(z=+4.7)
209/be_016sg_11_336.jpg,209,12,7,479,115.46428571428572,aspect_ratio(z=+4.7)
209/be_016sg_11_35.jpg,209,13,7,479,123.14285714285714,aspect_ratio(z=+5.4)
209/be_016sg_11_353.jpg,209,13,7,487,126.14285714285714,aspect_ratio(z=+5.4)
209/be_016sg_11_354.jpg,209,13,7,483,123.25274725274726,aspect_ratio(z=+5.4)
209/be_016sg_11_356.jpg,209,12,7,476,109.52380952380952,aspect_ratio(z=+4.7)
209/be_016sg_11_357.jpg,209,12,7,470,112.47619047619048,aspect_ratio(z=+4.7)
209/be_016sg_11_36.jpg,209,12,7,478,115.54761904761904,aspect_ratio(z=+4.7)
209/be_016sg_11_408.jpg,209,12,7,481,109.33333333333331,aspect_ratio(z=+4.7)
209/be_016sg_11_416.jpg,209,12,7,479,112.28571428571428,aspect_ratio(z=+4.7)
209/be_016sg_11_429.jpg,209,12,7,475,112.36904761904762,aspect_ratio(z=+4.7)
209/be_016sg_11_444.jpg,209,13,8,483,130.01923076923077,aspect_ratio(z=+4.2)
209/be_016sg_11_450.jpg,209,12,7,481,118.46428571428572,aspect_ratio(z=+4.7)
209/be_016sg_11_464.jpg,209,12,7,480,115.39285714285714,aspect_ratio(z=+4.7)
209/be_016sg_11_6.jpg,209,12,7,477,106.45238095238096,aspect_ratio(z=+4.7)
209/be_016sg_11_88.jpg,209,13,7,477,114.83516483516485,aspect_ratio(z=+5.4)
209/be_016sg_11_93.jpg,209,13,7,479,123.14285714285714,aspect_ratio(z=+5.4)
209/be_016sg_11_94.jpg,209,12,7,477,109.41666666666669,aspect_ratio(z=+4.7)
209/be_016sg_8_119.jpg,209,12,7,478,121.46428571428572,aspect_ratio(z=+4.7)
209/be_016sg_8_122.jpg,209,12,8,475,127.57291666666669,aspect_ratio(z=+3.6)
209/be_016sg_8_14.jpg,209,13,7,476,120.58241758241758,aspect_ratio(z=+5.4)
209/be_016sg_8_143.jpg,209,12,7,481,124.53571428571428,aspect_ratio(z=+4.7)
209/be_016sg_8_144.jpg,209,12,7,477,118.32142857142856,aspect_ratio(z=+4.7)
209/be_016sg_8_149.jpg,209,13,7,479,117.6043956043956,aspect_ratio(z=+5.4)
209/be_016sg_8_150.jpg,209,13,7,487,128.78021978021977,aspect_ratio(z=+5.4)
209/be_016sg_8_161.jpg,209,12,7,479,115.42857142857144,aspect_ratio(z=+4.7)
209/be_016sg_8_162.jpg,209,12,7,476,124.4404761904762,aspect_ratio(z=+4.7)
209/be_016sg_8_243.jpg,209,12,7,481,118.5,aspect_ratio(z=+4.7)
209/be_016sg_8_244.jpg,209,12,7,478,115.45238095238096,aspect_ratio(z=+4.7)
209/be_016sg_8_253.jpg,209,12,7,478,106.38095238095238,aspect_ratio(z=+4.7)
209/be_016sg_8_254.jpg,209,12,7,480,121.5,aspect_ratio(z=+4.7)
209/be_016sg_8_257.jpg,209,12,7,477,115.4404761904762,aspect_ratio(z=+4.7)
209/be_016sg_8_277.jpg,209,12,7,479,109.4047619047619,aspect_ratio(z=+4.7)
209/be_016sg_8_301.jpg,209,13,8,485,129.95192307692307,aspect_ratio(z=+4.2)
209/be_016sg_8_363.jpg,209,12,7,483,130.51190476190476,aspect_ratio(z=+4.7)
209/be_016sg_8_384.jpg,209,13,7,477,114.7912087912088,aspect_ratio(z=+5.4)
209/be_016sg_8_426.jpg,209,12,7,473,103.46428571428572,aspect_ratio(z=+4.7)
209/be_016sg_8_432.jpg,209,12,7,477,115.4404761904762,aspect_ratio(z=+4.7)
209/be_016sg_8_435.jpg,209,13,7,485,123.2087912087912,aspect_ratio(z=+5.4)
209/be_016sg_8_450.jpg,209,11,7,472,106.06493506493509,aspect_ratio(z=+4.0)
209/be_016sg_9_103.jpg,209,12,7,484,118.58333333333331,aspect_ratio(z=+4.7)
209/be_016sg_9_104.jpg,209,12,7,480,112.29761904761904,aspect_ratio(z=+4.7)
209/be_016sg_9_112.jpg,209,12,7,485,121.41666666666669,aspect_ratio(z=+4.7)
209/be_016sg_9_115.jpg,209,12,7,476,103.42857142857144,aspect_ratio(z=+4.7)
209/be_016sg_9_116.jpg,209,12,7,479,109.35714285714286,aspect_ratio(z=+4.7)
209/be_016sg_9_135.jpg,209,12,7,480,109.46428571428572,aspect_ratio(z=+4.7)
209/be_016sg_9_136.jpg,209,12,7,481,112.42857142857144,aspect_ratio(z=+4.7)
209/be_016sg_9_177.jpg,209,12,7,478,112.47619047619048,aspect_ratio(z=+4.7)
209/be_016sg_9_250.jpg,209,11,7,477,109.50649350649353,aspect_ratio(z=+4.0)
209/be_016sg_9_29.jpg,209,12,7,484,106.41666666666669,aspect_ratio(z=+4.7)
209/be_016sg_9_329.jpg,209,12,7,482,112.33333333333331,aspect_ratio(z=+4.7)
209/be_016sg_9_348.jpg,209,12,7,481,121.58333333333331,aspect_ratio(z=+4.7)
209/be_016sg_9_352.jpg,209,12,7,478,109.41666666666669,aspect_ratio(z=+4.7)
209/be_016sg_9_353.jpg,209,12,7,478,124.57142857142856,aspect_ratio(z=+4.7)
209/be_016sg_9_355.jpg,209,12,7,478,103.4404761904762,aspect_ratio(z=+4.7)
209/be_016sg_9_356.jpg,209,12,7,477,106.47619047619048,aspect_ratio(z=+4.7)
209/be_016sg_9_396.jpg,209,11,7,483,109.3896103896104,aspect_ratio(z=+4.0)
209/be_016sg_9_397.jpg,209,11,7,475,109.45454545454544,aspect_ratio(z=+4.0)
209/be_016sg_9_7.jpg,209,13,7,482,114.82417582417582,aspect_ratio(z=+5.4)
209/be_016sg_9_8.jpg,209,12,7,477,115.33333333333331,aspect_ratio(z=+4.7)
209/be_016sg_9_86.jpg,209,12,7,483,127.48809523809524,aspect_ratio(z=+4.7)
209/be_016tg_10_115.jpg,209,18,11,688,136.3838383838384,aspect_ratio(z=+4.3)
209/be_016tg_10_118.jpg,209,19,10,679,128.9157894736842,aspect_ratio(z=+5.6)
209/be_016tg_10_13.jpg,209,18,10,670,124.71111111111112,aspect_ratio(z=+5.1)
209/be_016tg_10_137.jpg,209,18,10,677,126.18888888888888,aspect_ratio(z=+5.1)
209/be_016tg_10_138.jpg,209,18,10,674,126.07777777777778,aspect_ratio(z=+5.1)
209/be_016tg_10_155.jpg,209,18,10,664,127.43888888888888,aspect_ratio(z=+5.1)
209/be_016tg_10_17.jpg,209,18,11,674,128.7171717171717,aspect_ratio(z=+4.3)
209/be_016tg_10_172.jpg,209,18,10,662,120.42777777777778,aspect_ratio(z=+5.1)
209/be_016tg_10_173.jpg,209,19,10,672,127.57368421052632,aspect_ratio(z=+5.6)
209/be_016tg_10_18.jpg,209,18,10,677,124.74444444444444,aspect_ratio(z=+5.1)
209/be_016tg_10_198.jpg,209,18,10,674,128.97222222222223,aspect_ratio(z=+5.1)
209/be_016tg_10_220.jpg,209,18,10,674,119.07222222222222,aspect_ratio(z=+5.1)
209/be_016tg_10_221.jpg,209,18,10,671,123.21111111111112,aspect_ratio(z=+5.1)
209/be_016tg_10_25.jpg,209,18,10,659,120.52222222222224,aspect_ratio(z=+5.1)
209/be_016tg_10_56.jpg,209,18,11,687,132.67676767676767,aspect_ratio(z=+4.3)
209/be_016tg_10_57.jpg,209,18,10,674,124.66111111111113,aspect_ratio(z=+5.1)
209/be_016tg_10_75.jpg,209,19,10,667,127.57894736842104,aspect_ratio(z=+5.6)
209/be_016tg_10_76.jpg,209,19,10,672,128.83684210526314,aspect_ratio(z=+5.6)
209/be_016tg_11_139.jpg,209,18,10,680,129.0,aspect_ratio(z=+5.1)
209/be_016tg_11_140.jpg,209,18,11,682,132.52020202020202,aspect_ratio(z=+4.3)
209/be_016tg_11_154.jpg,209,18,10,669,127.42222222222222,aspect_ratio(z=+5.1)
209/be_016tg_11_161.jpg,209,18,10,675,120.4,aspect_ratio(z=+5.1)
209/be_016tg_11_185.jpg,209,18,11,681,135.11111111111111,aspect_ratio(z=+4.3)
209/be_016tg_11_191.jpg,209,18,10,666,120.44444444444444,aspect_ratio(z=+5.1)
209/be_016tg_11_192.jpg,209,18,10,674,119.06111111111112,aspect_ratio(z=+5.1)
209/be_016tg_11_200.jpg,209,19,10,666,128.86315789473684,aspect_ratio(z=+5.6)
209/be_016tg_11_201.jpg,209,19,10,681,135.52105263157895,aspect_ratio(z=+5.6)
209/be_016tg_11_213.jpg,209,18,11,686,124.87878787878788,aspect_ratio(z=+4.3)
209/be_016tg_11_242.jpg,209,18,11,689,128.76767676767676,aspect_ratio(z=+4.3)
209/be_016tg_11_245.jpg,209,18,11,679,132.65656565656565,aspect_ratio(z=+4.3)
209/be_016tg_11_246.jpg,209,18,11,687,135.24747474747474,aspect_ratio(z=+4.3)
209/be_016tg_11_265.jpg,209,18,11,688,132.65151515151516,aspect_ratio(z=+4.3)
209/be_016tg_11_266.jpg,209,18,11,694,132.62626262626262,aspect_ratio(z=+4.3)
209/be_016tg_11_275.jpg,209,18,10,674,119.05555555555556,aspect_ratio(z=+5.1)
209/be_016tg_11_293.jpg,209,18,11,686,130.09595959595958,aspect_ratio(z=+4.3)
209/be_016tg_11_339.jpg,209,19,10,667,127.42105263157896,aspect_ratio(z=+5.6)
209/be_016tg_11_35.jpg,209,19,11,695,141.5071770334928,aspect_ratio(z=+4.7)
209/be_016tg_11_359.jpg,209,18,11,677,128.77272727272728,aspect_ratio(z=+4.3)
209/be_016tg_11_36.jpg,209,19,10,675,131.4578947368421,aspect_ratio(z=+5.6)
209/be_016tg_11_360.jpg,209,18,10,675,124.68888888888888,aspect_ratio(z=+5.1)
209/be_016tg_11_411.jpg,209,18,11,678,135.25757575757575,aspect_ratio(z=+4.3)
209/be_016tg_11_412.jpg,209,19,10,675,131.4578947368421,aspect_ratio(z=+5.6)
209/be_016tg_11_419.jpg,209,18,10,675,130.4,aspect_ratio(z=+5.1)
209/be_016tg_11_432.jpg,209,19,11,688,136.5980861244019,aspect_ratio(z=+4.7)
209/be_016tg_11_447.jpg,209,18,11,681,131.27777777777777,aspect_ratio(z=+4.3)
209/be_016tg_11_453.jpg,209,19,10,674,132.84736842105264,aspect_ratio(z=+5.6)
209/be_016tg_11_467.jpg,209,18,11,688,130.0050505050505,aspect_ratio(z=+4.3)
209/be_016tg_11_6.jpg,209,18,11,676,133.87373737373738,aspect_ratio(z=+4.3)
209/be_016tg_11_88.jpg,209,19,11,681,137.9425837320574,aspect_ratio(z=+4.7)
209/be_016tg_11_93.jpg,209,18,10,675,121.88888888888889,aspect_ratio(z=+5.1)
209/be_016tg_11_94.jpg,209,18,10,662,124.70555555555556,aspect_ratio(z=+5.1)
209/be_016tg_8_120.jpg,209,18,10,679,126.08333333333331,aspect_ratio(z=+5.1)
209/be_016tg_8_123.jpg,209,19,10,671,131.4842105263158,aspect_ratio(z=+5.6)
209/be_016tg_8_14.jpg,209,18,11,679,135.13636363636363,aspect_ratio(z=+4.3)
209/be_016tg_8_146.jpg,209,17,10,633,127.48823529411764,aspect_ratio(z=+4.6)
209/be_016tg_8_151.jpg,209,18,10,673,120.42222222222222,aspect_ratio(z=+5.1)
209/be_016tg_8_164.jpg,209,18,11,682,135.23737373737373,aspect_ratio(z=+4.3)
209/be_016tg_8_245.jpg,209,18,11,672,131.35353535353536,aspect_ratio(z=+4.3)
209/be_016tg_8_256.jpg,209,18,11,686,130.07070707070707,aspect_ratio(z=+4.3)
209/be_016tg_8_259.jpg,209,18,11,682,131.3080808080808,aspect_ratio(z=+4.3)
209/be_016tg_8_279.jpg,209,18,11,689,133.82323232323233,aspect_ratio(z=+4.3)
209/be_016tg_8_280.jpg,209,18,11,689,135.22727272727272,aspect_ratio(z=+4.3)
209/be_016tg_8_303.jpg,209,18,11,680,135.17676767676767,aspect_ratio(z=+4.3)
209/be_016tg_8_364.jpg,209,17,10,626,123.02941176470588,aspect_ratio(z=+4.6)
209/be_016tg_8_385.jpg,209,18,10,673,119.00555555555556,aspect_ratio(z=+5.1)
209/be_016tg_8_426.jpg,209,18,10,669,119.03888888888888,aspect_ratio(z=+5.1)
209/be_016tg_8_432.jpg,209,18,11,685,132.63636363636363,aspect_ratio(z=+4.3)
209/be_016tg_8_435.jpg,209,19,10,679,130.09473684210528,aspect_ratio(z=+5.6)
209/be_016tg_8_450.jpg,209,17,10,627,124.47647058823529,aspect_ratio(z=+4.6)
209/be_016tg_9_106.jpg,209,18,10,675,119.07777777777778,aspect_ratio(z=+5.1)
209/be_016tg_9_107.jpg,209,18,10,668,117.66111111111113,aspect_ratio(z=+5.1)
209/be_016tg_9_115.jpg,209,18,11,679,132.57070707070707,aspect_ratio(z=+4.3)
209/be_016tg_9_119.jpg,209,18,11,690,126.16666666666669,aspect_ratio(z=+4.3)
209/be_016tg_9_138.jpg,209,18,10,666,126.13333333333334,aspect_ratio(z=+5.1)
209/be_016tg_9_139.jpg,209,18,10,674,126.07777777777778,aspect_ratio(z=+5.1)
209/be_016tg_9_179.jpg,209,17,10,634,123.08235294117648,aspect_ratio(z=+4.6)
209/be_016tg_9_32.jpg,209,19,10,670,128.75263157894736,aspect_ratio(z=+5.6)
209/be_016tg_9_33.jpg,209,18,10,668,126.13888888888889,aspect_ratio(z=+5.1)
209/be_016tg_9_332.jpg,209,19,10,675,131.4578947368421,aspect_ratio(z=+5.6)
209/be_016tg_9_351.jpg,209,17,10,632,121.50588235294116,aspect_ratio(z=+4.6)
209/be_016tg_9_355.jpg,209,18,10,660,123.34444444444443,aspect_ratio(z=+5.1)
209/be_016tg_9_358.jpg,209,18,10,658,119.04444444444444,aspect_ratio(z=+5.1)
209/be_016tg_9_400.jpg,209,17,10,624,118.63529411764706,aspect_ratio(z=+4.6)
209/be_016tg_9_401.jpg,209,17,10,626,120.02352941176471,aspect_ratio(z=+4.6)
209/be_016tg_9_92.jpg,209,18,11,678,139.07575757575756,aspect_ratio(z=+4.3)
209/be_017sg_3_28.jpg,209,9,5,433,91.04444444444444,aspect_ratio(z=+5.1)
209/be_017sg_3_29.jpg,209,9,5,428,85.26666666666667,aspect_ratio(z=+5.1)
209/be_017sg_4_102.jpg,209,13,7,481,115.04395604395604,aspect_ratio(z=+5.4)
209/be_017sg_4_125.jpg,209,13,7,481,114.92307692307692,aspect_ratio(z=+5.4)
209/be_017sg_4_150.jpg,209,13,7,478,117.75824175824177,aspect_ratio(z=+5.4)
209/be_017sg_4_155.jpg,209,13,7,476,115.06593406593409,aspect_ratio(z=+5.4)
209/be_017sg_4_156.jpg,209,13,7,481,115.04395604395604,aspect_ratio(z=+5.4)
209/be_017sg_4_158.jpg,209,13,7,478,117.95604395604396,aspect_ratio(z=+5.4)
209/be_017sg_4_256.jpg,209,12,7,479,115.46428571428572,aspect_ratio(z=+4.7)
209/be_017sg_4_257.jpg,209,12,7,474,112.53571428571428,aspect_ratio(z=+4.7)
209/be_017sg_4_282.jpg,209,12,7,482,118.3095238095238,aspect_ratio(z=+4.7)
209/be_017sg_4_320.jpg,209,13,7,477,117.68131868131869,aspect_ratio(z=+5.4)
209/be_017sg_4_323.jpg,209,12,7,481,118.46428571428572,aspect_ratio(z=+4.7)
209/be_017sg_4_66.jpg,209,12,7,474,112.45238095238096,aspect_ratio(z=+4.7)
209/be_017sg_5_26.jpg,209,15,7,480,124.0,aspect_ratio(z=+6.8)
209/be_017sg_6_113.jpg,209,13,7,478,117.75824175824177,aspect_ratio(z=+5.4)
209/be_017sg_6_151.jpg,209,12,8,476,127.52083333333331,aspect_ratio(z=+3.6)
209/be_017sg_6_16.jpg,209,12,7,477,118.39285714285714,aspect_ratio(z=+4.7)
209/be_017sg_6_197.jpg,209,12,7,474,112.53571428571428,aspect_ratio(z=+4.7)
209/be_017sg_6_218.jpg,209,12,8,477,124.88541666666669,aspect_ratio(z=+3.6)
209/be_017sg_6_22.jpg,209,12,7,477,106.47619047619048,aspect_ratio(z=+4.7)
209/be_017sg_6_24.jpg,209,13,7,483,117.76923076923076,aspect_ratio(z=+5.4)
209/be_017sg_6_243.jpg,209,13,7,488,126.10989010989012,aspect_ratio(z=+5.4)
209/be_017sg_6_302.jpg,209,13,7,480,117.78021978021978,aspect_ratio(z=+5.4)
209/be_017sg_6_322.jpg,209,13,7,479,120.46153846153848,aspect_ratio(z=+5.4)
209/be_017sg_6_432.jpg,209,12,7,475,112.33333333333331,aspect_ratio(z=+4.7)
209/be_017sg_6_460.jpg,209,12,7,477,112.54761904761904,aspect_ratio(z=+4.7)
209/be_017sg_6_461.jpg,209,12,7,476,121.53571428571428,aspect_ratio(z=+4.7)
209/be_017sg_7_124.jpg,209,13,7,481,120.5934065934066,aspect_ratio(z=+5.4)
209/be_017sg_7_132.jpg,209,13,7,477,120.47252747252747,aspect_ratio(z=+5.4)
209/be_017sg_7_133.jpg,209,13,7,485,134.52747252747253,aspect_ratio(z=+5.4)
209/be_017sg_7_140.jpg,209,12,7,476,109.53571428571428,aspect_ratio(z=+4.7)
209/be_017sg_7_183.jpg,209,13,7,481,115.04395604395604,aspect_ratio(z=+5.4)
209/be_017sg_7_184.jpg,209,13,7,475,109.35164835164836,aspect_ratio(z=+5.4)
209/be_017sg_7_200.jpg,209,13,7,483,123.35164835164836,aspect_ratio(z=+5.4)
209/be_017sg_7_207.jpg,209,12,7,478,115.45238095238096,aspect_ratio(z=+4.7)
209/be_017sg_7_23.jpg,209,12,7,477,121.47619047619048,aspect_ratio(z=+4.7)
209/be_017sg_7_234.jpg,209,12,7,480,115.42857142857144,aspect_ratio(z=+4.7)
209/be_017sg_7_291.jpg,209,12,7,479,109.58333333333331,aspect_ratio(z=+4.7)
209/be_017sg_7_3.jpg,209,12,7,477,112.48809523809524,aspect_ratio(z=+4.7)
209/be_017sg_7_342.jpg,209,12,7,482,112.32142857142856,aspect_ratio(z=+4.7)
209/be_017sg_7_364.jpg,209,13,7,481,117.71428571428572,aspect_ratio(z=+5.4)
209/be_017sg_7_383.jpg,209,13,7,480,117.82417582417582,aspect_ratio(z=+5.4)
209/be_017sg_7_389.jpg,209,13,7,478,112.27472527472528,aspect_ratio(z=+5.4)
209/be_017sg_7_4.jpg,209,12,7,476,115.41666666666669,aspect_ratio(z=+4.7)
209/be_017sg_7_408.jpg,209,12,7,483,109.3452380952381,aspect_ratio(z=+4.7)
209/be_017sg_7_428.jpg,209,12,7,481,124.57142857142856,aspect_ratio(z=+4.7)
209/be_017sg_7_479.jpg,209,12,7,481,115.3452380952381,aspect_ratio(z=+4.7)
209/be_017sg_7_85.jpg,209,13,7,480,117.6923076923077,aspect_ratio(z=+5.4)
209/be_017tg_3_28.jpg,209,13,8,480,110.5,aspect_ratio(z=+4.2)
209/be_017tg_4_103.jpg,209,18,10,663,126.10555555555555,aspect_ratio(z=+5.1)
209/be_017tg_4_127.jpg,209,18,11,688,136.42424242424244,aspect_ratio(z=+4.3)
209/be_017tg_4_153.jpg,209,19,10,682,124.82105263157897,aspect_ratio(z=+5.6)
209/be_017tg_4_158.jpg,209,18,11,682,132.65656565656565,aspect_ratio(z=+4.3)
209/be_017tg_4_159.jpg,209,18,10,672,126.11666666666666,aspect_ratio(z=+5.1)
209/be_017tg_4_161.jpg,209,18,11,680,135.1919191919192,aspect_ratio(z=+4.3)
209/be_017tg_4_260.jpg,209,18,11,684,135.16161616161617,aspect_ratio(z=+4.3)
209/be_017tg_4_285.jpg,209,19,11,691,135.32535885167465,aspect_ratio(z=+4.7)
209/be_017tg_4_323.jpg,209,19,11,686,136.60765550239233,aspect_ratio(z=+4.7)
209/be_017tg_4_326.jpg,209,19,11,685,141.5071770334928,aspect_ratio(z=+4.7)
209/be_017tg_4_66.jpg,209,18,11,684,127.52020202020202,aspect_ratio(z=+4.3)
209/be_017tg_5_29.jpg,209,22,12,730,141.86363636363637,aspect_ratio(z=+5.3)
209/be_017tg_6_113.jpg,209,19,11,684,141.44019138755982,aspect_ratio(z=+4.7)
209/be_017tg_6_151.jpg,209,19,10,668,131.4,aspect_ratio(z=+5.6)
209/be_017tg_6_16.jpg,209,18,11,672,136.47979797979798,aspect_ratio(z=+4.3)
209/be_017tg_6_198.jpg,209,18,10,674,124.72222222222224,aspect_ratio(z=+5.1)
209/be_017tg_6_21.jpg,209,18,10,663,123.27777777777776,aspect_ratio(z=+5.1)
209/be_017tg_6_219.jpg,209,18,11,682,131.3080808080808,aspect_ratio(z=+4.3)
209/be_017tg_6_22.jpg,209,18,10,670,126.16111111111113,aspect_ratio(z=+5.1)
209/be_017tg_6_24.jpg,209,18,11,681,131.3181818181818,aspect_ratio(z=+4.3)
209/be_017tg_6_244.jpg,209,18,11,680,128.7979797979798,aspect_ratio(z=+4.3)
209/be_017tg_6_303.jpg,209,18,10,672,123.30555555555556,aspect_ratio(z=+5.1)
209/be_017tg_6_324.jpg,209,19,11,688,139.05263157894737,aspect_ratio(z=+4.7)
209/be_017tg_6_435.jpg,209,19,11,681,142.66507177033492,aspect_ratio(z=+4.7)
209/be_017tg_6_463.jpg,209,18,11,684,130.03030303030303,aspect_ratio(z=+4.3)
209/be_017tg_6_464.jpg,209,18,11,685,132.67676767676767,aspect_ratio(z=+4.3)
209/be_017tg_7_125.jpg,209,18,10,674,121.87222222222222,aspect_ratio(z=+5.1)
209/be_017tg_7_141.jpg,209,19,10,667,132.85263157894738,aspect_ratio(z=+5.6)
209/be_017tg_7_184.jpg,209,19,11,684,135.4019138755981,aspect_ratio(z=+4.7)
209/be_017tg_7_185.jpg,209,19,11,683,135.33492822966508,aspect_ratio(z=+4.7)
209/be_017tg_7_201.jpg,209,19,11,684,135.4019138755981,aspect_ratio(z=+4.7)
209/be_017tg_7_208.jpg,209,18,11,680,132.56565656565655,aspect_ratio(z=+4.3)
209/be_017tg_7_23.jpg,209,18,11,686,131.26767676767676,aspect_ratio(z=+4.3)
209/be_017tg_7_235.jpg,209,18,11,677,136.52020202020202,aspect_ratio(z=+4.3)
209/be_017tg_7_27.jpg,209,18,11,686,130.03535353535352,aspect_ratio(z=+4.3)
209/be_017tg_7_292.jpg,209,18,11,682,127.37373737373736,aspect_ratio(z=+4.3)
209/be_017tg_7_3.jpg,209,18,11,686,131.36868686868686,aspect_ratio(z=+4.3)
209/be_017tg_7_343.jpg,209,19,10,668,122.22105263157894,aspect_ratio(z=+5.6)
209/be_017tg_7_365.jpg,209,19,10,672,128.8578947368421,aspect_ratio(z=+5.6)
209/be_017tg_7_384.jpg,209,18,10,667,124.7,aspect_ratio(z=+5.1)
209/be_017tg_7_390.jpg,209,18,11,688,130.06565656565655,aspect_ratio(z=+4.3)
209/be_017tg_7_4.jpg,209,18,11,697,135.18686868686868,aspect_ratio(z=+4.3)
209/be_017tg_7_410.jpg,209,18,11,689,124.96969696969695,aspect_ratio(z=+4.3)
209/be_017tg_7_430.jpg,209,18,10,674,123.2611111111111,aspect_ratio(z=+5.1)
209/be_017tg_7_480.jpg,209,18,10,674,126.12222222222222,aspect_ratio(z=+5.1)
209/be_017tg_7_481.jpg,209,18,11,685,132.65151515151516,aspect_ratio(z=+4.3)
209/be_017tg_7_85.jpg,209,18,11,678,136.41919191919192,aspect_ratio(z=+4.3)
209/be_018sg_11_1.jpg,209,17,9,536,126.75816993464052,aspect_ratio(z=+5.6)
209/be_018sg_11_17.jpg,209,17,9,537,131.58823529411765,aspect_ratio(z=+5.6)
209/be_018sg_2_9.jpg,209,22,11,730,137.00413223140495,aspect_ratio(z=+6.1)
209/be_018sg_3_10.jpg,209,13,7,480,117.78021978021978,aspect_ratio(z=+5.4)
209/be_018sg_3_100.jpg,209,12,7,476,109.36904761904762,aspect_ratio(z=+4.7)
209/be_018sg_3_104.jpg,209,12,7,481,106.36904761904762,aspect_ratio(z=+4.7)
209/be_018sg_3_105.jpg,209,12,7,480,109.41666666666669,aspect_ratio(z=+4.7)
209/be_018sg_3_122.jpg,209,13,7,482,117.73626373626374,aspect_ratio(z=+5.4)
209/be_018sg_3_123.jpg,209,13,7,474,112.21978021978022,aspect_ratio(z=+5.4)
209/be_018sg_3_136.jpg,209,13,8,485,129.9903846153846,aspect_ratio(z=+4.2)
209/be_018sg_3_146.jpg,209,12,7,478,100.47619047619048,aspect_ratio(z=+4.7)
209/be_018sg_3_150.jpg,209,13,7,489,114.91208791208793,aspect_ratio(z=+5.4)
209/be_018sg_3_16.jpg,209,12,7,480,109.46428571428572,aspect_ratio(z=+4.7)
209/be_018sg_3_17.jpg,209,12,7,481,112.52380952380952,aspect_ratio(z=+4.7)
209/be_018sg_3_195.jpg,209,13,7,481,115.05494505494504,aspect_ratio(z=+5.4)
209/be_018sg_3_206.jpg,209,12,7,472,109.46428571428572,aspect_ratio(z=+4.7)
209/be_018sg_3_255.jpg,209,12,7,484,115.48809523809524,aspect_ratio(z=+4.7)
209/be_018sg_3_260.jpg,209,13,7,484,120.58241758241758,aspect_ratio(z=+5.4)
209/be_018sg_3_263.jpg,209,13,7,482,114.95604395604396,aspect_ratio(z=+5.4)
209/be_018sg_3_311.jpg,209,12,7,476,106.3452380952381,aspect_ratio(z=+4.7)
209/be_018sg_3_315.jpg,209,13,7,483,120.6043956043956,aspect_ratio(z=+5.4)
209/be_018sg_3_316.jpg,209,13,7,479,115.010989010989,aspect_ratio(z=+5.4)
209/be_018sg_3_336.jpg,209,13,7,478,120.4065934065934,aspect_ratio(z=+5.4)
209/be_018sg_3_337.jpg,209,13,7,479,126.02197802197804,aspect_ratio(z=+5.4)
209/be_018sg_3_40.jpg,209,12,7,481,109.26190476190476,aspect_ratio(z=+4.7)
209/be_018sg_3_406.jpg,209,12,7,475,112.46428571428572,aspect_ratio(z=+4.7)
209/be_018sg_3_407.jpg,209,12,7,479,118.47619047619048,aspect_ratio(z=+4.7)
209/be_018sg_3_41.jpg,209,12,7,472,106.46428571428572,aspect_ratio(z=+4.7)
209/be_018sg_3_426.jpg,209,12,7,481,103.46428571428572,aspect_ratio(z=+4.7)
209/be_018sg_3_446.jpg,209,12,7,479,109.53571428571428,aspect_ratio(z=+4.7)
209/be_018sg_3_66.jpg,209,12,7,479,106.51190476190476,aspect_ratio(z=+4.7)
209/be_018sg_3_67.jpg,209,12,7,478,118.48809523809524,aspect_ratio(z=+4.7)
209/be_018sg_3_77.jpg,209,13,8,477,127.39423076923076,aspect_ratio(z=+4.2)
209/be_018sg_4_24.jpg,209,16,8,484,131.5,aspect_ratio(z=+6.1)
209/be_018sg_5_4.jpg,209,12,7,479,109.38095238095238,aspect_ratio(z=+4.7)
209/be_018sg_6_1.jpg,209,12,8,482,135.42708333333334,aspect_ratio(z=+3.6)
209/be_018sg_6_225.jpg,209,13,7,484,123.2967032967033,aspect_ratio(z=+5.4)
209/be_018sg_6_226.jpg,209,12,7,478,109.41666666666669,aspect_ratio(z=+4.7)
209/be_018sg_6_232.jpg,209,13,8,485,132.43269230769232,aspect_ratio(z=+4.2)
209/be_018sg_6_265.jpg,209,13,8,486,137.23076923076923,aspect_ratio(z=+4.2)
209/be_018sg_6_306.jpg,209,13,8,484,137.26923076923077,aspect_ratio(z=+4.2)
209/be_018sg_6_309.jpg,209,13,7,488,114.989010989011,aspect_ratio(z=+5.4)
209/be_018sg_6_331.jpg,209,12,7,478,115.45238095238096,aspect_ratio(z=+4.7)
209/be_018sg_6_332.jpg,209,12,7,486,118.60714285714286,aspect_ratio(z=+4.7)
209/be_018sg_6_367.jpg,209,12,7,476,109.36904761904762,aspect_ratio(z=+4.7)
209/be_018sg_6_370.jpg,209,13,7,479,106.57142857142856,aspect_ratio(z=+5.4)
209/be_018sg_6_400.jpg,209,13,7,476,106.68131868131869,aspect_ratio(z=+5.4)
209/be_018sg_6_403.jpg,209,12,7,478,112.42857142857144,aspect_ratio(z=+4.7)
209/be_018sg_6_7.jpg,209,12,7,483,112.36904761904762,aspect_ratio(z=+4.7)
209/be_018sg_6_71.jpg,209,12,7,478,121.60714285714286,aspect_ratio(z=+4.7)
209/be_018sg_6_74.jpg,209,11,7,474,115.9090909090909,aspect_ratio(z=+4.0)
209/be_018sg_7_1.jpg,209,12,7,480,109.39285714285714,aspect_ratio(z=+4.7)
209/be_018sg_7_126.jpg,209,13,7,480,117.82417582417582,aspect_ratio(z=+5.4)
209/be_018sg_7_130.jpg,209,13,7,482,117.85714285714286,aspect_ratio(z=+5.4)
209/be_018sg_7_131.jpg,209,12,7,476,103.42857142857144,aspect_ratio(z=+4.7)
209/be_018sg_7_178.jpg,209,13,7,481,120.5934065934066,aspect_ratio(z=+5.4)
209/be_018sg_7_193.jpg,209,12,8,476,135.34375,aspect_ratio(z=+3.6)
209/be_018sg_7_220.jpg,209,12,7,478,118.45238095238096,aspect_ratio(z=+4.7)
209/be_018sg_7_226.jpg,209,12,7,477,106.4404761904762,aspect_ratio(z=+4.7)
209/be_018sg_7_229.jpg,209,13,7,473,120.47252747252747,aspect_ratio(z=+5.4)
209/be_018sg_7_23.jpg,209,13,7,490,120.43956043956044,aspect_ratio(z=+5.4)
209/be_018sg_7_242.jpg,209,12,7,473,121.42857142857144,aspect_ratio(z=+4.7)
209/be_018sg_7_249.jpg,209,12,7,480,106.32142857142856,aspect_ratio(z=+4.7)
209/be_018sg_7_250.jpg,209,12,7,477,121.4404761904762,aspect_ratio(z=+4.7)
209/be_018sg_7_27.jpg,209,11,7,479,109.48051948051948,aspect_ratio(z=+4.0)
209/be_018sg_7_272.jpg,209,12,8,473,127.25,aspect_ratio(z=+3.6)
209/be_018sg_7_273.jpg,209,12,7,476,106.35714285714286,aspect_ratio(z=+4.7)
209/be_018sg_7_28.jpg,209,11,7,483,112.75324675324676,aspect_ratio(z=+4.0)
209/be_018sg_7_296.jpg,209,13,8,484,134.66346153846155,aspect_ratio(z=+4.2)
209/be_018sg_7_320.jpg,209,12,8,475,119.61458333333331,aspect_ratio(z=+3.6)
209/be_018sg_7_41.jpg,209,12,7,477,115.57142857142856,aspect_ratio(z=+4.7)
209/be_018sg_7_5.jpg,209,12,7,481,115.45238095238096,aspect_ratio(z=+4.7)
209/be_018sg_7_6.jpg,209,12,7,482,124.5595238095238,aspect_ratio(z=+4.7)
209/be_018sg_7_74.jpg,209,12,7,478,112.35714285714286,aspect_ratio(z=+4.7)
209/be_018sg_7_75.jpg,209,12,7,479,112.5595238095238,aspect_ratio(z=+4.7)
209/be_018sg_7_85.jpg,209,13,7,476,112.16483516483515,aspect_ratio(z=+5.4)
209/be_018sg_8_12.jpg,209,15,8,482,133.85833333333332,aspect_ratio(z=+5.5)
209/be_018sg_9_109.jpg,209,13,7,473,120.47252747252747,aspect_ratio(z=+5.4)
209/be_018sg_9_115.jpg,209,13,7,484,125.96703296703296,aspect_ratio(z=+5.4)
209/be_018sg_9_118.jpg,209,12,7,480,109.35714285714286,aspect_ratio(z=+4.7)
209/be_018sg_9_121.jpg,209,11,7,479,102.87012987012989,aspect_ratio(z=+4.0)
209/be_018sg_9_126.jpg,209,12,7,473,106.36904761904762,aspect_ratio(z=+4.7)
209/be_018sg_9_137.jpg,209,13,7,474,117.63736263736264,aspect_ratio(z=+5.4)
209/be_018sg_9_173.jpg,209,12,7,482,106.45238095238096,aspect_ratio(z=+4.7)
209/be_018sg_9_179.jpg,209,12,7,479,106.4404761904762,aspect_ratio(z=+4.7)
209/be_018sg_9_193.jpg,209,13,7,479,117.71428571428572,aspect_ratio(z=+5.4)
209/be_018sg_9_205.jpg,209,12,7,475,109.46428571428572,aspect_ratio(z=+4.7)
209/be_018sg_9_270.jpg,209,12,7,477,100.4047619047619,aspect_ratio(z=+4.7)
209/be_018sg_9_277.jpg,209,12,7,475,103.4047619047619,aspect_ratio(z=+4.7)
209/be_018sg_9_278.jpg,209,12,7,480,109.54761904761904,aspect_ratio(z=+4.7)
209/be_018sg_9_300.jpg,209,13,8,477,129.92307692307693,aspect_ratio(z=+4.2)
209/be_018sg_9_41.jpg,209,12,7,479,109.28571428571428,aspect_ratio(z=+4.7)
209/be_018sg_9_61.jpg,209,12,7,481,112.60714285714286,aspect_ratio(z=+4.7)
209/be_018sg_9_62.jpg,209,12,7,475,115.42857142857144,aspect_ratio(z=+4.7)
209/be_018sg_9_83.jpg,209,13,8,489,130.01923076923077,aspect_ratio(z=+4.2)
209/be_018sg_9_86.jpg,209,13,7,479,106.57142857142856,aspect_ratio(z=+5.4)
209/be_018tg_11_19.jpg,209,26,13,812,133.52662721893492,aspect_ratio(z=+6.1)
209/be_018tg_11_3.jpg,209,26,14,821,139.40384615384616,aspect_ratio(z=+5.4)
209/be_018tg_2_9.jpg,209,33,17,910,145.01604278074868,width(z=+3.8); aspect_ratio(z=+5.8)
209/be_018tg_3_10.jpg,209,19,11,690,137.88516746411483,aspect_ratio(z=+4.7)
209/be_018tg_3_100.jpg,209,18,11,690,129.92424242424244,aspect_ratio(z=+4.3)
209/be_018tg_3_123.jpg,209,18,11,682,126.15151515151516,aspect_ratio(z=+4.3)
209/be_018tg_3_124.jpg,209,18,11,693,128.77777777777777,aspect_ratio(z=+4.3)
209/be_018tg_3_137.jpg,209,18,11,691,128.7020202020202,aspect_ratio(z=+4.3)
209/be_018tg_3_147.jpg,209,18,11,685,124.86868686868686,aspect_ratio(z=+4.3)
209/be_018tg_3_151.jpg,209,18,10,675,119.05555555555556,aspect_ratio(z=+5.1)
209/be_018tg_3_16.jpg,209,19,10,665,132.83157894736843,aspect_ratio(z=+5.6)
209/be_018tg_3_17.jpg,209,19,11,680,132.98564593301435,aspect_ratio(z=+4.7)
209/be_018tg_3_196.jpg,209,19,11,688,132.95693779904306,aspect_ratio(z=+4.7)
209/be_018tg_3_207.jpg,209,19,11,681,136.64114832535884,aspect_ratio(z=+4.7)
209/be_018tg_3_258.jpg,209,18,11,678,130.06060606060606,aspect_ratio(z=+4.3)
209/be_018tg_3_263.jpg,209,18,11,680,124.86868686868686,aspect_ratio(z=+4.3)
209/be_018tg_3_264.jpg,209,18,11,688,128.7828282828283,aspect_ratio(z=+4.3)
209/be_018tg_3_266.jpg,209,18,10,663,124.68333333333334,aspect_ratio(z=+5.1)
209/be_018tg_3_315.jpg,209,18,11,675,127.4141414141414,aspect_ratio(z=+4.3)
209/be_018tg_3_320.jpg,209,19,11,683,135.33492822966508,aspect_ratio(z=+4.7)
209/be_018tg_3_340.jpg,209,19,10,677,130.0842105263158,aspect_ratio(z=+5.6)
209/be_018tg_3_341.jpg,209,19,10,662,124.76315789473684,aspect_ratio(z=+5.6)
209/be_018tg_3_40.jpg,209,18,11,690,126.18686868686868,aspect_ratio(z=+4.3)
209/be_018tg_3_41.jpg,209,18,10,674,119.07222222222222,aspect_ratio(z=+5.1)
209/be_018tg_3_410.jpg,209,18,11,673,129.95959595959596,aspect_ratio(z=+4.3)
209/be_018tg_3_411.jpg,209,18,11,685,132.57575757575756,aspect_ratio(z=+4.3)
209/be_018tg_3_430.jpg,209,19,10,682,126.22631578947367,aspect_ratio(z=+5.6)
209/be_018tg_3_450.jpg,209,18,11,687,132.5909090909091,aspect_ratio(z=+4.3)
209/be_018tg_3_66.jpg,209,19,11,692,135.4066985645933,aspect_ratio(z=+4.7)
209/be_018tg_3_67.jpg,209,18,11,675,128.7828282828283,aspect_ratio(z=+4.3)
209/be_018tg_3_77.jpg,209,18,10,668,113.55555555555556,aspect_ratio(z=+5.1)
209/be_018tg_4_25.jpg,209,25,13,783,148.8953846153846,aspect_ratio(z=+5.7)
209/be_018tg_5_3.jpg,209,2,2,390,64.0,mean_intensity(z=-3.8)
209/be_018tg_5_7.jpg,209,18,11,680,126.26767676767676,aspect_ratio(z=+4.3)
209/be_018tg_6_1.jpg,209,18,11,687,124.97979797979798,aspect_ratio(z=+4.3)
209/be_018tg_6_226.jpg,209,19,11,684,137.79904306220095,aspect_ratio(z=+4.7)
209/be_018tg_6_227.jpg,209,19,10,674,128.8,aspect_ratio(z=+5.6)
209/be_018tg_6_233.jpg,209,19,10,673,123.5157894736842,aspect_ratio(z=+5.6)
209/be_018tg_6_266.jpg,209,18,11,692,127.45959595959596,aspect_ratio(z=+4.3)
209/be_018tg_6_307.jpg,209,18,10,667,123.30555555555556,aspect_ratio(z=+5.1)
209/be_018tg_6_310.jpg,209,18,10,661,123.15,aspect_ratio(z=+5.1)
209/be_018tg_6_332.jpg,209,17,11,635,126.7433155080214,aspect_ratio(z=+3.8)
209/be_018tg_6_333.jpg,209,17,11,640,130.89304812834226,aspect_ratio(z=+3.8)
209/be_018tg_6_368.jpg,209,19,11,682,136.5933014354067,aspect_ratio(z=+4.7)
209/be_018tg_6_371.jpg,209,18,10,671,121.82222222222222,aspect_ratio(z=+5.1)
209/be_018tg_6_401.jpg,209,19,11,685,129.2775119617225,aspect_ratio(z=+4.7)
209/be_018tg_6_404.jpg,209,19,10,680,127.48947368421052,aspect_ratio(z=+5.6)
209/be_018tg_6_7.jpg,209,19,10,669,126.08947368421052,aspect_ratio(z=+5.6)
209/be_018tg_6_71.jpg,209,17,11,633,130.92513368983958,aspect_ratio(z=+3.8)
209/be_018tg_6_74.jpg,209,15,10,596,129.1,aspect_ratio(z=+3.6)
209/be_018tg_6_75.jpg,209,15,10,619,124.04666666666668,aspect_ratio(z=+3.6)
209/be_018tg_7_1.jpg,209,19,10,680,130.06842105263158,aspect_ratio(z=+5.6)
209/be_018tg_7_127.jpg,209,19,10,672,123.47368421052632,aspect_ratio(z=+5.6)
209/be_018tg_7_131.jpg,209,18,10,675,120.50555555555556,aspect_ratio(z=+5.1)
209/be_018tg_7_132.jpg,209,18,10,672,124.77777777777776,aspect_ratio(z=+5.1)
209/be_018tg_7_179.jpg,209,18,11,675,131.25757575757575,aspect_ratio(z=+4.3)
209/be_018tg_7_194.jpg,209,18,11,680,130.08080808080808,aspect_ratio(z=+4.3)
209/be_018tg_7_221.jpg,209,18,10,668,123.27222222222224,aspect_ratio(z=+5.1)
209/be_018tg_7_227.jpg,209,18,11,683,133.84343434343435,aspect_ratio(z=+4.3)
209/be_018tg_7_230.jpg,209,18,10,677,120.45555555555556,aspect_ratio(z=+5.1)
209/be_018tg_7_24.jpg,209,18,11,681,136.41414141414143,aspect_ratio(z=+4.3)
209/be_018tg_7_244.jpg,209,18,11,678,132.6818181818182,aspect_ratio(z=+4.3)
209/be_018tg_7_251.jpg,209,18,10,668,124.79444444444444,aspect_ratio(z=+5.1)
209/be_018tg_7_252.jpg,209,18,10,676,124.66666666666669,aspect_ratio(z=+5.1)
209/be_018tg_7_274.jpg,209,19,10,672,124.84736842105264,aspect_ratio(z=+5.6)
209/be_018tg_7_275.jpg,209,19,11,696,135.35406698564594,aspect_ratio(z=+4.7)
209/be_018tg_7_28.jpg,209,16,10,599,124.34375,aspect_ratio(z=+4.1)
209/be_018tg_7_298.jpg,209,18,11,692,123.73232323232324,aspect_ratio(z=+4.3)
209/be_018tg_7_323.jpg,209,19,10,679,123.46315789473684,aspect_ratio(z=+5.6)
209/be_018tg_7_42.jpg,209,19,10,676,127.45263157894736,aspect_ratio(z=+5.6)
209/be_018tg_7_6.jpg,209,18,10,674,121.89444444444445,aspect_ratio(z=+5.1)
209/be_018tg_7_76.jpg,209,18,10,662,123.29444444444444,aspect_ratio(z=+5.1)
209/be_018tg_7_86.jpg,209,19,11,688,135.3732057416268,aspect_ratio(z=+4.7)
209/be_018tg_7_99.jpg,209,19,10,674,127.5578947368421,aspect_ratio(z=+5.6)
209/be_018tg_8_11.jpg,209,23,12,747,148.6086956521739,aspect_ratio(z=+5.7)
209/be_018tg_9_106.jpg,209,2,2,390,64.0,mean_intensity(z=-3.8)
209/be_018tg_9_112.jpg,209,19,10,682,123.50526315789472,aspect_ratio(z=+5.6)
209/be_018tg_9_118.jpg,209,18,11,675,135.15656565656565,aspect_ratio(z=+4.3)
209/be_018tg_9_121.jpg,209,17,10,629,125.99411764705884,aspect_ratio(z=+4.6)
209/be_018tg_9_124.jpg,209,16,10,600,114.825,aspect_ratio(z=+4.1)
209/be_018tg_9_129.jpg,209,18,11,683,121.22727272727272,aspect_ratio(z=+4.3)
209/be_018tg_9_140.jpg,209,18,11,684,124.93939393939394,aspect_ratio(z=+4.3)
209/be_018tg_9_141.jpg,209,18,10,673,121.88888888888889,aspect_ratio(z=+5.1)
209/be_018tg_9_176.jpg,209,18,11,674,132.53535353535352,aspect_ratio(z=+4.3)
209/be_018tg_9_182.jpg,209,18,11,678,123.79292929292929,aspect_ratio(z=+4.3)
209/be_018tg_9_196.jpg,209,18,11,684,128.73737373737373,aspect_ratio(z=+4.3)
209/be_018tg_9_208.jpg,209,17,11,655,130.8716577540107,aspect_ratio(z=+3.8)
209/be_018tg_9_273.jpg,209,19,11,695,129.4066985645933,aspect_ratio(z=+4.7)
209/be_018tg_9_280.jpg,209,19,10,668,122.22105263157894,aspect_ratio(z=+5.6)
209/be_018tg_9_281.jpg,209,19,11,689,128.07655502392345,aspect_ratio(z=+4.7)
209/be_018tg_9_303.jpg,209,19,11,699,129.39234449760767,aspect_ratio(z=+4.7)
209/be_018tg_9_41.jpg,209,18,11,693,127.4040404040404,aspect_ratio(z=+4.3)
209/be_018tg_9_61.jpg,209,18,11,686,124.94949494949496,aspect_ratio(z=+4.3)
209/be_018tg_9_62.jpg,209,18,10,662,121.98333333333332,aspect_ratio(z=+5.1)
209/be_018tg_9_83.jpg,209,19,11,694,134.1818181818182,aspect_ratio(z=+4.7)
209/be_018tg_9_86.jpg,209,18,10,668,120.46111111111112,aspect_ratio(z=+5.1)
209/be_019sg_2_53.jpg,209,10,5,468,97.14,aspect_ratio(z=+6.1)
209/be_019sg_2_82.jpg,209,9,5,426,79.4888888888889,aspect_ratio(z=+5.1)
209/be_019sg_2_83.jpg,209,9,5,426,85.22222222222223,aspect_ratio(z=+5.1)
209/be_019sg_3_111.jpg,209,13,8,489,134.875,aspect_ratio(z=+4.2)
209/be_019sg_3_157.jpg,209,13,7,483,131.64835164835165,aspect_ratio(z=+5.4)
209/be_019sg_3_19.jpg,209,12,7,478,109.47619047619048,aspect_ratio(z=+4.7)
209/be_019sg_3_258.jpg,209,12,7,475,109.47619047619048,aspect_ratio(z=+4.7)
209/be_019sg_3_259.jpg,209,12,7,477,112.54761904761904,aspect_ratio(z=+4.7)
209/be_019sg_3_26.jpg,209,12,7,479,112.28571428571428,aspect_ratio(z=+4.7)
209/be_019sg_3_27.jpg,209,12,7,479,112.53571428571428,aspect_ratio(z=+4.7)
209/be_019sg_3_272.jpg,209,12,7,477,115.51190476190476,aspect_ratio(z=+4.7)
209/be_019sg_3_286.jpg,209,12,7,477,106.4404761904762,aspect_ratio(z=+4.7)
209/be_019sg_3_47.jpg,209,13,7,481,114.89010989010988,aspect_ratio(z=+5.4)
209/be_019sg_3_78.jpg,209,12,7,479,109.35714285714286,aspect_ratio(z=+4.7)
209/be_019sg_4_30.jpg,209,22,12,736,136.13257575757575,aspect_ratio(z=+5.3)
209/be_019sg_4_34.jpg,209,19,11,686,132.96172248803828,aspect_ratio(z=+4.7)
209/be_019sg_4_35.jpg,209,19,11,689,134.14354066985646,aspect_ratio(z=+4.7)
209/be_019sg_4_48.jpg,209,22,12,743,139.90530303030303,aspect_ratio(z=+5.3)
209/be_019sg_5_129.jpg,209,12,7,475,109.28571428571428,aspect_ratio(z=+4.7)
209/be_019sg_5_186.jpg,209,13,8,483,129.89423076923077,aspect_ratio(z=+4.2)
209/be_019sg_5_22.jpg,209,12,7,476,112.29761904761904,aspect_ratio(z=+4.7)
209/be_019sg_5_37.jpg,209,12,7,482,112.33333333333331,aspect_ratio(z=+4.7)
209/be_019sg_5_38.jpg,209,12,7,484,118.58333333333331,aspect_ratio(z=+4.7)
209/be_019sg_5_76.jpg,209,12,7,476,112.45238095238096,aspect_ratio(z=+4.7)
209/be_019sg_5_77.jpg,209,12,7,477,109.41666666666669,aspect_ratio(z=+4.7)
209/be_019sg_5_86.jpg,209,12,7,476,106.22619047619048,aspect_ratio(z=+4.7)
209/be_019sg_6_126.jpg,209,11,7,471,96.28571428571428,aspect_ratio(z=+4.0)
209/be_019sg_6_174.jpg,209,11,7,479,115.93506493506491,aspect_ratio(z=+4.0)
209/be_019sg_6_232.jpg,209,13,7,483,123.35164835164836,aspect_ratio(z=+5.4)
209/be_019sg_6_236.jpg,209,13,7,476,112.16483516483515,aspect_ratio(z=+5.4)
209/be_019sg_6_242.jpg,209,13,7,479,114.989010989011,aspect_ratio(z=+5.4)
209/be_019sg_6_289.jpg,209,12,7,486,118.60714285714286,aspect_ratio(z=+4.7)
209/be_019sg_6_295.jpg,209,12,7,482,118.52380952380952,aspect_ratio(z=+4.7)
209/be_019sg_6_319.jpg,209,12,7,483,109.3452380952381,aspect_ratio(z=+4.7)
209/be_019sg_6_60.jpg,209,13,7,477,109.35164835164836,aspect_ratio(z=+5.4)
209/be_019sg_6_87.jpg,209,13,7,480,117.82417582417582,aspect_ratio(z=+5.4)
209/be_019sg_6_88.jpg,209,12,7,478,115.4404761904762,aspect_ratio(z=+4.7)
209/be_019sg_8_149.jpg,209,12,7,473,103.46428571428572,aspect_ratio(z=+4.7)
209/be_019sg_8_154.jpg,209,12,8,477,130.09375,aspect_ratio(z=+3.6)
209/be_019sg_8_194.jpg,209,12,7,477,112.4047619047619,aspect_ratio(z=+4.7)
209/be_019sg_8_22.jpg,209,12,7,480,103.41666666666669,aspect_ratio(z=+4.7)
209/be_019sg_8_231.jpg,209,12,8,477,130.07291666666666,aspect_ratio(z=+3.6)
209/be_019sg_8_246.jpg,209,13,8,486,134.94230769230768,aspect_ratio(z=+4.2)
209/be_019sg_8_253.jpg,209,13,8,484,125.08653846153848,aspect_ratio(z=+4.2)
209/be_019sg_8_285.jpg,209,12,7,482,112.33333333333331,aspect_ratio(z=+4.7)
209/be_019sg_8_29.jpg,209,12,8,476,132.79166666666666,aspect_ratio(z=+3.6)
209/be_019sg_8_290.jpg,209,13,7,484,117.67032967032966,aspect_ratio(z=+5.4)
209/be_019sg_8_343.jpg,209,13,7,485,120.47252747252747,aspect_ratio(z=+5.4)
209/be_019sg_8_386.jpg,209,12,7,477,106.38095238095238,aspect_ratio(z=+4.7)
209/be_019sg_8_395.jpg,209,13,7,477,114.94505494505496,aspect_ratio(z=+5.4)
209/be_019sg_8_398.jpg,209,13,7,486,128.8901098901099,aspect_ratio(z=+5.4)
209/be_019sg_8_399.jpg,209,13,7,481,120.41758241758242,aspect_ratio(z=+5.4)
209/be_019sg_8_456.jpg,209,13,7,480,120.45054945054945,aspect_ratio(z=+5.4)
209/be_019sg_8_55.jpg,209,12,7,476,121.45238095238096,aspect_ratio(z=+4.7)
209/be_019sg_8_56.jpg,209,12,7,477,115.3452380952381,aspect_ratio(z=+4.7)
209/be_019tg_2_54.jpg,209,14,8,472,111.75,aspect_ratio(z=+4.9)
209/be_019tg_2_75.jpg,209,14,8,479,114.0625,aspect_ratio(z=+4.9)
209/be_019tg_2_76.jpg,209,14,8,481,125.20535714285714,aspect_ratio(z=+4.9)
209/be_019tg_2_83.jpg,209,14,8,473,123.0625,aspect_ratio(z=+4.9)
209/be_019tg_2_84.jpg,209,13,8,477,108.125,aspect_ratio(z=+4.2)
209/be_019tg_3_111.jpg,209,18,11,691,132.68686868686868,aspect_ratio(z=+4.3)
209/be_019tg_3_157.jpg,209,18,11,685,126.2979797979798,aspect_ratio(z=+4.3)
209/be_019tg_3_19.jpg,209,18,11,672,132.55050505050505,aspect_ratio(z=+4.3)
209/be_019tg_3_198.jpg,209,18,11,691,130.09595959595958,aspect_ratio(z=+4.3)
209/be_019tg_3_258.jpg,209,18,10,677,116.26666666666668,aspect_ratio(z=+5.1)
209/be_019tg_3_27.jpg,209,19,11,694,136.58373205741626,aspect_ratio(z=+4.7)
209/be_019tg_3_272.jpg,209,18,11,681,131.27272727272728,aspect_ratio(z=+4.3)
209/be_019tg_3_286.jpg,209,18,10,678,121.83333333333331,aspect_ratio(z=+5.1)
209/be_019tg_3_47.jpg,209,18,11,682,130.1010101010101,aspect_ratio(z=+4.3)
209/be_019tg_3_78.jpg,209,19,11,686,133.01435406698565,aspect_ratio(z=+4.7)
209/be_019tg_4_30.jpg,209,34,18,1041,148.34640522875816,width(z=+4.0); aspect_ratio(z=+5.6)
209/be_019tg_4_35.jpg,209,28,17,927,145.09873949579833,aspect_ratio(z=+4.3)
209/be_019tg_4_48.jpg,209,33,18,1006,151.9781144781145,width(z=+3.8); aspect_ratio(z=+5.3)
209/be_019tg_5_129.jpg,209,19,11,694,142.74162679425837,aspect_ratio(z=+4.7)
209/be_019tg_5_188.jpg,209,19,11,685,137.8421052631579,aspect_ratio(z=+4.7)
209/be_019tg_5_22.jpg,209,19,10,676,132.82105263157894,aspect_ratio(z=+5.6)
209/be_019tg_5_37.jpg,209,18,10,674,123.26666666666668,aspect_ratio(z=+5.1)
209/be_019tg_5_38.jpg,209,19,10,676,134.22105263157894,aspect_ratio(z=+5.6)
209/be_019tg_5_76.jpg,209,19,11,692,134.22488038277513,aspect_ratio(z=+4.7)
209/be_019tg_5_77.jpg,209,18,10,668,123.4,aspect_ratio(z=+5.1)
209/be_019tg_5_86.jpg,209,18,10,669,119.03888888888888,aspect_ratio(z=+5.1)
209/be_019tg_6_116.jpg,209,19,11,684,139.00956937799043,aspect_ratio(z=+4.7)
209/be_019tg_6_127.jpg,209,17,11,637,136.3048128342246,aspect_ratio(z=+3.8)
209/be_019tg_6_233.jpg,209,19,11,691,130.51196172248802,aspect_ratio(z=+4.7)
209/be_019tg_6_237.jpg,209,18,11,678,124.9141414141414,aspect_ratio(z=+4.3)
209/be_019tg_6_243.jpg,209,19,11,688,135.311004784689,aspect_ratio(z=+4.7)
209/be_019tg_6_290.jpg,209,18,10,664,123.27222222222224,aspect_ratio(z=+5.1)
209/be_019tg_6_296.jpg,209,17,10,623,121.51176470588236,aspect_ratio(z=+4.6)
209/be_019tg_6_297.jpg,209,17,10,631,120.07058823529412,aspect_ratio(z=+4.6)
209/be_019tg_6_321.jpg,209,18,10,673,120.41111111111113,aspect_ratio(z=+5.1)
209/be_019tg_6_61.jpg,209,19,11,691,131.77033492822966,aspect_ratio(z=+4.7)
209/be_019tg_6_88.jpg,209,18,10,669,119.03888888888888,aspect_ratio(z=+5.1)
209/be_019tg_6_89.jpg,209,18,10,678,120.54444444444444,aspect_ratio(z=+5.1)
209/be_019tg_8_149.jpg,209,19,11,682,129.36363636363637,aspect_ratio(z=+4.7)
209/be_019tg_8_150.jpg,209,18,11,695,127.44444444444444,aspect_ratio(z=+4.3)
209/be_019tg_8_154.jpg,209,19,10,668,126.12631578947368,aspect_ratio(z=+5.6)
209/be_019tg_8_194.jpg,209,18,11,680,127.5050505050505,aspect_ratio(z=+4.3)
209/be_019tg_8_195.jpg,209,18,11,682,133.97979797979798,aspect_ratio(z=+4.3)
209/be_019tg_8_22.jpg,209,19,10,676,123.47368421052632,aspect_ratio(z=+5.6)
209/be_019tg_8_23.jpg,209,19,10,663,124.7421052631579,aspect_ratio(z=+5.6)
209/be_019tg_8_231.jpg,209,19,11,690,135.44976076555025,aspect_ratio(z=+4.7)
209/be_019tg_8_246.jpg,209,19,11,685,139.0574162679426,aspect_ratio(z=+4.7)
209/be_019tg_8_253.jpg,209,19,11,694,132.9425837320574,aspect_ratio(z=+4.7)
209/be_019tg_8_285.jpg,209,19,11,687,134.19617224880383,aspect_ratio(z=+4.7)
209/be_019tg_8_29.jpg,209,19,10,679,124.84210526315788,aspect_ratio(z=+5.6)
209/be_019tg_8_290.jpg,209,19,10,675,128.83157894736843,aspect_ratio(z=+5.6)
209/be_019tg_8_342.jpg,209,19,11,690,136.5980861244019,aspect_ratio(z=+4.7)
209/be_019tg_8_385.jpg,209,19,11,692,135.45454545454547,aspect_ratio(z=+4.7)
209/be_019tg_8_394.jpg,209,18,11,684,132.58585858585857,aspect_ratio(z=+4.3)
209/be_019tg_8_397.jpg,209,19,10,674,127.47894736842105,aspect_ratio(z=+5.6)
209/be_019tg_8_398.jpg,209,19,10,671,131.47894736842105,aspect_ratio(z=+5.6)
209/be_019tg_8_455.jpg,209,18,11,686,130.0252525252525,aspect_ratio(z=+4.3)
209/be_019tg_8_55.jpg,209,19,11,688,134.13397129186603,aspect_ratio(z=+4.7)
209/be_019tg_8_56.jpg,209,18,11,682,132.5909090909091,aspect_ratio(z=+4.3)
209/be_020sg_1_10.jpg,209,19,10,686,124.7842105263158,aspect_ratio(z=+5.6)
209/be_020sg_1_11.jpg,209,19,10,677,119.50526315789472,aspect_ratio(z=+5.6)
209/be_020sg_2_142.jpg,209,13,7,475,109.36263736263736,aspect_ratio(z=+5.4)
209/be_020sg_2_158.jpg,209,13,8,480,137.29807692307693,aspect_ratio(z=+4.2)
209/be_020sg_2_159.jpg,209,12,7,477,109.3452380952381,aspect_ratio(z=+4.7)
209/be_020sg_2_188.jpg,209,12,7,478,115.4047619047619,aspect_ratio(z=+4.7)
209/be_020sg_2_196.jpg,209,13,7,478,117.64835164835164,aspect_ratio(z=+5.4)
209/be_020sg_2_236.jpg,209,13,7,486,126.13186813186812,aspect_ratio(z=+5.4)
209/be_020sg_2_275.jpg,209,13,7,479,114.89010989010988,aspect_ratio(z=+5.4)
209/be_020sg_2_276.jpg,209,13,7,482,120.57142857142856,aspect_ratio(z=+5.4)
209/be_020sg_2_336.jpg,209,12,7,475,118.54761904761904,aspect_ratio(z=+4.7)
209/be_020sg_2_337.jpg,209,12,7,482,109.4404761904762,aspect_ratio(z=+4.7)
209/be_020sg_2_345.jpg,209,11,7,476,102.7012987012987,aspect_ratio(z=+4.0)
209/be_020sg_2_372.jpg,209,12,7,478,115.45238095238096,aspect_ratio(z=+4.7)
209/be_020sg_2_373.jpg,209,12,7,475,112.46428571428572,aspect_ratio(z=+4.7)
209/be_020sg_2_78.jpg,209,13,7,476,109.2967032967033,aspect_ratio(z=+5.4)
209/be_020sg_2_79.jpg,209,13,7,481,115.04395604395604,aspect_ratio(z=+5.4)
209/be_020sg_3_15.jpg,209,22,12,738,139.93939393939394,aspect_ratio(z=+5.3)
209/be_020sg_4_119.jpg,209,12,7,477,118.47619047619048,aspect_ratio(z=+4.7)
209/be_020sg_4_156.jpg,209,12,7,480,106.28571428571428,aspect_ratio(z=+4.7)
209/be_020sg_4_157.jpg,209,12,7,478,106.4404761904762,aspect_ratio(z=+4.7)
209/be_020sg_4_163.jpg,209,12,7,479,112.28571428571428,aspect_ratio(z=+4.7)
209/be_020sg_4_184.jpg,209,12,7,473,115.48809523809524,aspect_ratio(z=+4.7)
209/be_020sg_4_185.jpg,209,12,7,477,112.28571428571428,aspect_ratio(z=+4.7)
209/be_020sg_4_4.jpg,209,12,7,486,121.46428571428572,aspect_ratio(z=+4.7)
209/be_020sg_5_120.jpg,209,13,7,483,123.2967032967033,aspect_ratio(z=+5.4)
209/be_020sg_5_121.jpg,209,13,7,482,123.17582417582418,aspect_ratio(z=+5.4)
209/be_020sg_5_168.jpg,209,12,7,476,109.51190476190476,aspect_ratio(z=+4.7)
209/be_020sg_5_187.jpg,209,12,7,478,112.32142857142856,aspect_ratio(z=+4.7)
209/be_020sg_5_235.jpg,209,12,7,481,109.5,aspect_ratio(z=+4.7)
209/be_020sg_5_31.jpg,209,12,7,481,109.4047619047619,aspect_ratio(z=+4.7)
209/be_020sg_6_145.jpg,209,13,7,482,114.85714285714286,aspect_ratio(z=+5.4)
209/be_020sg_6_154.jpg,209,12,7,476,112.42857142857144,aspect_ratio(z=+4.7)
209/be_020sg_6_176.jpg,209,13,7,480,117.78021978021978,aspect_ratio(z=+5.4)
209/be_020sg_6_213.jpg,209,12,7,482,109.33333333333331,aspect_ratio(z=+4.7)
209/be_020sg_6_239.jpg,209,12,7,480,106.28571428571428,aspect_ratio(z=+4.7)
209/be_020sg_6_250.jpg,209,13,8,481,132.45192307692307,aspect_ratio(z=+4.2)
209/be_020sg_6_251.jpg,209,13,7,484,120.54945054945055,aspect_ratio(z=+5.4)
209/be_020sg_6_267.jpg,209,12,7,477,109.4047619047619,aspect_ratio(z=+4.7)
209/be_020sg_6_363.jpg,209,12,7,477,106.29761904761904,aspect_ratio(z=+4.7)
209/be_020sg_6_378.jpg,209,12,7,478,121.5,aspect_ratio(z=+4.7)
209/be_020sg_6_379.jpg,209,12,7,485,106.4047619047619,aspect_ratio(z=+4.7)
209/be_020sg_6_397.jpg,209,12,7,480,103.41666666666669,aspect_ratio(z=+4.7)
209/be_020sg_6_4.jpg,209,12,7,477,112.41666666666669,aspect_ratio(z=+4.7)
209/be_020sg_6_408.jpg,209,12,7,480,112.51190476190476,aspect_ratio(z=+4.7)
209/be_020sg_6_411.jpg,209,12,7,473,103.46428571428572,aspect_ratio(z=+4.7)
209/be_020sg_6_417.jpg,209,12,7,474,115.4404761904762,aspect_ratio(z=+4.7)
209/be_020sg_6_433.jpg,209,12,7,482,112.33333333333331,aspect_ratio(z=+4.7)
209/be_020sg_6_45.jpg,209,12,7,475,100.4404761904762,aspect_ratio(z=+4.7)
209/be_020sg_6_474.jpg,209,12,7,476,109.36904761904762,aspect_ratio(z=+4.7)
209/be_020tg_1_14.jpg,209,28,16,885,135.46875,aspect_ratio(z=+4.9)
209/be_020tg_1_15.jpg,209,28,16,889,134.31026785714286,aspect_ratio(z=+4.9)
209/be_020tg_2_124.jpg,209,15,10,600,122.44,aspect_ratio(z=+3.6)
209/be_020tg_2_143.jpg,209,19,10,682,126.10526315789474,aspect_ratio(z=+5.6)
209/be_020tg_2_159.jpg,209,19,10,674,123.4421052631579,aspect_ratio(z=+5.6)
209/be_020tg_2_160.jpg,209,19,10,679,124.77894736842106,aspect_ratio(z=+5.6)
209/be_020tg_2_189.jpg,209,18,11,680,135.16666666666666,aspect_ratio(z=+4.3)
209/be_020tg_2_197.jpg,209,19,10,667,126.1842105263158,aspect_ratio(z=+5.6)
209/be_020tg_2_237.jpg,209,18,10,669,121.79444444444444,aspect_ratio(z=+5.1)
209/be_020tg_2_276.jpg,209,19,10,675,127.47894736842105,aspect_ratio(z=+5.6)
209/be_020tg_2_277.jpg,209,19,10,672,128.85263157894738,aspect_ratio(z=+5.6)
209/be_020tg_2_339.jpg,209,19,11,695,137.86602870813397,aspect_ratio(z=+4.7)
209/be_020tg_2_340.jpg,209,18,10,672,120.44444444444444,aspect_ratio(z=+5.1)
209/be_020tg_2_375.jpg,209,19,10,682,127.47894736842105,aspect_ratio(z=+5.6)
209/be_020tg_2_376.jpg,209,18,10,669,121.80555555555556,aspect_ratio(z=+5.1)
209/be_020tg_2_57.jpg,209,18,10,674,126.18888888888888,aspect_ratio(z=+5.1)
209/be_020tg_2_78.jpg,209,19,10,679,127.5157894736842,aspect_ratio(z=+5.6)
209/be_020tg_2_79.jpg,209,19,10,681,126.17368421052632,aspect_ratio(z=+5.6)
209/be_020tg_3_23.jpg,209,33,18,986,145.56060606060606,width(z=+3.8); aspect_ratio(z=+5.3)
209/be_020tg_4_122.jpg,209,18,11,692,128.7979797979798,aspect_ratio(z=+4.3)
209/be_020tg_4_159.jpg,209,19,10,668,127.44736842105264,aspect_ratio(z=+5.6)
209/be_020tg_4_160.jpg,209,19,11,680,131.688995215311,aspect_ratio(z=+4.7)
209/be_020tg_4_165.jpg,209,18,11,684,126.12626262626264,aspect_ratio(z=+4.3)
209/be_020tg_4_166.jpg,209,18,11,695,132.66666666666666,aspect_ratio(z=+4.3)
209/be_020tg_4_187.jpg,209,19,11,684,131.7177033492823,aspect_ratio(z=+4.7)
209/be_020tg_4_188.jpg,209,19,11,690,135.38755980861245,aspect_ratio(z=+4.7)
209/be_020tg_5_121.jpg,209,19,11,695,134.13875598086125,aspect_ratio(z=+4.7)
209/be_020tg_5_170.jpg,209,19,10,675,127.40526315789474,aspect_ratio(z=+5.6)
209/be_020tg_5_190.jpg,209,18,11,672,122.3989898989899,aspect_ratio(z=+4.3)
209/be_020tg_5_236.jpg,209,18,11,681,128.72222222222223,aspect_ratio(z=+4.3)
209/be_020tg_5_30.jpg,209,18,11,689,132.6919191919192,aspect_ratio(z=+4.3)
209/be_020tg_5_31.jpg,209,18,10,680,123.23333333333332,aspect_ratio(z=+5.1)
209/be_020tg_6_146.jpg,209,19,10,682,126.27368421052633,aspect_ratio(z=+5.6)
209/be_020tg_6_155.jpg,209,19,10,682,126.27368421052633,aspect_ratio(z=+5.6)
209/be_020tg_6_177.jpg,209,19,11,694,136.51674641148324,aspect_ratio(z=+4.7)
209/be_020tg_6_214.jpg,209,19,11,680,140.21052631578948,aspect_ratio(z=+4.7)
209/be_020tg_6_240.jpg,209,18,11,686,128.6919191919192,aspect_ratio(z=+4.3)
209/be_020tg_6_251.jpg,209,19,11,693,128.10526315789474,aspect_ratio(z=+4.7)
209/be_020tg_6_252.jpg,209,18,11,680,131.27777777777777,aspect_ratio(z=+4.3)
209/be_020tg_6_268.jpg,209,19,11,700,136.57894736842104,aspect_ratio(z=+4.7)
209/be_020tg_6_364.jpg,209,19,11,686,132.9665071770335,aspect_ratio(z=+4.7)
209/be_020tg_6_378.jpg,209,18,10,676,119.03888888888888,aspect_ratio(z=+5.1)
209/be_020tg_6_397.jpg,209,18,10,669,119.03888888888888,aspect_ratio(z=+5.1)
209/be_020tg_6_398.jpg,209,18,10,665,119.11666666666666,aspect_ratio(z=+5.1)
209/be_020tg_6_4.jpg,209,18,10,662,126.14444444444445,aspect_ratio(z=+5.1)
209/be_020tg_6_409.jpg,209,18,11,682,133.9090909090909,aspect_ratio(z=+4.3)
209/be_020tg_6_412.jpg,209,19,11,692,136.57416267942585,aspect_ratio(z=+4.7)
209/be_020tg_6_419.jpg,209,19,11,686,129.38277511961724,aspect_ratio(z=+4.7)
209/be_020tg_6_435.jpg,209,18,10,671,117.60555555555555,aspect_ratio(z=+5.1)
209/be_020tg_6_45.jpg,209,19,10,674,130.16842105263157,aspect_ratio(z=+5.6)
209/be_020tg_6_46.jpg,209,18,10,675,120.47777777777776,aspect_ratio(z=+5.1)
209/be_020tg_6_477.jpg,209,19,11,686,128.06698564593302,aspect_ratio(z=+4.7)
209/bl_001sg_3_102.jpg,209,12,6,478,116.94444444444444,aspect_ratio(z=+6.1)
209/bl_001sg_3_103.jpg,209,12,6,477,113.34722222222224,aspect_ratio(z=+6.1)
209/bl_001sg_3_105.jpg,209,12,6,471,116.88888888888889,aspect_ratio(z=+6.1)
209/bl_001sg_3_132.jpg,209,12,6,478,116.83333333333331,aspect_ratio(z=+6.1)
209/bl_001sg_3_133.jpg,209,12,6,477,113.34722222222224,aspect_ratio(z=+6.1)
209/bl_001sg_3_135.jpg,209,12,6,479,131.09722222222223,aspect_ratio(z=+6.1)
209/bl_001sg_3_143.jpg,209,11,6,477,127.53030303030305,aspect_ratio(z=+5.3)
209/bl_001sg_3_170.jpg,209,12,6,483,123.98611111111111,aspect_ratio(z=+6.1)
209/bl_001sg_3_171.jpg,209,12,6,483,120.40277777777776,aspect_ratio(z=+6.1)
209/bl_001sg_3_177.jpg,209,11,5,476,106.61818181818182,aspect_ratio(z=+7.1)
209/bl_001sg_3_59.jpg,209,12,5,468,102.33333333333331,aspect_ratio(z=+8.1)
209/bl_001sg_3_75.jpg,209,12,6,479,138.18055555555554,aspect_ratio(z=+6.1)
209/bl_001sg_3_84.jpg,209,11,6,474,112.0,aspect_ratio(z=+5.3)
209/bl_001sg_3_85.jpg,209,11,6,478,115.83333333333331,aspect_ratio(z=+5.3)
209/bl_001sg_8_110.jpg,209,12,6,478,120.41666666666669,aspect_ratio(z=+6.1)
209/bl_001sg_8_111.jpg,209,12,6,475,124.01388888888889,aspect_ratio(z=+6.1)
209/bl_001sg_8_113.jpg,209,13,6,485,114.52564102564102,aspect_ratio(z=+6.9)
209/bl_001sg_8_135.jpg,209,13,6,481,120.96153846153848,aspect_ratio(z=+6.9)
209/bl_001sg_8_140.jpg,209,13,6,473,127.51282051282053,aspect_ratio(z=+6.9)
209/bl_001sg_8_163.jpg,209,13,6,484,117.71794871794872,aspect_ratio(z=+6.9)
209/bl_001sg_8_164.jpg,209,13,7,485,140.03296703296704,aspect_ratio(z=+5.4)
209/bl_001sg_8_171.jpg,209,13,6,479,120.9102564102564,aspect_ratio(z=+6.9)
209/bl_001sg_8_184.jpg,209,12,6,475,109.90277777777776,aspect_ratio(z=+6.1)
209/bl_001sg_8_21.jpg,209,13,6,472,114.44871794871794,aspect_ratio(z=+6.9)
209/bl_001sg_8_223.jpg,209,13,5,479,106.21538461538462,aspect_ratio(z=+9.1)
209/bl_001sg_8_229.jpg,209,13,6,483,114.4102564102564,aspect_ratio(z=+6.9)
209/bl_001sg_8_230.jpg,209,12,6,479,106.61111111111111,aspect_ratio(z=+6.1)
209/bl_001sg_8_234.jpg,209,13,6,477,117.7948717948718,aspect_ratio(z=+6.9)
209/bl_001sg_8_238.jpg,209,12,6,473,113.56944444444444,aspect_ratio(z=+6.1)
209/bl_001sg_8_241.jpg,209,13,5,476,102.32307692307693,aspect_ratio(z=+9.1)
209/bl_001sg_8_304.jpg,209,12,6,475,109.95833333333331,aspect_ratio(z=+6.1)
209/bl_001sg_8_311.jpg,209,13,7,481,123.45054945054945,aspect_ratio(z=+5.4)
209/bl_001sg_8_313.jpg,209,12,7,480,133.48809523809524,aspect_ratio(z=+4.7)
209/bl_001sg_8_314.jpg,209,12,6,480,113.44444444444444,aspect_ratio(z=+6.1)
209/bl_001sg_8_325.jpg,209,13,6,469,120.94871794871794,aspect_ratio(z=+6.9)
209/bl_001sg_8_342.jpg,209,13,6,473,117.6923076923077,aspect_ratio(z=+6.9)
209/bl_001sg_8_35.jpg,209,13,6,483,127.55128205128206,aspect_ratio(z=+6.9)
209/bl_001sg_8_366.jpg,209,13,6,475,120.97435897435898,aspect_ratio(z=+6.9)
209/bl_001sg_8_385.jpg,209,12,6,475,109.80555555555556,aspect_ratio(z=+6.1)
209/bl_001sg_8_386.jpg,209,12,6,474,109.88888888888889,aspect_ratio(z=+6.1)
209/bl_001sg_8_394.jpg,209,13,6,483,124.2948717948718,aspect_ratio(z=+6.9)
209/bl_001sg_8_420.jpg,209,12,6,480,113.34722222222224,aspect_ratio(z=+6.1)
209/bl_001sg_8_421.jpg,209,12,6,474,106.44444444444444,aspect_ratio(z=+6.1)
209/bl_001sg_8_423.jpg,209,12,7,480,112.58333333333331,aspect_ratio(z=+4.7)
209/bl_001sg_8_426.jpg,209,13,6,475,120.97435897435898,aspect_ratio(z=+6.9)
209/bl_001sg_8_432.jpg,209,13,6,481,120.97435897435898,aspect_ratio(z=+6.9)
209/bl_001sg_8_471.jpg,209,13,5,474,110.03076923076924,aspect_ratio(z=+9.1)
209/bl_001sg_8_77.jpg,209,13,6,485,114.52564102564102,aspect_ratio(z=+6.9)
209/bl_001sg_8_86.jpg,209,12,5,481,106.43333333333334,aspect_ratio(z=+8.1)
209/bl_001sg_9_123.jpg,209,10,6,466,106.46666666666668,aspect_ratio(z=+4.4)
209/bl_001sg_9_179.jpg,209,10,5,466,76.78,aspect_ratio(z=+6.1)
209/bl_001sg_9_203.jpg,209,10,5,466,92.16,aspect_ratio(z=+6.1)
209/bl_001sg_9_227.jpg,209,9,6,430,94.83333333333331,aspect_ratio(z=+3.6)
209/bl_001sg_9_239.jpg,209,10,5,464,87.08,aspect_ratio(z=+6.1)
209/bl_001sg_9_44.jpg,209,9,6,428,99.42592592592592,aspect_ratio(z=+3.6)
209/bl_001sg_9_6.jpg,209,10,6,466,102.26666666666668,aspect_ratio(z=+4.4)
209/bl_001sg_9_65.jpg,209,10,6,430,102.21666666666668,aspect_ratio(z=+4.4)
209/bl_001sg_9_78.jpg,209,10,5,470,81.8,aspect_ratio(z=+6.1)
209/bl_001tg_3_10.jpg,209,18,8,536,134.55555555555554,aspect_ratio(z=+7.4)
209/bl_001tg_3_159.jpg,209,16,8,482,119.6953125,aspect_ratio(z=+6.1)
209/bl_001tg_3_16.jpg,209,18,8,546,129.29861111111111,aspect_ratio(z=+7.4)
209/bl_001tg_3_24.jpg,209,17,8,506,127.57352941176472,aspect_ratio(z=+6.7)
209/bl_001tg_3_27.jpg,209,16,8,478,115.7265625,aspect_ratio(z=+6.1)
209/bl_001tg_3_45.jpg,209,17,8,502,120.11764705882354,aspect_ratio(z=+6.7)
209/bl_001tg_3_46.jpg,209,17,8,506,118.17647058823528,aspect_ratio(z=+6.7)
209/bl_001tg_3_48.jpg,209,18,8,539,125.77777777777776,aspect_ratio(z=+7.4)
209/bl_001tg_3_58.jpg,209,18,8,543,131.14583333333334,aspect_ratio(z=+7.4)
209/bl_001tg_3_79.jpg,209,18,8,535,130.96527777777777,aspect_ratio(z=+7.4)
209/bl_001tg_3_87.jpg,209,17,8,503,125.75735294117646,aspect_ratio(z=+6.7)
209/bl_001tg_8_112.jpg,209,18,9,586,135.41975308641975,aspect_ratio(z=+6.1)
209/bl_001tg_8_115.jpg,209,19,8,542,125.84868421052632,aspect_ratio(z=+8.0)
209/bl_001tg_8_137.jpg,209,19,8,537,120.8157894736842,aspect_ratio(z=+8.0)
209/bl_001tg_8_142.jpg,209,19,9,578,138.66666666666666,aspect_ratio(z=+6.7)
209/bl_001tg_8_155.jpg,209,18,9,570,125.95061728395062,aspect_ratio(z=+6.1)
209/bl_001tg_8_156.jpg,209,18,9,566,124.30864197530865,aspect_ratio(z=+6.1)
209/bl_001tg_8_166.jpg,209,18,9,579,129.16666666666666,aspect_ratio(z=+6.1)
209/bl_001tg_8_173.jpg,209,20,8,541,127.5,aspect_ratio(z=+8.6)
209/bl_001tg_8_186.jpg,209,19,9,584,140.12280701754386,aspect_ratio(z=+6.7)
209/bl_001tg_8_212.jpg,209,19,8,535,120.84210526315788,aspect_ratio(z=+8.0)
209/bl_001tg_8_22.jpg,209,19,9,576,128.33918128654972,aspect_ratio(z=+6.7)
209/bl_001tg_8_226.jpg,209,19,9,579,134.29239766081872,aspect_ratio(z=+6.7)
209/bl_001tg_8_232.jpg,209,18,9,570,119.64814814814817,aspect_ratio(z=+6.1)
209/bl_001tg_8_233.jpg,209,18,8,534,110.04166666666669,aspect_ratio(z=+7.4)
209/bl_001tg_8_237.jpg,209,20,9,589,143.0388888888889,aspect_ratio(z=+7.2)
209/bl_001tg_8_244.jpg,209,20,8,550,133.8625,aspect_ratio(z=+8.6)
209/bl_001tg_8_31.jpg,209,18,11,661,133.9747474747475,aspect_ratio(z=+4.3)
209/bl_001tg_8_318.jpg,209,18,9,571,130.61111111111111,aspect_ratio(z=+6.1)
209/bl_001tg_8_330.jpg,209,19,9,571,143.046783625731,aspect_ratio(z=+6.7)
209/bl_001tg_8_347.jpg,209,19,9,577,131.21637426900585,aspect_ratio(z=+6.7)
209/bl_001tg_8_36.jpg,209,19,8,540,127.48684210526316,aspect_ratio(z=+8.0)
209/bl_001tg_8_371.jpg,209,19,9,586,135.74269005847952,aspect_ratio(z=+6.7)
209/bl_001tg_8_399.jpg,209,19,9,569,129.73684210526315,aspect_ratio(z=+6.7)
209/bl_001tg_8_431.jpg,209,19,9,571,129.8187134502924,aspect_ratio(z=+6.7)
209/bl_001tg_8_437.jpg,209,19,8,535,117.51315789473684,aspect_ratio(z=+8.0)
209/bl_001tg_8_476.jpg,209,19,9,577,134.25730994152048,aspect_ratio(z=+6.7)
209/bl_001tg_8_79.jpg,209,19,9,573,132.77777777777777,aspect_ratio(z=+6.7)
209/bl_001tg_8_88.jpg,209,20,8,542,130.7,aspect_ratio(z=+8.6)
209/bl_001tg_9_110.jpg,209,16,9,519,124.01388888888889,aspect_ratio(z=+5.0)
209/bl_001tg_9_148.jpg,209,16,9,515,113.45138888888889,aspect_ratio(z=+5.0)
209/bl_001tg_9_158.jpg,209,3,2,403,127.5,aspect_ratio(z=+3.6)
209/bl_001tg_9_243.jpg,209,15,9,526,117.17777777777778,aspect_ratio(z=+4.4)
209/bl_001tg_9_256.jpg,209,2,2,390,64.0,mean_intensity(z=-3.8)
209/bl_001tg_9_31.jpg,209,16,8,475,105.7734375,aspect_ratio(z=+6.1)
209/bl_001tg_9_348.jpg,209,14,9,522,99.37301587301587,aspect_ratio(z=+3.9)
209/bl_001tg_9_349.jpg,209,14,8,478,102.79464285714286,aspect_ratio(z=+4.9)
209/bl_001tg_9_362.jpg,209,16,9,520,117.14583333333331,aspect_ratio(z=+5.0)
209/bl_001tg_9_366.jpg,209,15,8,479,97.94166666666666,aspect_ratio(z=+5.5)
209/bl_001tg_9_367.jpg,209,14,8,479,100.45535714285714,aspect_ratio(z=+4.9)
209/bl_001tg_9_414.jpg,209,16,9,526,120.52083333333331,aspect_ratio(z=+5.0)
209/bl_001tg_9_428.jpg,209,2,2,390,64.0,mean_intensity(z=-3.8)
209/bl_001tg_9_438.jpg,209,14,8,475,98.07142857142856,aspect_ratio(z=+4.9)
209/bl_001tg_9_458.jpg,209,15,9,524,117.22962962962964,aspect_ratio(z=+4.4)
209/bl_001tg_9_490.jpg,209,14,8,469,86.80357142857143,aspect_ratio(z=+4.9)
209/bl_002sg_10_110.jpg,209,13,6,478,124.24358974358974,aspect_ratio(z=+6.9)
209/bl_002sg_10_12.jpg,209,13,6,483,127.51282051282053,aspect_ratio(z=+6.9)
209/bl_002sg_10_132.jpg,209,12,8,469,127.54166666666669,aspect_ratio(z=+3.6)
209/bl_002sg_10_154.jpg,209,12,6,477,106.51388888888889,aspect_ratio(z=+6.1)
209/bl_002sg_10_164.jpg,209,13,6,480,124.28205128205128,aspect_ratio(z=+6.9)
209/bl_002sg_10_260.jpg,209,12,7,481,118.42857142857144,aspect_ratio(z=+4.7)
209/bl_002sg_10_317.jpg,209,13,6,476,117.71794871794872,aspect_ratio(z=+6.9)
209/bl_002sg_10_349.jpg,209,13,6,479,117.83333333333331,aspect_ratio(z=+6.9)
209/bl_002sg_10_366.jpg,209,12,6,471,113.29166666666669,aspect_ratio(z=+6.1)
209/bl_002sg_3_153.jpg,209,11,5,476,106.61818181818182,aspect_ratio(z=+7.1)
209/bl_002sg_3_29.jpg,209,12,6,475,120.52777777777776,aspect_ratio(z=+6.1)
209/bl_002sg_3_36.jpg,209,12,5,476,119.18333333333334,aspect_ratio(z=+8.1)
209/bl_002sg_3_51.jpg,209,12,5,472,106.58333333333331,aspect_ratio(z=+8.1)
209/bl_002sg_3_89.jpg,209,11,6,474,127.43939393939394,aspect_ratio(z=+5.3)
209/bl_002sg_3_9.jpg,209,11,5,470,97.8,aspect_ratio(z=+7.1)
209/bl_002sg_3_90.jpg,209,11,6,478,127.5909090909091,aspect_ratio(z=+5.3)
209/bl_002sg_7_172.jpg,209,10,6,474,106.45,aspect_ratio(z=+4.4)
209/bl_002sg_7_231.jpg,209,10,6,473,97.98333333333332,aspect_ratio(z=+4.4)
209/bl_002sg_7_302.jpg,209,10,6,477,102.25,aspect_ratio(z=+4.4)
209/bl_002sg_7_320.jpg,209,10,6,465,97.76666666666668,aspect_ratio(z=+4.4)
209/bl_002sg_7_80.jpg,209,10,6,469,102.18333333333334,aspect_ratio(z=+4.4)
209/bl_002tg_3_130.jpg,209,17,8,505,123.875,aspect_ratio(z=+6.7)
209/bl_002tg_3_131.jpg,209,17,8,502,125.78676470588236,aspect_ratio(z=+6.7)
209/bl_002tg_3_26.jpg,209,18,8,534,127.46527777777776,aspect_ratio(z=+7.4)
209/bl_002tg_3_33.jpg,209,17,8,500,127.53676470588236,aspect_ratio(z=+6.7)
209/bl_002tg_3_49.jpg,209,18,8,537,129.20138888888889,aspect_ratio(z=+7.4)
209/bl_002tg_3_75.jpg,209,18,8,540,132.80555555555554,aspect_ratio(z=+7.4)
209/bl_002tg_3_85.jpg,209,17,8,502,121.94117647058825,aspect_ratio(z=+6.7)
209/bl_002tg_3_9.jpg,209,18,8,539,131.05555555555554,aspect_ratio(z=+7.4)
209/bl_002tg_7_106.jpg,209,18,9,582,135.3641975308642,aspect_ratio(z=+6.1)
209/bl_002tg_7_107.jpg,209,18,9,584,129.09876543209876,aspect_ratio(z=+6.1)
209/bl_002tg_7_112.jpg,209,19,8,543,127.47368421052632,aspect_ratio(z=+8.0)
209/bl_002tg_7_12.jpg,209,19,9,582,135.76023391812865,aspect_ratio(z=+6.7)
209/bl_002tg_7_138.jpg,209,19,9,576,135.7251461988304,aspect_ratio(z=+6.7)
209/bl_002tg_7_158.jpg,209,18,9,571,125.94444444444444,aspect_ratio(z=+6.1)
209/bl_002tg_7_159.jpg,209,18,9,582,129.08641975308643,aspect_ratio(z=+6.1)
209/bl_002tg_7_205.jpg,209,18,9,569,132.2530864197531,aspect_ratio(z=+6.1)
209/bl_002tg_7_325.jpg,209,19,9,586,132.69005847953215,aspect_ratio(z=+6.7)
209/bl_002tg_7_352.jpg,209,19,9,568,137.19883040935673,aspect_ratio(z=+6.7)
209/bl_002tg_7_362.jpg,209,17,9,536,128.359477124183,aspect_ratio(z=+5.6)
209/bl_002tg_7_376.jpg,209,18,9,580,122.71604938271604,aspect_ratio(z=+6.1)
209/bl_002tg_7_377.jpg,209,18,9,574,124.37037037037037,aspect_ratio(z=+6.1)
209/bl_002tg_8_243.jpg,209,14,8,476,86.79464285714286,aspect_ratio(z=+4.9)
209/bl_002tg_8_47.jpg,209,16,9,517,115.20833333333331,aspect_ratio(z=+5.0)
209/bl_002tg_8_481.jpg,209,16,9,500,120.55555555555556,aspect_ratio(z=+5.0)
209/bl_002tg_8_60.jpg,209,15,9,522,104.11111111111111,aspect_ratio(z=+4.4)
209/bl_003sg_3_113.jpg,209,11,5,470,93.12727272727273,aspect_ratio(z=+7.1)
209/bl_003sg_3_139.jpg,209,11,6,474,108.34848484848484,aspect_ratio(z=+5.3)
209/bl_003sg_3_140.jpg,209,11,6,473,108.21212121212122,aspect_ratio(z=+5.3)
209/bl_003sg_3_158.jpg,209,11,6,475,116.06060606060606,aspect_ratio(z=+5.3)
209/bl_003sg_3_223.jpg,209,12,6,477,127.40277777777776,aspect_ratio(z=+6.1)
209/bl_003sg_3_33.jpg,209,12,5,482,119.01666666666668,aspect_ratio(z=+8.1)
209/bl_003sg_3_34.jpg,209,12,5,478,114.86666666666666,aspect_ratio(z=+8.1)
209/bl_003sg_3_41.jpg,209,12,6,480,131.0,aspect_ratio(z=+6.1)
209/bl_003sg_3_51.jpg,209,11,6,474,108.34848484848484,aspect_ratio(z=+5.3)
209/bl_003sg_3_52.jpg,209,11,6,474,108.34848484848484,aspect_ratio(z=+5.3)
209/bl_003sg_3_61.jpg,209,12,6,477,131.13888888888889,aspect_ratio(z=+6.1)
209/bl_003sg_3_72.jpg,209,11,6,470,100.75757575757576,aspect_ratio(z=+5.3)
209/bl_003sg_3_74.jpg,209,12,6,474,124.02777777777776,aspect_ratio(z=+6.1)
209/bl_003sg_3_80.jpg,209,12,6,480,131.0,aspect_ratio(z=+6.1)
209/bl_003sg_3_84.jpg,209,12,6,474,134.625,aspect_ratio(z=+6.1)
209/bl_003sg_3_9.jpg,209,12,7,478,121.51190476190476,aspect_ratio(z=+4.7)
209/bl_003sg_5_101.jpg,209,13,6,482,127.7051282051282,aspect_ratio(z=+6.9)
209/bl_003sg_5_120.jpg,209,13,6,476,117.71794871794872,aspect_ratio(z=+6.9)
209/bl_003sg_5_160.jpg,209,13,5,477,106.0,aspect_ratio(z=+9.1)
209/bl_003sg_5_181.jpg,209,12,6,472,106.43055555555556,aspect_ratio(z=+6.1)
209/bl_003sg_5_22.jpg,209,13,6,475,120.98717948717947,aspect_ratio(z=+6.9)
209/bl_003sg_5_32.jpg,209,12,6,481,113.36111111111111,aspect_ratio(z=+6.1)
209/bl_003sg_5_33.jpg,209,12,6,477,113.40277777777776,aspect_ratio(z=+6.1)
209/bl_003sg_5_54.jpg,209,13,6,479,124.44871794871794,aspect_ratio(z=+6.9)
209/bl_003sg_5_58.jpg,209,13,6,479,124.44871794871794,aspect_ratio(z=+6.9)
209/bl_003sg_5_78.jpg,209,12,6,475,109.90277777777776,aspect_ratio(z=+6.1)
209/bl_003sg_5_85.jpg,209,12,6,472,102.79166666666669,aspect_ratio(z=+6.1)
209/bl_003sg_7_100.jpg,209,12,6,476,109.98611111111111,aspect_ratio(z=+6.1)
209/bl_003sg_7_101.jpg,209,12,6,476,106.45833333333331,aspect_ratio(z=+6.1)
209/bl_003sg_7_142.jpg,209,12,6,473,106.47222222222224,aspect_ratio(z=+6.1)
209/bl_003sg_7_177.jpg,209,12,7,478,112.4404761904762,aspect_ratio(z=+4.7)
209/bl_003sg_7_19.jpg,209,12,7,478,133.53571428571428,aspect_ratio(z=+4.7)
209/bl_003sg_7_20.jpg,209,12,6,477,110.02777777777776,aspect_ratio(z=+6.1)
209/bl_003sg_7_213.jpg,209,12,6,475,113.45833333333331,aspect_ratio(z=+6.1)
209/bl_003sg_7_216.jpg,209,13,5,474,106.15384615384616,aspect_ratio(z=+9.1)
209/bl_003sg_7_246.jpg,209,12,6,470,102.86111111111111,aspect_ratio(z=+6.1)
209/bl_003sg_7_264.jpg,209,13,6,478,117.82051282051282,aspect_ratio(z=+6.9)
209/bl_003sg_7_270.jpg,209,13,6,474,130.78205128205127,aspect_ratio(z=+6.9)
209/bl_003sg_7_368.jpg,209,12,6,470,109.91666666666669,aspect_ratio(z=+6.1)
209/bl_003sg_7_398.jpg,209,12,6,478,120.41666666666669,aspect_ratio(z=+6.1)
209/bl_003sg_7_399.jpg,209,12,6,478,113.48611111111111,aspect_ratio(z=+6.1)
209/bl_003sg_7_412.jpg,209,11,7,472,125.96103896103897,aspect_ratio(z=+4.0)
209/bl_003sg_7_457.jpg,209,12,6,471,106.51388888888889,aspect_ratio(z=+6.1)
209/bl_003sg_7_458.jpg,209,12,6,477,106.48611111111111,aspect_ratio(z=+6.1)
209/bl_003sg_7_79.jpg,209,13,6,477,121.1153846153846,aspect_ratio(z=+6.9)
209/bl_003sg_7_84.jpg,209,13,6,482,124.26923076923076,aspect_ratio(z=+6.9)
209/bl_003tg_3_101.jpg,209,16,10,548,129.0875,aspect_ratio(z=+4.1)
209/bl_003tg_3_142.jpg,209,17,8,505,118.29411764705884,aspect_ratio(z=+6.7)
209/bl_003tg_3_143.jpg,209,17,8,504,121.96323529411764,aspect_ratio(z=+6.7)
209/bl_003tg_3_163.jpg,209,17,8,503,112.6470588235294,aspect_ratio(z=+6.7)
209/bl_003tg_3_228.jpg,209,17,8,499,125.69117647058825,aspect_ratio(z=+6.7)
209/bl_003tg_3_34.jpg,209,16,8,485,113.6953125,aspect_ratio(z=+6.1)
209/bl_003tg_3_35.jpg,209,16,8,478,111.7109375,aspect_ratio(z=+6.1)
209/bl_003tg_3_42.jpg,209,18,7,531,117.5,aspect_ratio(z=+9.0)
209/bl_003tg_3_63.jpg,209,18,8,546,127.59722222222224,aspect_ratio(z=+7.4)
209/bl_003tg_3_74.jpg,209,17,8,507,120.1029411764706,aspect_ratio(z=+6.7)
209/bl_003tg_3_76.jpg,209,17,9,527,135.12418300653596,aspect_ratio(z=+5.6)
209/bl_003tg_3_83.jpg,209,18,8,551,134.54861111111111,aspect_ratio(z=+7.4)
209/bl_003tg_3_86.jpg,209,18,8,538,132.6875,aspect_ratio(z=+7.4)
209/bl_003tg_5_102.jpg,209,20,9,588,136.01666666666668,aspect_ratio(z=+7.2)
209/bl_003tg_5_131.jpg,209,18,10,687,144.46666666666667,aspect_ratio(z=+5.1)
209/bl_003tg_5_157.jpg,209,20,9,586,133.20555555555555,aspect_ratio(z=+7.2)
209/bl_003tg_5_23.jpg,209,19,9,575,131.23976608187135,aspect_ratio(z=+6.7)
209/bl_003tg_5_262.jpg,209,18,9,582,132.25925925925927,aspect_ratio(z=+6.1)
209/bl_003tg_5_33.jpg,209,18,9,581,130.64197530864195,aspect_ratio(z=+6.1)
209/bl_003tg_5_49.jpg,209,19,9,574,131.2982456140351,aspect_ratio(z=+6.7)
209/bl_003tg_5_55.jpg,209,19,9,573,140.18713450292398,aspect_ratio(z=+6.7)
209/bl_003tg_5_59.jpg,209,20,9,589,138.78333333333333,aspect_ratio(z=+7.2)
209/bl_003tg_5_78.jpg,209,18,9,590,129.03703703703704,aspect_ratio(z=+6.1)
209/bl_003tg_5_79.jpg,209,18,9,589,126.0246913580247,aspect_ratio(z=+6.1)
209/bl_003tg_5_85.jpg,209,18,9,583,124.43827160493828,aspect_ratio(z=+6.1)
209/bl_003tg_5_86.jpg,209,18,9,595,126.00617283950618,aspect_ratio(z=+6.1)
209/bl_003tg_7_145.jpg,209,18,9,573,116.64197530864196,aspect_ratio(z=+6.1)
209/bl_003tg_7_184.jpg,209,20,8,539,119.7125,aspect_ratio(z=+8.6)
209/bl_003tg_7_219.jpg,209,19,8,534,115.77631578947368,aspect_ratio(z=+8.0)
209/bl_003tg_7_249.jpg,209,18,9,574,122.8148148148148,aspect_ratio(z=+6.1)
209/bl_003tg_7_250.jpg,209,18,9,577,121.21604938271604,aspect_ratio(z=+6.1)
209/bl_003tg_7_268.jpg,209,20,9,565,136.0611111111111,aspect_ratio(z=+7.2)
209/bl_003tg_7_274.jpg,209,19,9,579,128.23976608187135,aspect_ratio(z=+6.7)
209/bl_003tg_7_338.jpg,209,18,9,574,121.21604938271604,aspect_ratio(z=+6.1)
209/bl_003tg_7_373.jpg,209,19,9,576,126.74853801169591,aspect_ratio(z=+6.7)
209/bl_003tg_7_404.jpg,209,18,9,582,122.85802469135804,aspect_ratio(z=+6.1)
209/bl_003tg_7_405.jpg,209,18,9,579,121.37654320987654,aspect_ratio(z=+6.1)
209/bl_003tg_7_431.jpg,209,18,11,657,122.34848484848484,aspect_ratio(z=+4.3)
209/bl_003tg_7_462.jpg,209,18,9,585,124.33333333333331,aspect_ratio(z=+6.1)
209/bl_003tg_7_463.jpg,209,18,10,674,131.71666666666667,aspect_ratio(z=+5.1)
209/bl_003tg_7_48.jpg,209,18,10,671,137.41666666666666,aspect_ratio(z=+5.1)
209/bl_003tg_7_81.jpg,209,20,9,594,137.42222222222222,aspect_ratio(z=+7.2)
209/bl_003tg_7_87.jpg,209,19,9,576,134.1812865497076,aspect_ratio(z=+6.7)
209/bl_004sg_11_105.jpg,209,13,6,479,108.02564102564102,aspect_ratio(z=+6.9)
209/bl_004sg_11_109.jpg,209,13,6,475,104.87179487179488,aspect_ratio(z=+6.9)
209/bl_004sg_11_114.jpg,209,13,6,480,108.14102564102564,aspect_ratio(z=+6.9)
209/bl_004sg_11_13.jpg,209,13,7,475,123.21978021978022,aspect_ratio(z=+5.4)
209/bl_004sg_11_130.jpg,209,13,6,479,114.52564102564102,aspect_ratio(z=+6.9)
209/bl_004sg_11_139.jpg,209,13,7,480,128.8131868131868,aspect_ratio(z=+5.4)
209/bl_004sg_11_140.jpg,209,13,6,480,104.85897435897436,aspect_ratio(z=+6.9)
209/bl_004sg_11_238.jpg,209,12,7,477,94.26190476190476,aspect_ratio(z=+4.7)
209/bl_004sg_11_245.jpg,209,13,6,478,107.98717948717947,aspect_ratio(z=+6.9)
209/bl_004sg_11_251.jpg,209,12,6,480,99.47222222222224,aspect_ratio(z=+6.1)
209/bl_004sg_11_3.jpg,209,13,6,483,104.87179487179488,aspect_ratio(z=+6.9)
209/bl_004sg_11_86.jpg,209,12,7,486,121.39285714285714,aspect_ratio(z=+4.7)
209/bl_004sg_3_15.jpg,209,11,6,472,100.5909090909091,aspect_ratio(z=+5.3)
209/bl_004sg_5_110.jpg,209,12,6,468,116.95833333333331,aspect_ratio(z=+6.1)
209/bl_004sg_5_45.jpg,209,12,6,477,106.26388888888889,aspect_ratio(z=+6.1)
209/bl_004sg_5_79.jpg,209,12,6,477,113.29166666666669,aspect_ratio(z=+6.1)
209/bl_004tg_11_101.jpg,209,19,9,581,119.36842105263158,aspect_ratio(z=+6.7)
209/bl_004tg_11_105.jpg,209,19,9,575,111.94736842105264,aspect_ratio(z=+6.7)
209/bl_004tg_11_128.jpg,209,20,9,574,126.07777777777778,aspect_ratio(z=+7.2)
209/bl_004tg_11_13.jpg,209,20,10,665,133.85,aspect_ratio(z=+6.1)
209/bl_004tg_11_137.jpg,209,18,10,665,121.82777777777778,aspect_ratio(z=+5.1)
209/bl_004tg_11_247.jpg,209,19,9,583,117.76023391812863,aspect_ratio(z=+6.7)
209/bl_004tg_11_252.jpg,209,19,10,668,130.18421052631578,aspect_ratio(z=+5.6)
209/bl_004tg_11_253.jpg,209,18,9,586,107.24691358024693,aspect_ratio(z=+6.1)
209/bl_004tg_11_280.jpg,209,18,10,674,126.10555555555555,aspect_ratio(z=+5.1)
209/bl_004tg_11_3.jpg,209,19,10,682,124.8578947368421,aspect_ratio(z=+5.6)
209/bl_004tg_11_79.jpg,209,19,9,590,122.42105263157896,aspect_ratio(z=+6.7)
209/bl_004tg_11_98.jpg,209,18,9,584,108.69753086419752,aspect_ratio(z=+6.1)
209/bl_004tg_3_11.jpg,209,17,9,547,120.18300653594773,aspect_ratio(z=+5.6)
209/bl_004tg_3_12.jpg,209,17,9,530,120.04575163398692,aspect_ratio(z=+5.6)
209/bl_004tg_3_22.jpg,209,18,9,585,132.29012345679013,aspect_ratio(z=+6.1)
209/bl_004tg_3_26.jpg,209,18,8,541,111.72222222222224,aspect_ratio(z=+7.4)
209/bl_004tg_3_88.jpg,209,18,8,542,115.22916666666669,aspect_ratio(z=+7.4)
209/bl_004tg_5_116.jpg,209,18,9,586,119.78395061728396,aspect_ratio(z=+6.1)
209/bl_004tg_5_44.jpg,209,18,8,535,111.63194444444444,aspect_ratio(z=+7.4)
209/bl_004tg_5_48.jpg,209,18,9,576,130.6604938271605,aspect_ratio(z=+6.1)
209/bl_004tg_5_81.jpg,209,18,8,536,110.0625,aspect_ratio(z=+7.4)
209/bl_004tg_7_74.jpg,209,16,9,517,102.98611111111111,aspect_ratio(z=+5.0)
209/bl_005sg_3_104.jpg,209,12,6,472,124.02777777777776,aspect_ratio(z=+6.1)
209/bl_005sg_3_60.jpg,209,11,6,472,116.13636363636364,aspect_ratio(z=+5.3)
209/bl_005sg_3_68.jpg,209,11,6,475,108.3030303030303,aspect_ratio(z=+5.3)
209/bl_005sg_5_1.jpg,209,12,6,475,131.13888888888889,aspect_ratio(z=+6.1)
209/bl_005sg_5_51.jpg,209,12,6,481,141.65277777777777,aspect_ratio(z=+6.1)
209/bl_005sg_5_57.jpg,209,12,6,479,138.20833333333334,aspect_ratio(z=+6.1)
209/bl_005sg_5_61.jpg,209,12,6,478,141.56944444444446,aspect_ratio(z=+6.1)
209/bl_005sg_7_38.jpg,209,12,6,477,127.5,aspect_ratio(z=+6.1)
209/bl_005sg_9_140.jpg,209,12,6,472,106.44444444444444,aspect_ratio(z=+6.1)
209/bl_005sg_9_142.jpg,209,13,6,472,120.97435897435898,aspect_ratio(z=+6.9)
209/bl_005sg_9_146.jpg,209,13,6,480,117.67948717948718,aspect_ratio(z=+6.9)
209/bl_005sg_9_155.jpg,209,12,7,486,130.51190476190476,aspect_ratio(z=+4.7)
209/bl_005sg_9_156.jpg,209,12,6,478,106.58333333333331,aspect_ratio(z=+6.1)
209/bl_005sg_9_20.jpg,209,13,6,482,124.21794871794872,aspect_ratio(z=+6.9)
209/bl_005sg_9_213.jpg,209,12,6,472,106.44444444444444,aspect_ratio(z=+6.1)
209/bl_005sg_9_261.jpg,209,13,6,478,117.8974358974359,aspect_ratio(z=+6.9)
209/bl_005sg_9_291.jpg,209,13,6,485,120.85897435897436,aspect_ratio(z=+6.9)
209/bl_005sg_9_293.jpg,209,13,6,483,127.5897435897436,aspect_ratio(z=+6.9)
209/bl_005sg_9_306.jpg,209,13,5,474,109.86153846153846,aspect_ratio(z=+9.1)
209/bl_005sg_9_359.jpg,209,13,6,482,127.5,aspect_ratio(z=+6.9)
209/bl_005sg_9_386.jpg,209,14,6,482,127.51190476190476,aspect_ratio(z=+7.8)
209/bl_005sg_9_62.jpg,209,13,6,484,117.7051282051282,aspect_ratio(z=+6.9)
209/bl_005sg_9_85.jpg,209,13,6,477,120.96153846153848,aspect_ratio(z=+6.9)
209/bl_005sg_9_89.jpg,209,13,6,479,121.01282051282053,aspect_ratio(z=+6.9)
209/bl_005tg_3_12.jpg,209,17,8,501,120.17647058823528,aspect_ratio(z=+6.7)
209/bl_005tg_3_17.jpg,209,17,8,502,125.74264705882354,aspect_ratio(z=+6.7)
209/bl_005tg_3_42.jpg,209,18,8,548,136.26388888888889,aspect_ratio(z=+7.4)
209/bl_005tg_5_40.jpg,209,18,8,535,127.5625,aspect_ratio(z=+7.4)
209/bl_005tg_5_46.jpg,209,18,8,544,136.31944444444446,aspect_ratio(z=+7.4)
209/bl_005tg_5_5.jpg,209,18,8,545,132.875,aspect_ratio(z=+7.4)
209/bl_005tg_5_50.jpg,209,17,8,502,133.13970588235293,aspect_ratio(z=+6.7)
209/bl_005tg_7_39.jpg,209,18,8,543,129.32638888888889,aspect_ratio(z=+7.4)
209/bl_005tg_7_92.jpg,209,17,10,559,127.45882352941176,aspect_ratio(z=+4.6)
209/bl_005tg_9_145.jpg,209,18,9,580,130.64814814814815,aspect_ratio(z=+6.1)
209/bl_005tg_9_148.jpg,209,19,8,539,122.51973684210526,aspect_ratio(z=+8.0)
209/bl_005tg_9_152.jpg,209,19,9,563,138.8187134502924,aspect_ratio(z=+6.7)
209/bl_005tg_9_21.jpg,209,20,8,542,133.85,aspect_ratio(z=+8.6)
209/bl_005tg_9_217.jpg,209,19,9,591,140.1345029239766,aspect_ratio(z=+6.7)
209/bl_005tg_9_218.jpg,209,18,9,582,130.72222222222223,aspect_ratio(z=+6.1)
209/bl_005tg_9_267.jpg,209,19,8,543,124.11842105263158,aspect_ratio(z=+8.0)
209/bl_005tg_9_27.jpg,209,18,9,581,129.1604938271605,aspect_ratio(z=+6.1)
209/bl_005tg_9_28.jpg,209,18,9,579,127.57407407407408,aspect_ratio(z=+6.1)
209/bl_005tg_9_296.jpg,209,18,9,579,130.56172839506172,aspect_ratio(z=+6.1)
209/bl_005tg_9_297.jpg,209,18,9,576,125.9320987654321,aspect_ratio(z=+6.1)
209/bl_005tg_9_299.jpg,209,20,9,582,140.28333333333333,aspect_ratio(z=+7.2)
209/bl_005tg_9_312.jpg,209,19,9,580,135.7485380116959,aspect_ratio(z=+6.7)
209/bl_005tg_9_367.jpg,209,19,8,532,120.75657894736842,aspect_ratio(z=+8.0)
209/bl_005tg_9_395.jpg,209,19,9,582,129.78947368421052,aspect_ratio(z=+6.7)
209/bl_005tg_9_65.jpg,209,20,9,589,143.0222222222222,aspect_ratio(z=+7.2)
209/bl_005tg_9_90.jpg,209,19,9,581,134.15204678362574,aspect_ratio(z=+6.7)
209/bl_005tg_9_94.jpg,209,19,8,544,129.17763157894737,aspect_ratio(z=+8.0)
209/bl_006sg_3_144.jpg,209,12,6,475,120.65277777777776,aspect_ratio(z=+6.1)
209/bl_006sg_3_145.jpg,209,12,6,467,116.93055555555556,aspect_ratio(z=+6.1)
209/bl_006sg_3_172.jpg,209,13,6,476,124.47435897435898,aspect_ratio(z=+6.9)
209/bl_006sg_3_177.jpg,209,12,5,477,114.86666666666666,aspect_ratio(z=+8.1)
209/bl_006sg_3_49.jpg,209,12,5,480,110.68333333333334,aspect_ratio(z=+8.1)
209/bl_006sg_3_74.jpg,209,11,5,469,92.98181818181818,aspect_ratio(z=+7.1)
209/bl_006sg_3_80.jpg,209,12,5,476,106.55,aspect_ratio(z=+8.1)
209/bl_006sg_3_87.jpg,209,12,6,474,134.61111111111111,aspect_ratio(z=+6.1)
209/bl_006sg_3_98.jpg,209,12,6,480,116.84722222222224,aspect_ratio(z=+6.1)
209/bl_006sg_8_141.jpg,209,13,7,481,123.43956043956044,aspect_ratio(z=+5.4)
209/bl_006sg_8_183.jpg,209,13,5,468,102.16923076923077,aspect_ratio(z=+9.1)
209/bl_006sg_8_199.jpg,209,12,6,471,113.58333333333331,aspect_ratio(z=+6.1)
209/bl_006sg_8_220.jpg,209,13,6,481,117.83333333333331,aspect_ratio(z=+6.9)
209/bl_006sg_8_25.jpg,209,12,6,470,102.86111111111111,aspect_ratio(z=+6.1)
209/bl_006sg_8_292.jpg,209,12,6,474,106.47222222222224,aspect_ratio(z=+6.1)
209/bl_006sg_8_295.jpg,209,12,6,475,109.90277777777776,aspect_ratio(z=+6.1)
209/bl_006sg_8_354.jpg,209,13,6,481,114.44871794871794,aspect_ratio(z=+6.9)
209/bl_006sg_8_37.jpg,209,13,6,483,124.2948717948718,aspect_ratio(z=+6.9)
209/bl_006sg_8_46.jpg,209,12,6,477,106.51388888888889,aspect_ratio(z=+6.1)
209/bl_006sg_8_47.jpg,209,12,6,472,106.44444444444444,aspect_ratio(z=+6.1)
209/bl_006sg_8_481.jpg,209,12,6,478,117.0,aspect_ratio(z=+6.1)
209/bl_006sg_8_482.jpg,209,12,6,476,113.47222222222224,aspect_ratio(z=+6.1)
209/bl_006sg_8_55.jpg,209,13,5,468,102.16923076923077,aspect_ratio(z=+9.1)
209/bl_006sg_8_8.jpg,209,13,6,480,121.1025641025641,aspect_ratio(z=+6.9)
209/bl_006sg_8_80.jpg,209,14,6,480,124.35714285714286,aspect_ratio(z=+7.8)
209/bl_006sg_8_84.jpg,209,13,6,478,117.73076923076924,aspect_ratio(z=+6.9)
209/bl_006sg_8_92.jpg,209,13,6,477,117.87179487179488,aspect_ratio(z=+6.9)
209/bl_006tg_3_105.jpg,209,18,8,544,120.48611111111111,aspect_ratio(z=+7.4)
209/bl_006tg_3_165.jpg,209,18,8,534,127.54166666666669,aspect_ratio(z=+7.4)
209/bl_006tg_3_175.jpg,209,16,9,506,125.9375,aspect_ratio(z=+5.0)
209/bl_006tg_3_176.jpg,209,16,8,474,111.7421875,aspect_ratio(z=+6.1)
209/bl_006tg_3_193.jpg,209,18,8,532,118.72222222222224,aspect_ratio(z=+7.4)
209/bl_006tg_3_198.jpg,209,17,8,504,127.58088235294116,aspect_ratio(z=+6.7)
209/bl_006tg_3_51.jpg,209,16,8,477,115.6015625,aspect_ratio(z=+6.1)
209/bl_006tg_3_62.jpg,209,18,8,546,131.14583333333334,aspect_ratio(z=+7.4)
209/bl_006tg_3_66.jpg,209,18,8,538,127.58333333333331,aspect_ratio(z=+7.4)
209/bl_006tg_3_92.jpg,209,18,8,539,132.78472222222223,aspect_ratio(z=+7.4)
209/bl_006tg_3_98.jpg,209,18,8,543,127.59722222222224,aspect_ratio(z=+7.4)
209/bl_006tg_8_103.jpg,209,18,10,680,134.5611111111111,aspect_ratio(z=+5.1)
209/bl_006tg_8_104.jpg,209,18,10,673,143.01111111111112,aspect_ratio(z=+5.1)
209/bl_006tg_8_112.jpg,209,19,8,538,115.86842105263158,aspect_ratio(z=+8.0)
209/bl_006tg_8_131.jpg,209,19,8,540,119.03947368421052,aspect_ratio(z=+8.0)
209/bl_006tg_8_138.jpg,209,19,9,575,134.28654970760235,aspect_ratio(z=+6.7)
209/bl_006tg_8_142.jpg,209,18,9,580,127.50617283950618,aspect_ratio(z=+6.1)
209/bl_006tg_8_150.jpg,209,20,8,541,121.25,aspect_ratio(z=+8.6)
209/bl_006tg_8_206.jpg,209,20,9,591,136.03333333333333,aspect_ratio(z=+7.2)
209/bl_006tg_8_242.jpg,209,19,9,581,132.7251461988304,aspect_ratio(z=+6.7)
209/bl_006tg_8_256.jpg,209,18,9,575,121.37654320987654,aspect_ratio(z=+6.1)
209/bl_006tg_8_258.jpg,209,20,8,546,125.89375,aspect_ratio(z=+8.6)
209/bl_006tg_8_28.jpg,209,19,9,568,131.31578947368422,aspect_ratio(z=+6.7)
209/bl_006tg_8_286.jpg,209,19,9,573,131.30994152046785,aspect_ratio(z=+6.7)
209/bl_006tg_8_357.jpg,209,18,9,582,121.2716049382716,aspect_ratio(z=+6.1)
209/bl_006tg_8_358.jpg,209,18,9,573,118.1851851851852,aspect_ratio(z=+6.1)
209/bl_006tg_8_360.jpg,209,19,9,583,129.69590643274853,aspect_ratio(z=+6.7)
209/bl_006tg_8_361.jpg,209,19,9,584,131.2514619883041,aspect_ratio(z=+6.7)
209/bl_006tg_8_420.jpg,209,20,9,587,141.7,aspect_ratio(z=+7.2)
209/bl_006tg_8_94.jpg,209,19,8,540,125.80263157894736,aspect_ratio(z=+8.0)
209/bl_007sg_1_3.jpg,209,29,7,595,101.8423645320197,aspect_ratio(z=+16.8)
209/bl_007sg_3_143.jpg,209,12,6,477,131.0,aspect_ratio(z=+6.1)
209/bl_007sg_3_151.jpg,209,12,6,473,123.95833333333331,aspect_ratio(z=+6.1)
209/bl_007sg_3_16.jpg,209,12,5,474,106.45,aspect_ratio(z=+8.1)
209/bl_007sg_3_22.jpg,209,12,6,476,116.91666666666669,aspect_ratio(z=+6.1)
209/bl_007sg_3_240.jpg,209,12,6,477,127.61111111111111,aspect_ratio(z=+6.1)
209/bl_007sg_3_273.jpg,209,12,6,476,124.01388888888889,aspect_ratio(z=+6.1)
209/bl_007sg_3_29.jpg,209,12,6,473,116.95833333333331,aspect_ratio(z=+6.1)
209/bl_007sg_8_105.jpg,209,13,5,470,102.15384615384616,aspect_ratio(z=+9.1)
209/bl_007sg_8_108.jpg,209,13,6,481,111.1923076923077,aspect_ratio(z=+6.9)
209/bl_007sg_8_14.jpg,209,13,6,477,120.9102564102564,aspect_ratio(z=+6.9)
209/bl_007sg_8_151.jpg,209,13,6,476,111.28205128205128,aspect_ratio(z=+6.9)
209/bl_007sg_8_234.jpg,209,14,6,481,124.41666666666669,aspect_ratio(z=+7.8)
209/bl_007sg_8_243.jpg,209,14,6,483,130.51190476190476,aspect_ratio(z=+7.8)
209/bl_007sg_8_271.jpg,209,12,6,479,102.84722222222224,aspect_ratio(z=+6.1)
209/bl_007sg_8_295.jpg,209,12,6,467,99.40277777777776,aspect_ratio(z=+6.1)
209/bl_007sg_8_322.jpg,209,13,6,475,120.97435897435898,aspect_ratio(z=+6.9)
209/bl_007sg_8_368.jpg,209,12,6,470,95.90277777777776,aspect_ratio(z=+6.1)
209/bl_007sg_8_369.jpg,209,13,7,480,137.14285714285714,aspect_ratio(z=+5.4)
209/bl_007sg_8_378.jpg,209,12,6,468,99.56944444444444,aspect_ratio(z=+6.1)
209/bl_007sg_8_406.jpg,209,12,6,474,102.86111111111111,aspect_ratio(z=+6.1)
209/bl_007sg_8_407.jpg,209,12,6,470,117.06944444444444,aspect_ratio(z=+6.1)
209/bl_007sg_8_425.jpg,209,13,6,477,117.73076923076924,aspect_ratio(z=+6.9)
209/bl_007sg_8_429.jpg,209,12,6,479,109.91666666666669,aspect_ratio(z=+6.1)
209/bl_007sg_8_433.jpg,209,13,6,479,121.03846153846152,aspect_ratio(z=+6.9)
209/bl_007sg_8_46.jpg,209,12,6,482,123.88888888888889,aspect_ratio(z=+6.1)
209/bl_007sg_8_467.jpg,209,13,5,470,98.33846153846154,aspect_ratio(z=+9.1)
209/bl_007sg_8_78.jpg,209,13,6,471,111.14102564102564,aspect_ratio(z=+6.9)
209/bl_007sg_8_88.jpg,209,12,6,469,103.01388888888889,aspect_ratio(z=+6.1)
209/bl_007sg_8_90.jpg,209,13,6,471,121.03846153846152,aspect_ratio(z=+6.9)
209/bl_007sg_8_99.jpg,209,13,6,473,117.62820512820512,aspect_ratio(z=+6.9)
209/bl_007tg_1_4.jpg,209,43,11,944,105.87949260042284,width(z=+6.1); aspect_ratio(z=+15.7)
209/bl_007tg_3_108.jpg,209,17,9,532,123.5359477124183,aspect_ratio(z=+5.6)
209/bl_007tg_3_138.jpg,209,17,9,540,126.71895424836602,aspect_ratio(z=+5.6)
209/bl_007tg_3_146.jpg,209,18,8,534,122.29166666666669,aspect_ratio(z=+7.4)
209/bl_007tg_3_154.jpg,209,17,8,504,108.9779411764706,aspect_ratio(z=+6.7)
209/bl_007tg_3_16.jpg,209,18,8,544,118.77777777777776,aspect_ratio(z=+7.4)
209/bl_007tg_3_17.jpg,209,17,8,493,110.75735294117646,aspect_ratio(z=+6.7)
209/bl_007tg_3_170.jpg,209,17,9,550,130.09150326797385,aspect_ratio(z=+5.6)
209/bl_007tg_3_171.jpg,209,17,8,500,116.38970588235294,aspect_ratio(z=+6.7)
209/bl_007tg_3_22.jpg,209,18,8,533,122.30555555555556,aspect_ratio(z=+7.4)
209/bl_007tg_3_246.jpg,209,18,8,547,122.41666666666669,aspect_ratio(z=+7.4)
209/bl_007tg_3_260.jpg,209,18,8,543,122.35416666666669,aspect_ratio(z=+7.4)
209/bl_007tg_3_281.jpg,209,18,8,540,120.45833333333331,aspect_ratio(z=+7.4)
209/bl_007tg_3_29.jpg,209,18,8,540,116.9375,aspect_ratio(z=+7.4)
209/bl_007tg_3_79.jpg,209,17,8,495,108.86029411764706,aspect_ratio(z=+6.7)
209/bl_007tg_8_135.jpg,209,20,9,564,140.29444444444445,aspect_ratio(z=+7.2)
209/bl_007tg_8_169.jpg,209,19,9,589,128.26900584795322,aspect_ratio(z=+6.7)
209/bl_007tg_8_172.jpg,209,20,9,589,140.1888888888889,aspect_ratio(z=+7.2)
209/bl_007tg_8_181.jpg,209,18,9,579,118.0925925925926,aspect_ratio(z=+6.1)
209/bl_007tg_8_182.jpg,209,18,9,584,116.6851851851852,aspect_ratio(z=+6.1)
209/bl_007tg_8_184.jpg,209,20,8,539,119.61875,aspect_ratio(z=+8.6)
209/bl_007tg_8_199.jpg,209,19,9,576,131.19298245614036,aspect_ratio(z=+6.7)
209/bl_007tg_8_202.jpg,209,18,10,665,131.7,aspect_ratio(z=+5.1)
209/bl_007tg_8_245.jpg,209,19,9,559,132.76608187134502,aspect_ratio(z=+6.7)
209/bl_007tg_8_248.jpg,209,19,9,567,131.29239766081872,aspect_ratio(z=+6.7)
209/bl_007tg_8_328.jpg,209,20,9,587,138.78333333333333,aspect_ratio(z=+7.2)
209/bl_007tg_8_337.jpg,209,20,8,542,124.4125,aspect_ratio(z=+8.6)
209/bl_007tg_8_35.jpg,209,19,9,559,138.6081871345029,aspect_ratio(z=+6.7)
209/bl_007tg_8_365.jpg,209,18,10,677,131.74444444444444,aspect_ratio(z=+5.1)
209/bl_007tg_8_389.jpg,209,19,9,593,123.76608187134502,aspect_ratio(z=+6.7)
209/bl_007tg_8_390.jpg,209,18,9,578,116.69753086419752,aspect_ratio(z=+6.1)
209/bl_007tg_8_417.jpg,209,20,9,589,136.05555555555554,aspect_ratio(z=+7.2)
209/bl_008sg_3_114.jpg,209,14,7,474,119.70408163265306,aspect_ratio(z=+6.1)
209/bl_008sg_3_134.jpg,209,14,7,473,114.72448979591836,aspect_ratio(z=+6.1)
209/bl_008sg_3_152.jpg,209,12,7,485,103.4047619047619,aspect_ratio(z=+4.7)
209/bl_008sg_3_154.jpg,209,13,7,474,103.86813186813188,aspect_ratio(z=+5.4)
209/bl_008sg_3_186.jpg,209,13,7,479,112.25274725274726,aspect_ratio(z=+5.4)
209/bl_008sg_3_191.jpg,209,13,7,478,98.31868131868131,aspect_ratio(z=+5.4)
209/bl_008sg_3_211.jpg,209,14,7,480,104.1734693877551,aspect_ratio(z=+6.1)
209/bl_008sg_3_212.jpg,209,14,8,485,116.30357142857144,aspect_ratio(z=+4.9)
209/bl_008sg_3_221.jpg,209,14,8,481,127.38392857142856,aspect_ratio(z=+4.9)
209/bl_008sg_3_328.jpg,209,14,7,480,114.56122448979592,aspect_ratio(z=+6.1)
209/bl_008sg_3_332.jpg,209,13,7,472,103.92307692307692,aspect_ratio(z=+5.4)
209/bl_008sg_3_335.jpg,209,14,7,475,127.42857142857144,aspect_ratio(z=+6.1)
209/bl_008sg_3_34.jpg,209,14,7,471,122.31632653061224,aspect_ratio(z=+6.1)
209/bl_008sg_3_356.jpg,209,14,7,475,122.43877551020408,aspect_ratio(z=+6.1)
209/bl_008sg_3_377.jpg,209,13,7,475,114.989010989011,aspect_ratio(z=+5.4)
209/bl_008sg_3_385.jpg,209,14,7,482,106.89795918367346,aspect_ratio(z=+6.1)
209/bl_008sg_3_386.jpg,209,14,7,480,106.70408163265306,aspect_ratio(z=+6.1)
209/bl_008sg_3_397.jpg,209,13,7,477,109.50549450549453,aspect_ratio(z=+5.4)
209/bl_008sg_3_403.jpg,209,14,7,481,111.95918367346938,aspect_ratio(z=+6.1)
209/bl_008sg_3_404.jpg,209,14,8,486,118.52678571428572,aspect_ratio(z=+4.9)
209/bl_008sg_3_480.jpg,209,13,6,472,88.5,aspect_ratio(z=+6.9)
209/bl_008sg_3_487.jpg,209,13,7,477,112.24175824175823,aspect_ratio(z=+5.4)
209/bl_008sg_3_69.jpg,209,14,8,483,132.10714285714286,aspect_ratio(z=+4.9)
209/bl_008sg_3_80.jpg,209,14,7,480,122.3877551020408,aspect_ratio(z=+6.1)
209/bl_008sg_4_3.jpg,209,13,7,480,106.62637362637362,aspect_ratio(z=+5.4)
209/bl_008sg_4_44.jpg,209,14,7,486,106.89795918367346,aspect_ratio(z=+6.1)
209/bl_008sg_4_8.jpg,209,13,7,472,95.46153846153848,aspect_ratio(z=+5.4)
209/bl_008tg_1_46.jpg,209,27,14,813,109.5,aspect_ratio(z=+5.8)
209/bl_008tg_3_134.jpg,209,20,10,659,118.525,aspect_ratio(z=+6.1)
209/bl_008tg_3_151.jpg,209,20,10,663,116.17,aspect_ratio(z=+6.1)
209/bl_008tg_3_168.jpg,209,20,10,661,118.64,aspect_ratio(z=+6.1)
209/bl_008tg_3_215.jpg,209,18,10,666,107.92222222222222,aspect_ratio(z=+5.1)
209/bl_008tg_3_244.jpg,209,20,10,672,122.5,aspect_ratio(z=+6.1)
209/bl_008tg_3_249.jpg,209,20,11,686,111.31363636363636,aspect_ratio(z=+5.2)
209/bl_008tg_3_250.jpg,209,21,11,674,117.11255411255412,aspect_ratio(z=+5.7)
209/bl_008tg_3_274.jpg,209,21,10,675,110.67142857142858,aspect_ratio(z=+6.6)
209/bl_008tg_3_287.jpg,209,21,10,676,122.7809523809524,aspect_ratio(z=+6.6)
209/bl_008tg_3_37.jpg,209,21,10,664,126.25238095238096,aspect_ratio(z=+6.6)
209/bl_008tg_3_417.jpg,209,20,11,676,133.29090909090908,aspect_ratio(z=+5.2)
209/bl_008tg_3_421.jpg,209,20,11,685,127.53181818181818,aspect_ratio(z=+5.2)
209/bl_008tg_3_424.jpg,209,21,10,676,126.41428571428573,aspect_ratio(z=+6.6)
209/bl_008tg_3_436.jpg,209,20,11,676,114.85,aspect_ratio(z=+5.2)
209/bl_008tg_3_437.jpg,209,20,12,690,122.2375,aspect_ratio(z=+4.4)
209/bl_008tg_3_447.jpg,209,21,10,661,131.1904761904762,aspect_ratio(z=+6.6)
209/bl_008tg_3_473.jpg,209,20,10,672,116.135,aspect_ratio(z=+6.1)
209/bl_008tg_3_481.jpg,209,20,11,677,118.30454545454543,aspect_ratio(z=+5.2)
209/bl_008tg_3_482.jpg,209,21,12,692,130.56349206349208,aspect_ratio(z=+4.9)
209/bl_008tg_3_84.jpg,209,21,11,678,133.56709956709958,aspect_ratio(z=+5.7)
209/bl_008tg_3_94.jpg,209,21,10,673,122.83809523809524,aspect_ratio(z=+6.6)
209/bl_008tg_4_3.jpg,209,20,10,653,119.925,aspect_ratio(z=+6.1)
209/bl_008tg_4_55.jpg,209,20,11,680,113.70454545454544,aspect_ratio(z=+5.2)
209/bl_008tg_4_56.jpg,209,21,11,688,118.24675324675324,aspect_ratio(z=+5.7)
209/bl_008tg_4_7.jpg,209,20,10,663,106.06,aspect_ratio(z=+6.1)
209/bl_008tg_4_8.jpg,209,21,11,686,113.87445887445888,aspect_ratio(z=+5.7)
209/bl_009sg_3_15.jpg,209,14,7,481,124.86734693877553,aspect_ratio(z=+6.1)
209/bl_009sg_3_251.jpg,209,15,7,479,126.37142857142857,aspect_ratio(z=+6.8)
209/bl_009sg_3_272.jpg,209,14,7,481,122.29591836734694,aspect_ratio(z=+6.1)
209/bl_009sg_3_276.jpg,209,14,7,476,112.0,aspect_ratio(z=+6.1)
209/bl_009sg_3_286.jpg,209,13,7,478,103.84615384615384,aspect_ratio(z=+5.4)
209/bl_009sg_3_303.jpg,209,14,7,479,119.68367346938776,aspect_ratio(z=+6.1)
209/bl_009sg_3_315.jpg,209,14,7,475,119.71428571428572,aspect_ratio(z=+6.1)
209/bl_009sg_3_398.jpg,209,14,7,478,122.29591836734694,aspect_ratio(z=+6.1)
209/bl_009sg_3_414.jpg,209,14,7,476,112.0204081632653,aspect_ratio(z=+6.1)
209/bl_009sg_3_457.jpg,209,14,7,476,112.10204081632654,aspect_ratio(z=+6.1)
209/bl_009sg_3_92.jpg,209,14,7,484,119.72448979591836,aspect_ratio(z=+6.1)
209/bl_009tg_3_127.jpg,209,21,10,671,127.5904761904762,aspect_ratio(z=+6.6)
209/bl_009tg_3_22.jpg,209,21,10,677,127.5095238095238,aspect_ratio(z=+6.6)
209/bl_009tg_3_260.jpg,209,20,11,673,114.91818181818182,aspect_ratio(z=+5.2)
209/bl_009tg_3_367.jpg,209,21,11,674,130.30735930735932,aspect_ratio(z=+5.7)
209/bl_009tg_3_400.jpg,209,21,11,683,131.38095238095238,aspect_ratio(z=+5.7)
209/bl_009tg_3_406.jpg,209,21,11,689,133.52813852813853,aspect_ratio(z=+5.7)
209/bl_009tg_3_418.jpg,209,21,11,688,112.7965367965368,aspect_ratio(z=+5.7)
209/bl_009tg_3_419.jpg,209,20,11,692,113.75909090909092,aspect_ratio(z=+5.2)
209/bl_009tg_3_445.jpg,209,21,11,685,128.06926406926408,aspect_ratio(z=+5.7)
209/bl_009tg_3_461.jpg,209,20,11,680,124.12727272727273,aspect_ratio(z=+5.2)
209/bl_010sg_6_124.jpg,209,14,7,477,101.81632653061224,aspect_ratio(z=+6.1)
209/bl_010sg_6_179.jpg,209,14,8,485,107.3125,aspect_ratio(z=+4.9)
209/bl_010sg_6_181.jpg,209,14,7,478,99.05102040816328,aspect_ratio(z=+6.1)
209/bl_010sg_6_201.jpg,209,14,7,476,98.98979591836736,aspect_ratio(z=+6.1)
209/bl_010sg_6_205.jpg,209,14,8,484,102.58035714285714,aspect_ratio(z=+4.9)
209/bl_010sg_6_208.jpg,209,14,7,478,101.6530612244898,aspect_ratio(z=+6.1)
209/bl_010sg_6_239.jpg,209,14,8,477,116.3125,aspect_ratio(z=+4.9)
209/bl_010sg_6_260.jpg,209,15,7,470,104.67619047619048,aspect_ratio(z=+6.8)
209/bl_010sg_6_279.jpg,209,15,7,470,109.47619047619048,aspect_ratio(z=+6.8)
209/bl_010sg_6_334.jpg,209,15,7,483,116.62857142857143,aspect_ratio(z=+6.8)
209/bl_010sg_6_373.jpg,209,14,7,480,109.42857142857144,aspect_ratio(z=+6.1)
209/bl_010sg_6_438.jpg,209,14,7,476,99.09183673469389,aspect_ratio(z=+6.1)
209/bl_010sg_6_55.jpg,209,15,8,481,110.61666666666666,aspect_ratio(z=+5.5)
209/bl_010sg_6_56.jpg,209,15,7,475,87.6952380952381,aspect_ratio(z=+6.8)
209/bl_010sg_6_82.jpg,209,15,7,474,102.26666666666668,aspect_ratio(z=+6.8)
209/bl_010tg_6_100.jpg,209,22,12,733,112.18939393939394,aspect_ratio(z=+5.3)
209/bl_010tg_6_148.jpg,209,22,12,747,113.0719696969697,aspect_ratio(z=+5.3)
209/bl_010tg_6_215.jpg,209,21,11,680,117.0995670995671,aspect_ratio(z=+5.7)
209/bl_010tg_6_289.jpg,209,21,12,749,112.4404761904762,aspect_ratio(z=+4.9)
209/bl_010tg_6_324.jpg,209,20,12,732,103.21666666666668,aspect_ratio(z=+4.4)
209/bl_010tg_6_325.jpg,209,21,11,676,101.74025974025976,aspect_ratio(z=+5.7)
209/bl_010tg_6_328.jpg,209,22,12,737,114.12878787878788,aspect_ratio(z=+5.3)
209/bl_010tg_6_329.jpg,209,22,12,750,118.93939393939394,aspect_ratio(z=+5.3)
209/bl_010tg_6_386.jpg,209,20,11,669,112.60909090909092,aspect_ratio(z=+5.2)
209/bl_010tg_6_415.jpg,209,21,11,672,113.8961038961039,aspect_ratio(z=+5.7)
209/bl_010tg_6_466.jpg,209,22,11,689,104.52479338842976,aspect_ratio(z=+6.1)
209/bl_010tg_6_467.jpg,209,22,11,730,103.3181818181818,aspect_ratio(z=+6.1)
209/bl_010tg_6_57.jpg,209,21,11,677,117.04761904761904,aspect_ratio(z=+5.7)
209/bl_010tg_6_99.jpg,209,22,12,745,112.1931818181818,aspect_ratio(z=+5.3)
209/bl_011sg_4_155.jpg,209,14,8,479,114.01785714285714,aspect_ratio(z=+4.9)
209/bl_011sg_4_156.jpg,209,14,7,482,96.5,aspect_ratio(z=+6.1)
209/bl_011sg_4_178.jpg,209,14,7,481,101.71428571428572,aspect_ratio(z=+6.1)
209/bl_011sg_4_20.jpg,209,14,7,478,117.1530612244898,aspect_ratio(z=+6.1)
209/bl_011sg_4_222.jpg,209,14,7,480,109.36734693877553,aspect_ratio(z=+6.1)
209/bl_011sg_4_424.jpg,209,14,7,475,114.57142857142856,aspect_ratio(z=+6.1)
209/bl_011sg_4_442.jpg,209,14,7,477,117.24489795918367,aspect_ratio(z=+6.1)
209/bl_011tg_4_102.jpg,209,21,11,685,129.22510822510822,aspect_ratio(z=+5.7)
209/bl_011tg_4_13.jpg,209,20,10,666,107.165,aspect_ratio(z=+6.1)
209/bl_011tg_4_136.jpg,209,21,12,684,122.5952380952381,aspect_ratio(z=+4.9)
209/bl_011tg_4_176.jpg,209,21,11,687,118.11255411255412,aspect_ratio(z=+5.7)
209/bl_011tg_4_218.jpg,209,20,11,683,104.46818181818182,aspect_ratio(z=+5.2)
209/bl_011tg_4_219.jpg,209,21,11,685,119.31601731601732,aspect_ratio(z=+5.7)
209/bl_011tg_4_267.jpg,209,20,11,678,121.72272727272728,aspect_ratio(z=+5.2)
209/bl_011tg_4_289.jpg,209,21,11,692,112.75324675324676,aspect_ratio(z=+5.7)
209/bl_011tg_4_290.jpg,209,21,11,682,108.37662337662336,aspect_ratio(z=+5.7)
209/bl_012sg_3_11.jpg,209,15,10,607,117.33333333333331,aspect_ratio(z=+3.6)
209/bl_012sg_3_17.jpg,209,14,9,513,89.43650793650794,aspect_ratio(z=+3.9)
209/ce_001sg_2_126.jpg,209,10,5,461,91.94,aspect_ratio(z=+6.1)
209/ce_001sg_2_127.jpg,209,10,5,470,82.14,aspect_ratio(z=+6.1)
209/ce_001sg_2_14.jpg,209,10,6,471,85.31666666666666,aspect_ratio(z=+4.4)
209/ce_001sg_2_15.jpg,209,10,6,465,76.76666666666667,aspect_ratio(z=+4.4)
209/ce_001sg_2_151.jpg,209,9,6,422,99.29629629629628,aspect_ratio(z=+3.6)
209/ce_001sg_2_156.jpg,209,9,5,426,68.33333333333333,aspect_ratio(z=+5.1); mean_intensity(z=-3.6)
209/ce_001sg_2_167.jpg,209,9,5,426,51.4,aspect_ratio(z=+5.1); mean_intensity(z=-4.4)
209/ce_001sg_2_179.jpg,209,9,6,427,94.5925925925926,aspect_ratio(z=+3.6)
209/ce_001sg_2_192.jpg,209,10,6,468,85.36666666666666,aspect_ratio(z=+4.4)
209/ce_001sg_2_20.jpg,209,13,7,479,106.7032967032967,aspect_ratio(z=+5.4)
209/ce_001sg_2_222.jpg,209,9,5,422,85.35555555555555,aspect_ratio(z=+5.1)
209/ce_001sg_2_223.jpg,209,9,6,424,104.0925925925926,aspect_ratio(z=+3.6)
209/ce_001sg_2_252.jpg,209,9,5,423,62.62222222222222,aspect_ratio(z=+5.1); mean_intensity(z=-3.9)
209/ce_001sg_2_82.jpg,209,7,5,404,51.77142857142857,mean_intensity(z=-4.4)
210/bc_020tg_3_6.jpg,210,16,8,480,145.359375,aspect_ratio(z=+6.1)
210/bc_020tg_4_214.jpg,210,18,11,734,151.8080808080808,aspect_ratio(z=+4.3)
210/be_001sg_2_131.jpg,210,27,36,1487,179.45987654320987,size_bytes(z=+4.4)
210/be_001tg_5_132.jpg,210,41,53,1998,166.7735849056604,width(z=+5.6); height(z=+4.6); size_bytes(z=+7.3)
210/be_002tg_10_78.jpg,210,11,47,878,162.21083172147002,height(z=+3.8)
210/be_004sg_6_7.jpg,210,17,46,1050,157.27365728900256,height(z=+3.6)
210/be_006tg_4_70.jpg,210,35,48,1534,183.97976190476192,width(z=+4.3); height(z=+3.9); size_bytes(z=+4.7)
210/be_007tg_4_250.jpg,210,37,47,1866,176.98734905117882,width(z=+4.7); height(z=+3.8); size_bytes(z=+6.6)
210/be_008tg_4_176.jpg,210,34,48,1555,181.1017156862745,width(z=+4.0); height(z=+3.9); size_bytes(z=+4.8)
210/be_008tg_6_15.jpg,210,15,7,482,157.64761904761906,aspect_ratio(z=+6.8)
210/be_008tg_6_31.jpg,210,15,6,487,147.3111111111111,aspect_ratio(z=+8.6)
210/be_008tg_6_42.jpg,210,22,9,608,155.7828282828283,aspect_ratio(z=+8.3)
210/be_008tg_6_69.jpg,210,9,6,420,141.55555555555554,aspect_ratio(z=+3.6)
210/be_008tg_6_72.jpg,210,20,8,556,148.10625,aspect_ratio(z=+8.6)
210/be_008tg_6_76.jpg,210,12,8,484,148.57291666666666,aspect_ratio(z=+3.6)
210/be_008tg_6_82.jpg,210,10,5,477,132.54,aspect_ratio(z=+6.1)
210/be_011tg_1_323.jpg,210,12,7,474,154.5595238095238,aspect_ratio(z=+4.7)
210/be_011tg_4_489.jpg,210,24,13,707,147.05448717948718,aspect_ratio(z=+5.3)
210/be_013tg_1_437.jpg,210,33,47,1573,168.1270148291425,width(z=+3.8); height(z=+3.8); size_bytes(z=+4.9)
210/be_014tg_2_304.jpg,210,27,47,1520,173.24980299448384,height(z=+3.8); size_bytes(z=+4.6)
210/be_014tg_3_46.jpg,210,22,47,1166,181.4032882011605,height(z=+3.8)
210/be_016tg_2_6.jpg,210,17,46,878,154.20204603580564,height(z=+3.6)
210/be_016tg_3_6.jpg,210,17,46,869,154.8925831202046,height(z=+3.6)
210/be_016tg_4_6.jpg,210,17,46,1022,160.10230179028133,height(z=+3.6)
210/be_016tg_8_235.jpg,210,35,47,1647,170.87355623100305,width(z=+4.3); height(z=+3.8); size_bytes(z=+5.3)
210/be_018tg_6_282.jpg,210,36,48,1765,180.01099537037038,width(z=+4.5); height(z=+3.9); size_bytes(z=+6.0)
210/be_018tg_6_395.jpg,210,11,45,910,168.33939393939394,height(z=+3.5)
210/be_019sg_7_3.jpg,210,17,46,1010,158.5460358056266,height(z=+3.6)
210/be_019tg_8_59.jpg,210,35,47,1748,178.28328267477204,width(z=+4.3); height(z=+3.8); size_bytes(z=+5.9)
210/bl_001tg_1_7.jpg,210,43,37,1304,147.74921433060968,width(z=+6.1)
210/bl_004tg_1_272.jpg,210,44,37,1648,149.09889434889436,width(z=+6.3); size_bytes(z=+5.3)
212/bc_008tg_1_137.jpg,212,19,9,589,120.87134502923976,aspect_ratio(z=+6.7)
212/bc_011sg_3_362.jpg,212,13,6,478,95.07692307692308,aspect_ratio(z=+6.9)
212/bc_012sg_2_67.jpg,212,13,6,481,98.28205128205128,aspect_ratio(z=+6.9)
212/bc_012tg_2_68.jpg,212,19,9,569,122.42690058479532,aspect_ratio(z=+6.7)
212/bc_015tg_3_71.jpg,212,19,9,583,77.81286549707602,aspect_ratio(z=+6.7)
212/bc_017sg_8_5.jpg,212,12,6,474,53.638888888888886,aspect_ratio(z=+6.1); mean_intensity(z=-4.3)
212/bc_017tg_3_17.jpg,212,19,10,635,80.76315789473684,aspect_ratio(z=+5.6)
212/bc_017tg_8_139.jpg,212,19,9,588,76.30409356725146,aspect_ratio(z=+6.7)
212/bc_018sg_4_355.jpg,212,13,6,473,72.2051282051282,aspect_ratio(z=+6.9)
212/bc_018tg_4_389.jpg,212,19,10,722,99.59473684210526,aspect_ratio(z=+5.6)
212/be_001sg_2_332.jpg,212,16,9,498,134.54166666666666,aspect_ratio(z=+5.0)
212/be_001tg_2_330.jpg,212,23,13,741,143.1103678929766,aspect_ratio(z=+5.0)
212/be_003tg_4_25.jpg,212,21,12,696,148.74603174603175,aspect_ratio(z=+4.9)
212/be_003tg_9_147.jpg,212,21,11,675,137.98701298701295,aspect_ratio(z=+5.7)
212/be_005sg_5_421.jpg,212,14,7,484,119.63265306122447,aspect_ratio(z=+6.1)
212/be_006sg_4_246.jpg,212,14,7,477,117.09183673469389,aspect_ratio(z=+6.1)
212/be_007sg_7_369.jpg,212,14,8,474,132.19642857142858,aspect_ratio(z=+4.9)
212/be_008tg_6_117.jpg,212,22,13,695,137.24825174825176,aspect_ratio(z=+4.6)
212/be_008tg_6_146.jpg,212,23,13,747,141.48160535117057,aspect_ratio(z=+5.0)
212/be_008tg_6_288.jpg,212,22,13,737,130.96853146853147,aspect_ratio(z=+4.6)
212/be_016sg_10_221.jpg,212,14,7,477,117.33673469387756,aspect_ratio(z=+6.1)
212/be_016sg_10_223.jpg,212,14,7,476,114.57142857142856,aspect_ratio(z=+6.1)
212/be_016sg_10_89.jpg,212,14,7,478,111.96938775510203,aspect_ratio(z=+6.1)
212/be_016sg_8_164.jpg,212,14,7,475,109.3265306122449,aspect_ratio(z=+6.1)
212/be_016sg_8_166.jpg,212,14,7,484,122.3265306122449,aspect_ratio(z=+6.1)
212/be_016tg_10_90.jpg,212,21,11,735,137.97402597402598,aspect_ratio(z=+5.7)
212/be_017sg_6_237.jpg,212,15,8,476,133.875,aspect_ratio(z=+5.5)
212/be_017tg_6_238.jpg,212,21,11,738,133.54978354978354,aspect_ratio(z=+5.7)
212/bl_002tg_7_19.jpg,212,20,8,543,116.34375,aspect_ratio(z=+8.6)
212/bl_002tg_7_385.jpg,212,21,8,547,119.95238095238096,aspect_ratio(z=+9.2)
212/bl_003tg_5_104.jpg,212,20,8,530,111.68125,aspect_ratio(z=+8.6)
212/bl_003tg_5_140.jpg,212,20,8,528,108.45625,aspect_ratio(z=+8.6)
212/bl_004sg_7_98.jpg,212,13,5,477,78.81538461538462,aspect_ratio(z=+9.1)
212/bl_004tg_11_85.jpg,212,20,9,574,100.75555555555556,aspect_ratio(z=+7.2)
212/bl_005sg_5_7.jpg,212,12,5,483,123.3,aspect_ratio(z=+8.1)
212/bl_005sg_7_53.jpg,212,13,6,481,127.57692307692308,aspect_ratio(z=+6.9)
212/bl_009sg_3_109.jpg,212,16,7,475,100.3125,aspect_ratio(z=+7.5)
212/bl_009tg_3_159.jpg,212,24,12,709,122.21527777777776,aspect_ratio(z=+6.1)
212/bl_009tg_4_23.jpg,212,13,6,468,72.01282051282051,aspect_ratio(z=+6.9)
212/bl_010tg_1_25.jpg,212,13,6,467,49.53846153846154,aspect_ratio(z=+6.9); mean_intensity(z=-4.5)
212/bl_011sg_4_11.jpg,212,16,8,477,107.7265625,aspect_ratio(z=+6.1)
212/bl_011sg_4_14.jpg,212,16,8,482,103.7734375,aspect_ratio(z=+6.1)
213/bc_008sg_11_261.jpg,213,12,8,480,116.96875,aspect_ratio(z=+3.6)
213/bc_008sg_11_266.jpg,213,13,8,477,127.58653846153848,aspect_ratio(z=+4.2)
213/bc_008sg_11_269.jpg,213,13,8,480,122.59615384615384,aspect_ratio(z=+4.2)
213/bc_008sg_11_272.jpg,213,12,8,476,111.63541666666669,aspect_ratio(z=+3.6)
213/bc_008sg_13_150.jpg,213,13,8,482,120.15384615384616,aspect_ratio(z=+4.2)
213/bc_008tg_6_35.jpg,213,20,12,643,151.84166666666667,aspect_ratio(z=+4.4)
213/bc_012sg_2_180.jpg,213,13,8,476,115.42307692307692,aspect_ratio(z=+4.2)
213/bc_012sg_2_75.jpg,213,13,8,482,130.0,aspect_ratio(z=+4.2)
213/bc_012tg_2_181.jpg,213,19,12,709,138.59649122807016,aspect_ratio(z=+4.0)
213/bc_012tg_2_188.jpg,213,19,12,694,134.1184210526316,aspect_ratio(z=+4.0)
213/bc_012tg_2_192.jpg,213,19,12,690,136.43421052631578,aspect_ratio(z=+4.0)
213/bc_012tg_2_77.jpg,213,19,12,692,140.82894736842104,aspect_ratio(z=+4.0)
213/bc_012tg_4_175.jpg,213,19,12,704,133.02631578947367,aspect_ratio(z=+4.0)
213/bc_014tg_6_220.jpg,213,19,12,650,118.48245614035088,aspect_ratio(z=+4.0)
213/bc_016sg_7_236.jpg,213,13,8,475,103.25,aspect_ratio(z=+4.2)
213/bc_017sg_3_137.jpg,213,12,8,455,69.41666666666667,aspect_ratio(z=+3.6); mean_intensity(z=-3.5)
213/bc_017sg_3_80.jpg,213,13,8,471,83.59615384615384,aspect_ratio(z=+4.2)
213/bc_019tg_8_347.jpg,213,19,12,689,111.96491228070175,aspect_ratio(z=+4.0)
213/be_001sg_2_329.jpg,213,16,10,571,129.075,aspect_ratio(z=+4.1)
213/be_001sg_2_336.jpg,213,16,10,596,143.3875,aspect_ratio(z=+4.1)
213/be_001sg_5_257.jpg,213,16,10,551,148.15625,aspect_ratio(z=+4.1)
213/be_001tg_2_327.jpg,213,25,15,722,153.58933333333334,aspect_ratio(z=+4.4)
213/be_001tg_2_334.jpg,213,24,15,741,150.73333333333332,aspect_ratio(z=+4.1)
213/be_001tg_5_264.jpg,213,24,15,710,146.525,aspect_ratio(z=+4.1)
213/be_002sg_9_352.jpg,213,14,9,494,135.5952380952381,aspect_ratio(z=+3.9)
213/be_003tg_4_35.jpg,213,21,13,738,140.021978021978,aspect_ratio(z=+4.2)
213/be_003tg_4_38.jpg,213,22,13,739,149.7027972027972,aspect_ratio(z=+4.6)
213/be_004sg_7_305.jpg,213,15,9,493,132.25185185185185,aspect_ratio(z=+4.4)
213/be_004tg_6_298.jpg,213,22,13,748,145.21328671328672,aspect_ratio(z=+4.6)
213/be_006sg_8_21.jpg,213,15,9,498,143.45185185185184,aspect_ratio(z=+4.4)
213/be_006tg_1_259.jpg,213,21,14,679,148.95238095238096,aspect_ratio(z=+3.6)
213/be_007tg_3_220.jpg,213,16,10,566,114.91875,aspect_ratio(z=+4.1)
213/be_007tg_6_102.jpg,213,21,13,676,137.23443223443223,aspect_ratio(z=+4.2)
213/be_007tg_6_105.jpg,213,22,14,733,147.27272727272728,aspect_ratio(z=+4.0)
213/be_007tg_6_122.jpg,213,22,13,742,141.6958041958042,aspect_ratio(z=+4.6)
213/be_009sg_4_62.jpg,213,16,10,607,132.26875,aspect_ratio(z=+4.1)
213/be_011tg_3_26.jpg,213,16,10,605,140.19375,aspect_ratio(z=+4.1)
213/be_011tg_5_73.jpg,213,24,15,710,145.90555555555557,aspect_ratio(z=+4.1)
213/be_012tg_4_62.jpg,213,21,13,690,136.26739926739927,aspect_ratio(z=+4.2)
213/be_012tg_4_64.jpg,213,21,13,710,143.82051282051282,aspect_ratio(z=+4.2)
213/be_013sg_2_113.jpg,213,15,9,493,134.0,aspect_ratio(z=+4.4)
213/be_013tg_2_116.jpg,213,22,13,717,147.0034965034965,aspect_ratio(z=+4.6)
213/be_014tg_4_287.jpg,213,22,13,723,140.86013986013987,aspect_ratio(z=+4.6)
213/be_016sg_10_88.jpg,213,15,9,502,143.37037037037038,aspect_ratio(z=+4.4)
213/be_016sg_10_90.jpg,213,14,9,496,133.65079365079364,aspect_ratio(z=+3.9)
213/be_016sg_10_91.jpg,213,14,9,511,137.7698412698413,aspect_ratio(z=+3.9)
213/be_016tg_10_89.jpg,213,22,14,737,153.03571428571428,aspect_ratio(z=+4.0)
213/be_016tg_10_91.jpg,213,22,14,753,152.12662337662337,aspect_ratio(z=+4.0)
213/be_016tg_10_92.jpg,213,22,13,729,144.33916083916083,aspect_ratio(z=+4.6)
213/be_017sg_6_200.jpg,213,14,9,495,131.54761904761904,aspect_ratio(z=+3.9)
213/be_017sg_6_310.jpg,213,15,9,510,145.31851851851852,aspect_ratio(z=+4.4)
213/be_020sg_4_79.jpg,213,14,9,503,127.64285714285714,aspect_ratio(z=+3.9)
213/be_020sg_4_81.jpg,213,14,9,503,131.65079365079364,aspect_ratio(z=+3.9)
213/be_020tg_4_81.jpg,213,21,14,681,143.87414965986397,aspect_ratio(z=+3.6)
213/be_020tg_4_83.jpg,213,21,14,730,147.31972789115648,aspect_ratio(z=+3.6)
213/bl_001sg_9_168.jpg,213,10,6,457,76.85,aspect_ratio(z=+4.4)
213/bl_002tg_8_237.jpg,213,15,10,534,86.77333333333333,aspect_ratio(z=+3.6)
213/bl_003sg_7_156.jpg,213,13,8,478,113.0096153846154,aspect_ratio(z=+4.2)
213/bl_003tg_5_113.jpg,213,21,11,688,140.02597402597402,aspect_ratio(z=+5.7)
213/bl_003tg_5_134.jpg,213,20,11,678,142.47272727272727,aspect_ratio(z=+5.2)
213/bl_003tg_5_146.jpg,213,20,11,720,142.39545454545456,aspect_ratio(z=+5.2)
213/bl_004tg_11_71.jpg,213,20,12,723,124.35416666666669,aspect_ratio(z=+4.4)
213/bl_004tg_11_82.jpg,213,20,12,715,125.29583333333332,aspect_ratio(z=+4.4)
213/bl_004tg_2_57.jpg,213,28,7,502,96.4030612244898,aspect_ratio(z=+16.1)
213/bl_005tg_4_58.jpg,213,27,7,591,120.13227513227513,aspect_ratio(z=+15.4)
213/bl_005tg_6_58.jpg,213,27,6,479,69.61111111111111,aspect_ratio(z=+18.6); mean_intensity(z=-3.5)
213/bl_006sg_8_394.jpg,213,14,7,479,122.46938775510203,aspect_ratio(z=+6.1)
214/be_017sg_6_205.jpg,214,15,10,553,139.42666666666668,aspect_ratio(z=+3.6)
215/bc_008tg_3_58.jpg,215,20,12,710,141.1875,aspect_ratio(z=+4.4)
215/bc_008tg_6_76.jpg,215,19,12,700,128.6359649122807,aspect_ratio(z=+4.0)
215/bc_012sg_2_38.jpg,215,13,8,485,117.7403846153846,aspect_ratio(z=+4.2)
215/bc_019sg_5_3.jpg,215,12,8,478,80.01041666666667,aspect_ratio(z=+3.6)
215/bl_001sg_8_293.jpg,215,14,7,480,127.53061224489797,aspect_ratio(z=+6.1)
215/bl_001tg_8_298.jpg,215,20,11,731,137.8409090909091,aspect_ratio(z=+5.2)
215/bl_002tg_7_38.jpg,215,20,12,737,131.77916666666667,aspect_ratio(z=+4.4)
215/bl_002tg_8_187.jpg,215,16,10,529,84.68125,aspect_ratio(z=+4.1)
215/bl_003sg_7_161.jpg,215,13,7,481,109.48351648351648,aspect_ratio(z=+5.4)
215/bl_003tg_5_237.jpg,215,20,11,735,134.38181818181818,aspect_ratio(z=+5.2)
216/bc_001sg_9_204.jpg,216,6,8,396,69.27083333333333,mean_intensity(z=-3.6)
216/bc_001sg_9_343.jpg,216,5,9,428,62.888888888888886,mean_intensity(z=-3.9)
216/bc_001tg_8_217.jpg,216,8,12,414,69.46875,mean_intensity(z=-3.5)
216/bc_001tg_8_355.jpg,216,7,13,462,70.31868131868131,mean_intensity(z=-3.5)
216/bc_002sg_5_253.jpg,216,5,9,422,68.57777777777778,mean_intensity(z=-3.6)
216/bc_005sg_4_353.jpg,216,6,8,401,69.35416666666667,mean_intensity(z=-3.5)
216/bc_005sg_4_372.jpg,216,5,8,398,51.425,mean_intensity(z=-4.4)
216/bc_007sg_5_253.jpg,216,6,9,409,61.75925925925926,mean_intensity(z=-3.9)
217/bc_001sg_5_12.jpg,217,10,8,405,60.9375,mean_intensity(z=-3.9)
217/bc_004sg_6_70.jpg,217,10,8,409,67.1375,mean_intensity(z=-3.7)
217/bc_004sg_8_0.jpg,217,14,10,549,55.114285714285714,mean_intensity(z=-4.2)
217/bc_005sg_4_361.jpg,217,10,9,443,65.24444444444444,mean_intensity(z=-3.7)
217/bc_005sg_4_375.jpg,217,11,7,472,96.22077922077922,aspect_ratio(z=+4.0)
217/bc_005sg_6_0.jpg,217,15,10,546,66.66666666666667,aspect_ratio(z=+3.6); mean_intensity(z=-3.7)
217/bc_006sg_5_1.jpg,217,14,10,580,44.12857142857143,mean_intensity(z=-4.7)
217/bc_006tg_5_1.jpg,217,21,15,715,57.95555555555556,mean_intensity(z=-4.1)
217/bc_007sg_6_198.jpg,217,10,9,426,68.25555555555556,mean_intensity(z=-3.6)
217/bc_007sg_8_0.jpg,217,14,10,492,53.26428571428571,mean_intensity(z=-4.3)
217/bc_007tg_8_0.jpg,217,21,15,679,60.231746031746034,mean_intensity(z=-4.0)
217/bc_009sg_1_20.jpg,217,15,13,548,68.4,mean_intensity(z=-3.6)
226/bc_008sg_2_3.jpg,226,23,47,924,167.32007400555042,height(z=+3.8)
226/bc_008tg_11_137.jpg,226,19,45,1056,191.72280701754383,height(z=+3.5)
226/bc_008tg_11_207.jpg,226,18,46,1029,190.5193236714976,height(z=+3.6)
226/bc_008tg_11_252.jpg,226,18,46,927,198.56884057971016,height(z=+3.6)
226/bc_008tg_11_90.jpg,226,18,45,909,202.33827160493829,height(z=+3.5)
226/bc_008tg_13_10.jpg,226,19,46,1168,197.6487414187643,height(z=+3.6)
226/bc_008tg_13_105.jpg,226,18,46,904,197.0640096618357,height(z=+3.6)
226/bc_008tg_13_156.jpg,226,19,45,1114,198.7497076023392,height(z=+3.5)
226/bc_008tg_13_195.jpg,226,18,45,1141,190.2740740740741,height(z=+3.5)
226/bc_008tg_13_62.jpg,226,18,45,955,196.9987654320988,height(z=+3.5)
226/bc_008tg_14_129.jpg,226,18,46,1047,197.82608695652172,height(z=+3.6)
226/bc_008tg_14_319.jpg,226,18,45,829,191.6962962962963,height(z=+3.5)
226/bc_008tg_14_67.jpg,226,18,45,906,194.4716049382716,height(z=+3.5)
226/bc_008tg_1_1.jpg,226,18,46,868,189.9082125603865,height(z=+3.6)
226/bc_008tg_1_186.jpg,226,18,46,928,198.2475845410628,height(z=+3.6)
226/bc_008tg_2_3.jpg,226,35,71,1596,167.66277665995975,width(z=+4.3); height(z=+7.0); size_bytes(z=+5.0)
226/bc_008tg_3_0.jpg,226,18,46,862,198.2838164251208,height(z=+3.6)
226/bc_008tg_3_17.jpg,226,19,46,1071,198.8821510297483,height(z=+3.6)
226/bc_008tg_4_6.jpg,226,22,45,1188,171.47373737373738,height(z=+3.5)
226/bc_008tg_6_263.jpg,226,18,46,865,193.03502415458937,height(z=+3.6)
226/bc_008tg_6_4.jpg,226,18,45,1035,199.4864197530864,height(z=+3.5)
226/bc_008tg_6_45.jpg,226,18,46,1074,189.7427536231884,height(z=+3.6)
226/bc_008tg_6_94.jpg,226,18,46,864,198.89734299516908,height(z=+3.6)
226/bc_008tg_8_166.jpg,226,18,45,1023,198.4864197530864,height(z=+3.5)
226/bc_008tg_8_86.jpg,226,18,46,897,190.25,height(z=+3.6)
226/bc_009tg_2_291.jpg,226,18,46,777,189.9975845410628,height(z=+3.6)
226/bc_009tg_2_32.jpg,226,19,45,1134,195.84093567251463,height(z=+3.5)
226/bc_011tg_1_80.jpg,226,18,46,1016,188.68115942028984,height(z=+3.6)
226/bc_011tg_1_9.jpg,226,18,45,1026,190.36666666666667,height(z=+3.5)
226/bc_011tg_2_8.jpg,226,22,45,1333,167.7919191919192,height(z=+3.5); size_bytes(z=+3.5)
226/bc_011tg_3_125.jpg,226,19,46,1028,199.1830663615561,height(z=+3.6)
226/bc_011tg_3_282.jpg,226,18,46,1026,190.5253623188406,height(z=+3.6)
226/bc_011tg_3_319.jpg,226,18,46,1050,187.72222222222223,height(z=+3.6)
226/bc_011tg_3_426.jpg,226,18,46,964,200.0809178743961,height(z=+3.6)
226/bc_011tg_3_450.jpg,226,18,46,904,202.2572463768116,height(z=+3.6)
226/bc_011tg_3_455.jpg,226,17,45,872,193.23006535947712,height(z=+3.5)
226/bc_011tg_6_6.jpg,226,18,46,1100,190.4685990338164,height(z=+3.6)
226/bc_012tg_2_0.jpg,226,19,46,1031,199.1716247139588,height(z=+3.6)
226/bc_012tg_2_153.jpg,226,18,46,861,188.40579710144928,height(z=+3.6)
226/bc_012tg_2_193.jpg,226,19,46,1020,195.4096109839817,height(z=+3.6)
226/bc_012tg_2_218.jpg,226,18,46,961,191.43599033816423,height(z=+3.6)
226/bc_012tg_4_199.jpg,226,19,46,1177,183.42105263157896,height(z=+3.6)
226/bc_012tg_4_214.jpg,226,19,46,1169,185.1533180778032,height(z=+3.6)
226/bc_012tg_4_9.jpg,226,18,46,1144,186.15217391304347,height(z=+3.6)
226/be_001tg_2_292.jpg,226,21,50,1003,190.82380952380956,height(z=+4.2)
226/be_001tg_2_298.jpg,226,21,50,1012,190.81047619047615,height(z=+4.2)
226/be_001tg_2_344.jpg,226,21,50,1029,183.08857142857144,height(z=+4.2)
226/be_001tg_4_49.jpg,226,21,50,1033,184.2971428571429,height(z=+4.2)
226/be_001tg_4_55.jpg,226,21,50,1033,183.11333333333332,height(z=+4.2)
226/be_001tg_5_81.jpg,226,20,50,1014,187.89,height(z=+4.2)
226/be_001tg_5_87.jpg,226,21,50,1011,188.87142857142857,height(z=+4.2)
226/be_002sg_8_0.jpg,226,19,46,972,173.55720823798626,height(z=+3.6)
226/be_002tg_10_5.jpg,226,19,45,987,185.14619883040936,height(z=+3.5)
226/be_002tg_7_127.jpg,226,16,45,945,186.46944444444443,height(z=+3.5)
226/be_002tg_8_0.jpg,226,28,68,1826,180.21165966386556,height(z=+6.6); size_bytes(z=+6.3)
226/be_002tg_9_0.jpg,226,18,45,959,182.220987654321,height(z=+3.5)
226/be_002tg_9_37.jpg,226,19,45,987,184.88654970760237,height(z=+3.5)
226/be_002tg_9_56.jpg,226,19,45,993,186.35906432748536,height(z=+3.5)
226/be_003tg_4_421.jpg,226,18,45,957,182.20493827160493,height(z=+3.5)
226/be_003tg_4_482.jpg,226,18,45,963,183.78765432098768,height(z=+3.5)
226/be_004tg_4_150.jpg,226,19,45,965,187.2175438596491,height(z=+3.5)
226/be_004tg_6_151.jpg,226,19,45,972,187.53567251461988,height(z=+3.5)
226/be_005tg_4_182.jpg,226,19,45,988,185.7684210526316,height(z=+3.5)
226/be_005tg_4_193.jpg,226,19,45,998,175.89239766081872,height(z=+3.5)
226/be_005tg_5_391.jpg,226,19,45,992,185.48538011695908,height(z=+3.5)
226/be_006sg_2_0.jpg,226,13,45,984,168.06495726495726,height(z=+3.5)
226/be_006sg_2_11.jpg,226,19,45,884,175.93684210526317,height(z=+3.5)
226/be_006tg_2_0.jpg,226,21,68,1358,181.76540616246496,height(z=+6.6); size_bytes(z=+3.7)
226/be_006tg_2_11.jpg,226,28,69,1781,179.06625258799173,height(z=+6.7); size_bytes(z=+6.1)
226/be_006tg_3_0.jpg,226,16,45,812,188.35,height(z=+3.5)
226/be_006tg_3_11.jpg,226,18,45,958,182.8283950617284,height(z=+3.5)
226/be_006tg_3_171.jpg,226,18,45,967,184.41728395061727,height(z=+3.5)
226/be_006tg_3_311.jpg,226,18,45,963,184.4271604938272,height(z=+3.5)
226/be_006tg_3_480.jpg,226,15,45,907,184.90666666666667,height(z=+3.5)
226/be_006tg_4_115.jpg,226,19,45,1069,189.61286549707603,height(z=+3.5)
226/be_007tg_4_35.jpg,226,19,45,974,185.43391812865497,height(z=+3.5)
226/be_007tg_5_17.jpg,226,19,46,887,176.79633867276888,height(z=+3.6)
226/be_007tg_6_210.jpg,226,19,45,999,186.0456140350877,height(z=+3.5)
226/be_007tg_6_226.jpg,226,19,45,968,184.83625730994152,height(z=+3.5)
226/be_007tg_6_339.jpg,226,18,45,961,184.42222222222225,height(z=+3.5)
226/be_007tg_6_473.jpg,226,18,45,958,180.96666666666667,height(z=+3.5)
226/be_007tg_6_484.jpg,226,18,45,965,182.2037037037037,height(z=+3.5)
226/be_007tg_7_137.jpg,226,19,45,994,185.75438596491227,height(z=+3.5)
226/be_008tg_4_183.jpg,226,12,45,914,176.01111111111112,height(z=+3.5)
226/be_008tg_4_245.jpg,226,18,45,953,183.45555555555555,height(z=+3.5)
226/be_008tg_4_275.jpg,226,18,45,954,186.2851851851852,height(z=+3.5)
226/be_008tg_6_185.jpg,226,19,46,944,173.27574370709382,height(z=+3.6)
226/be_009tg_4_206.jpg,226,21,49,960,189.2983479105928,height(z=+4.0)
226/be_011tg_4_102.jpg,226,21,49,977,189.0485908649174,height(z=+4.0)
226/be_011tg_6_117.jpg,226,21,50,1062,184.5504761904762,height(z=+4.2)
226/be_013tg_2_82.jpg,226,14,45,896,185.14444444444445,height(z=+3.5)
226/be_013tg_6_176.jpg,226,19,45,1028,192.2982456140351,height(z=+3.5)
226/be_018sg_2_0.jpg,226,19,45,945,174.21052631578948,height(z=+3.5)
226/be_018tg_11_10.jpg,226,21,52,1154,174.507326007326,height(z=+4.5)
226/be_018tg_2_0.jpg,226,28,69,1813,185.23084886128365,height(z=+6.7); size_bytes(z=+6.3)
226/be_018tg_3_153.jpg,226,18,45,958,181.5962962962963,height(z=+3.5)
226/be_018tg_7_44.jpg,226,18,45,963,183.4567901234568,height(z=+3.5)
226/be_018tg_9_71.jpg,226,18,45,1015,186.91604938271604,height(z=+3.5)
226/be_019sg_4_21.jpg,226,18,45,1002,165.6246913580247,height(z=+3.5)
226/be_019tg_3_239.jpg,226,18,45,962,182.55555555555557,height(z=+3.5)
226/be_019tg_3_37.jpg,226,19,45,971,185.72748538011692,height(z=+3.5)
226/be_019tg_3_90.jpg,226,19,45,1020,188.39415204678363,height(z=+3.5)
226/be_019tg_4_21.jpg,226,28,68,1824,179.68697478991598,height(z=+6.6); size_bytes(z=+6.3)
226/be_019tg_5_67.jpg,226,19,45,993,186.03625730994156,height(z=+3.5)
226/be_020sg_1_0.jpg,226,12,46,1025,166.6195652173913,height(z=+3.6)
226/be_020tg_1_0.jpg,226,18,68,1233,173.73692810457516,height(z=+6.6)
226/be_020tg_2_111.jpg,226,19,45,966,186.3298245614035,height(z=+3.5)
226/be_020tg_2_230.jpg,226,18,45,962,183.14814814814812,height(z=+3.5)
226/be_020tg_5_282.jpg,226,19,45,970,186.2970760233918,height(z=+3.5)
226/be_020tg_5_75.jpg,226,19,45,959,185.1649122807017,height(z=+3.5)
226/be_020tg_6_0.jpg,226,19,45,959,184.56608187134503,height(z=+3.5)
226/be_020tg_6_15.jpg,226,19,45,950,186.0561403508772,height(z=+3.5)
226/be_020tg_6_36.jpg,226,19,45,961,184.8432748538012,height(z=+3.5)
226/be_020tg_6_405.jpg,226,18,45,956,182.5308641975309,height(z=+3.5)
226/be_020tg_6_50.jpg,226,18,45,1027,189.13827160493827,height(z=+3.5)
226/be_020tg_6_53.jpg,226,19,45,964,185.14269005847956,height(z=+3.5)
226/bl_010tg_6_435.jpg,226,17,45,1114,154.62614379084968,height(z=+3.5)
226/bl_011tg_1_4.jpg,226,17,45,1079,162.55686274509804,height(z=+3.5)
227/bc_008tg_11_106.jpg,227,18,46,888,197.0458937198068,height(z=+3.6)
227/bc_008tg_11_126.jpg,227,18,46,878,195.80797101449275,height(z=+3.6)
227/bc_008tg_11_43.jpg,227,19,45,1081,197.55906432748537,height(z=+3.5)
227/bc_008tg_11_93.jpg,227,18,46,885,198.28502415458937,height(z=+3.6)
227/bc_008tg_13_145.jpg,227,19,46,948,192.52059496567503,height(z=+3.6)
227/bc_008tg_13_32.jpg,227,18,46,890,197.3574879227053,height(z=+3.6)
227/bc_008tg_14_228.jpg,227,18,46,919,197.33695652173915,height(z=+3.6)
227/bc_008tg_14_242.jpg,227,18,46,889,197.94082125603865,height(z=+3.6)
227/bc_008tg_14_348.jpg,227,18,46,887,196.71376811594203,height(z=+3.6)
227/bc_008tg_1_150.jpg,227,19,46,979,191.03432494279176,height(z=+3.6)
227/bc_008tg_1_157.jpg,227,18,46,967,192.0410628019324,height(z=+3.6)
227/bc_008tg_1_93.jpg,227,18,46,877,197.3586956521739,height(z=+3.6)
227/bc_008tg_3_50.jpg,227,19,46,1028,196.52860411899317,height(z=+3.6)
227/bc_008tg_5_12.jpg,227,20,46,945,165.75652173913045,height(z=+3.6)
227/bc_008tg_6_131.jpg,227,18,46,877,197.34541062801927,height(z=+3.6)
227/bc_008tg_6_221.jpg,227,18,46,878,199.17995169082127,height(z=+3.6)
227/bc_008tg_7_9.jpg,227,20,46,1062,163.4673913043478,height(z=+3.6)
227/bc_008tg_8_109.jpg,227,19,46,1014,194.1979405034325,height(z=+3.6)
227/bc_008tg_8_160.jpg,227,19,46,970,193.06407322654465,height(z=+3.6)
227/bc_008tg_8_186.jpg,227,18,46,875,197.66183574879227,height(z=+3.6)
227/bc_008tg_8_25.jpg,227,18,46,880,198.2524154589372,height(z=+3.6)
227/bc_008tg_8_398.jpg,227,19,46,930,189.0228832951945,height(z=+3.6)
227/bc_008tg_8_430.jpg,227,18,46,878,196.43357487922705,height(z=+3.6)
227/bc_008tg_8_460.jpg,227,18,46,878,196.73067632850243,height(z=+3.6)
227/bc_008tg_8_485.jpg,227,18,45,905,198.2567901234568,height(z=+3.5)
227/bc_009tg_1_22.jpg,227,25,59,1395,153.4020338983051,height(z=+5.4); size_bytes(z=+3.9)
227/bc_009tg_2_17.jpg,227,18,46,964,194.84903381642516,height(z=+3.6)
227/bc_009tg_2_181.jpg,227,18,46,876,197.65942028985503,height(z=+3.6)
227/bc_009tg_2_325.jpg,227,18,46,906,196.4371980676329,height(z=+3.6)
227/bc_009tg_2_450.jpg,227,18,46,880,196.41545893719805,height(z=+3.6)
227/bc_011tg_3_186.jpg,227,18,46,929,189.97342995169083,height(z=+3.6)
227/bc_011tg_3_233.jpg,227,18,46,882,197.6316425120773,height(z=+3.6)
227/bc_011tg_3_364.jpg,227,18,46,882,198.58333333333331,height(z=+3.6)
227/bc_011tg_3_46.jpg,227,18,46,1021,193.89613526570048,height(z=+3.6)
227/bc_011tg_6_112.jpg,227,18,46,940,189.03019323671495,height(z=+3.6)
227/bc_011tg_6_4.jpg,227,18,46,837,197.67632850241543,height(z=+3.6)
227/bc_011tg_6_43.jpg,227,19,46,935,188.45308924485127,height(z=+3.6)
227/bc_011tg_6_71.jpg,227,16,46,797,191.14809782608697,height(z=+3.6)
227/bc_012tg_2_135.jpg,227,19,46,978,197.1029748283753,height(z=+3.6)
227/bc_012tg_2_170.jpg,227,18,47,887,197.04609929078012,height(z=+3.8)
227/bc_012tg_2_203.jpg,227,18,46,883,196.7185990338164,height(z=+3.6)
227/bc_012tg_2_304.jpg,227,18,45,937,197.64814814814812,height(z=+3.5)
227/bc_012tg_2_348.jpg,227,19,45,972,189.33333333333331,height(z=+3.5)
227/bc_012tg_2_49.jpg,227,19,47,1041,192.3852183650616,height(z=+3.8)
227/bc_012tg_2_79.jpg,227,19,46,903,190.52517162471395,height(z=+3.6)
227/bc_012tg_3_12.jpg,227,26,59,1496,149.28943937418515,height(z=+5.4); size_bytes(z=+4.5)
227/bc_012tg_4_131.jpg,227,18,47,872,196.7919621749409,height(z=+3.8)
227/bc_012tg_4_177.jpg,227,18,47,883,197.08392434988176,height(z=+3.8)
227/bc_012tg_4_189.jpg,227,19,47,996,191.5543113101904,height(z=+3.8)
227/bc_012tg_4_283.jpg,227,19,46,1076,197.67734553775745,height(z=+3.6)
227/bc_012tg_4_296.jpg,227,19,46,1117,188.3077803203661,height(z=+3.6)
227/be_001tg_2_148.jpg,227,18,50,925,178.4922222222222,height(z=+4.2)
227/be_001tg_2_166.jpg,227,19,50,957,173.89894736842106,height(z=+4.2)
227/be_001tg_2_184.jpg,227,18,50,953,167.71444444444444,height(z=+4.2)
227/be_001tg_2_217.jpg,227,19,49,870,179.94736842105263,height(z=+4.0)
227/be_001tg_2_255.jpg,227,19,50,959,180.96526315789475,height(z=+4.2)
227/be_001tg_2_277.jpg,227,18,50,922,178.5011111111111,height(z=+4.2)
227/be_001tg_2_295.jpg,227,18,50,879,177.9322222222222,height(z=+4.2)
227/be_001tg_2_381.jpg,227,19,50,965,182.25263157894736,height(z=+4.2)
227/be_001tg_4_52.jpg,227,19,50,1010,175.80947368421053,height(z=+4.2)
227/be_001tg_5_103.jpg,227,18,49,830,175.80839002267572,height(z=+4.0)
227/be_001tg_5_130.jpg,227,18,50,825,179.33666666666667,height(z=+4.2)
227/be_001tg_5_169.jpg,227,19,50,956,180.17368421052632,height(z=+4.2)
227/be_001tg_5_176.jpg,227,19,50,1022,174.46947368421053,height(z=+4.2)
227/be_001tg_5_252.jpg,227,19,50,964,180.66631578947369,height(z=+4.2)
227/be_001tg_5_58.jpg,227,19,49,878,179.41138560687432,height(z=+4.0)
227/be_001tg_5_74.jpg,227,18,49,919,174.36848072562358,height(z=+4.0)
227/be_001tg_5_78.jpg,227,18,50,926,177.09555555555556,height(z=+4.2)
227/be_002tg_7_208.jpg,227,16,45,766,172.15555555555557,height(z=+3.5)
227/be_002tg_9_396.jpg,227,15,45,775,180.5955555555556,height(z=+3.5)
227/be_002tg_9_66.jpg,227,16,45,768,178.52916666666667,height(z=+3.5)
227/be_003tg_4_171.jpg,227,17,45,805,177.01568627450982,height(z=+3.5)
227/be_003tg_6_21.jpg,227,18,45,1099,169.31975308641975,height(z=+3.5)
227/be_003tg_6_29.jpg,227,18,45,1226,154.47283950617285,height(z=+3.5)
227/be_003tg_9_77.jpg,227,17,45,831,176.65490196078431,height(z=+3.5)
227/be_004tg_2_128.jpg,227,17,45,870,179.62745098039215,height(z=+3.5)
227/be_004tg_5_13.jpg,227,25,69,2034,169.98376811594204,height(z=+6.7); size_bytes(z=+7.5)
227/be_004tg_6_74.jpg,227,17,45,839,180.99738562091505,height(z=+3.5)
227/be_005tg_2_270.jpg,227,17,45,812,175.01437908496732,height(z=+3.5)
227/be_005tg_3_59.jpg,227,18,45,923,178.8,height(z=+3.5)
227/be_006tg_1_164.jpg,227,17,45,826,177.34640522875816,height(z=+3.5)
227/be_006tg_1_221.jpg,227,17,45,840,176.65490196078431,height(z=+3.5)
227/be_006tg_8_312.jpg,227,16,45,767,172.14583333333334,height(z=+3.5)
227/be_007tg_4_216.jpg,227,16,45,757,169.33333333333334,height(z=+3.5)
227/be_007tg_6_51.jpg,227,17,45,831,177.65098039215687,height(z=+3.5)
227/be_007tg_7_213.jpg,227,17,45,831,177.67843137254903,height(z=+3.5)
227/be_008tg_7_385.jpg,227,17,45,819,178.6627450980392,height(z=+3.5)
227/be_009tg_2_147.jpg,227,19,49,896,175.28893662728248,height(z=+4.0)
227/be_009tg_2_15.jpg,227,19,49,879,180.2781954887218,height(z=+4.0)
227/be_009tg_2_195.jpg,227,19,50,978,174.1778947368421,height(z=+4.2)
227/be_009tg_2_246.jpg,227,17,50,804,176.7470588235294,height(z=+4.2)
227/be_009tg_2_385.jpg,227,19,50,970,173.64,height(z=+4.2)
227/be_009tg_2_44.jpg,227,19,49,900,179.4189044038668,height(z=+4.0)
227/be_009tg_2_487.jpg,227,19,50,966,180.4021052631579,height(z=+4.2)
227/be_009tg_2_97.jpg,227,19,50,1052,175.56736842105263,height(z=+4.2)
227/be_009tg_4_170.jpg,227,19,50,963,180.95684210526315,height(z=+4.2)
227/be_009tg_4_214.jpg,227,19,50,1060,180.9336842105263,height(z=+4.2)
227/be_009tg_4_244.jpg,227,18,49,770,178.0702947845805,height(z=+4.0)
227/be_009tg_4_270.jpg,227,19,50,967,180.96105263157892,height(z=+4.2)
227/be_009tg_4_283.jpg,227,18,50,918,178.75555555555556,height(z=+4.2)
227/be_009tg_4_307.jpg,227,19,50,961,172.58105263157896,height(z=+4.2)
227/be_009tg_4_342.jpg,227,19,49,879,180.24274973147155,height(z=+4.0)
227/be_009tg_4_382.jpg,227,19,50,963,181.48526315789476,height(z=+4.2)
227/be_009tg_4_399.jpg,227,13,50,893,176.4323076923077,height(z=+4.2)
227/be_011tg_4_110.jpg,227,19,50,961,182.01263157894735,height(z=+4.2)
227/be_011tg_4_201.jpg,227,18,50,831,179.05555555555554,height(z=+4.2)
227/be_011tg_4_393.jpg,227,19,50,1027,174.2,height(z=+4.2)
227/be_011tg_5_121.jpg,227,19,50,975,173.38526315789474,height(z=+4.2)
227/be_011tg_5_35.jpg,227,19,49,937,174.1987110633727,height(z=+4.0)
227/be_011tg_6_157.jpg,227,18,50,995,167.72555555555556,height(z=+4.2)
227/be_011tg_6_199.jpg,227,19,50,958,182.26631578947368,height(z=+4.2)
227/be_011tg_6_83.jpg,227,19,50,961,180.6884210526316,height(z=+4.2)
227/be_012tg_4_174.jpg,227,17,45,824,178.37124183006537,height(z=+3.5)
227/be_013tg_1_365.jpg,227,17,45,829,177.66535947712418,height(z=+3.5)
227/be_014tg_4_149.jpg,227,16,45,766,171.79583333333332,height(z=+3.5)
227/be_015tg_1_267.jpg,227,13,45,925,173.76239316239315,height(z=+3.5)
227/be_015tg_1_351.jpg,227,15,45,774,180.97629629629628,height(z=+3.5)
227/be_015tg_2_185.jpg,227,17,45,826,175.67320261437908,height(z=+3.5)
227/be_015tg_2_251.jpg,227,16,45,763,171.06805555555556,height(z=+3.5)
227/be_015tg_2_327.jpg,227,17,45,839,177.97908496732026,height(z=+3.5)
227/be_015tg_2_39.jpg,227,16,45,768,169.6486111111111,height(z=+3.5)
227/be_015tg_2_400.jpg,227,17,45,867,179.00392156862745,height(z=+3.5)
227/be_015tg_2_470.jpg,227,17,45,800,175.34901960784313,height(z=+3.5)
227/be_016tg_10_42.jpg,227,17,45,818,177.35294117647058,height(z=+3.5)
227/be_016tg_8_335.jpg,227,17,45,845,180.2980392156863,height(z=+3.5)
227/be_017tg_4_275.jpg,227,17,45,904,180.9869281045752,height(z=+3.5)
227/be_017tg_4_381.jpg,227,16,45,771,173.58055555555555,height(z=+3.5)
227/be_017tg_5_24.jpg,227,18,45,1027,171.27283950617283,height(z=+3.5)
227/be_017tg_7_162.jpg,227,14,45,957,172.98730158730157,height(z=+3.5)
227/be_018tg_3_373.jpg,227,16,45,759,170.01805555555555,height(z=+3.5)
227/be_018tg_4_31.jpg,227,19,51,1450,170.94117647058823,height(z=+4.3); size_bytes(z=+4.2)
227/be_018tg_6_203.jpg,227,12,45,958,176.85925925925926,height(z=+3.5)
227/be_018tg_6_248.jpg,227,12,45,915,169.37962962962962,height(z=+3.5)
227/be_018tg_7_214.jpg,227,17,45,828,178.3372549019608,height(z=+3.5)
227/be_018tg_7_280.jpg,227,17,45,800,175.9908496732026,height(z=+3.5)
227/be_018tg_7_92.jpg,227,16,45,764,171.07777777777778,height(z=+3.5)
227/be_018tg_9_163.jpg,227,17,45,830,177.00261437908495,height(z=+3.5)
227/be_018tg_9_23.jpg,227,17,45,825,175.70065359477124,height(z=+3.5)
227/be_018tg_9_46.jpg,227,17,45,827,175.36993464052287,height(z=+3.5)
227/be_019sg_4_27.jpg,227,18,45,984,166.25185185185185,height(z=+3.5)
227/be_019tg_3_207.jpg,227,17,45,858,181.30065359477123,height(z=+3.5)
227/be_019tg_3_274.jpg,227,17,45,823,176.36209150326798,height(z=+3.5)
227/be_019tg_4_27.jpg,227,27,68,1969,172.6045751633987,height(z=+6.6); size_bytes(z=+7.2)
227/be_019tg_5_18.jpg,227,17,45,858,181.94640522875815,height(z=+3.5)
227/be_019tg_5_24.jpg,227,17,45,897,181.95294117647057,height(z=+3.5)
227/be_019tg_5_62.jpg,227,17,45,809,182.3372549019608,height(z=+3.5)
227/be_019tg_6_0.jpg,227,18,45,919,181.2851851851852,height(z=+3.5)
227/be_019tg_6_278.jpg,227,18,45,920,183.1716049382716,height(z=+3.5)
227/be_019tg_6_68.jpg,227,17,45,851,180.3202614379085,height(z=+3.5)
227/be_019tg_7_3.jpg,227,26,68,2129,169.44343891402715,height(z=+6.6); size_bytes(z=+8.1)
227/be_019tg_8_344.jpg,227,17,45,816,176.34117647058824,height(z=+3.5)
227/be_020tg_2_363.jpg,227,17,45,858,179.64313725490197,height(z=+3.5)
227/be_020tg_2_380.jpg,227,16,45,772,174.27777777777777,height(z=+3.5)
227/be_020tg_2_432.jpg,227,16,45,762,171.79444444444445,height(z=+3.5)
227/be_020tg_5_279.jpg,227,17,45,797,174.35294117647058,height(z=+3.5)
227/be_020tg_6_113.jpg,227,17,45,838,176.3124183006536,height(z=+3.5)
227/be_020tg_6_242.jpg,227,17,45,818,174.35424836601308,height(z=+3.5)
227/be_020tg_6_350.jpg,227,16,45,758,170.36388888888888,height(z=+3.5)
227/be_020tg_6_47.jpg,227,17,45,790,175.3607843137255,height(z=+3.5)
227/bl_008tg_3_453.jpg,227,20,45,956,175.15444444444444,height(z=+3.5)
227/bl_009tg_3_342.jpg,227,20,45,1014,172.87,height(z=+3.5)
227/bl_010tg_6_228.jpg,227,21,45,1001,163.52380952380952,height(z=+3.5)
227/bl_010tg_6_24.jpg,227,20,45,999,162.76222222222222,height(z=+3.5)
227/bl_010tg_6_397.jpg,227,21,45,1073,165.72486772486772,height(z=+3.5)
227/bl_011tg_4_241.jpg,227,20,45,1011,169.77555555555554,height(z=+3.5)
227/bl_011tg_4_310.jpg,227,20,45,951,171.43555555555557,height(z=+3.5)
227/bl_011tg_4_417.jpg,227,20,46,866,174.9163043478261,height(z=+3.6)
227/bl_011tg_4_464.jpg,227,20,45,954,169.48555555555555,height(z=+3.5)
227/bl_011tg_4_95.jpg,227,21,45,1030,173.28783068783068,height(z=+3.5)
227/bl_011tg_4_98.jpg,227,20,45,849,172.30333333333334,height(z=+3.5)
228/bc_002tg_6_38.jpg,228,20,46,973,152.30108695652174,height(z=+3.6)
228/bc_008tg_11_174.jpg,228,19,46,971,195.69679633867275,height(z=+3.6)
228/bc_008tg_11_188.jpg,228,19,46,1041,196.46224256292905,height(z=+3.6)
228/bc_008tg_11_270.jpg,228,20,47,1151,191.5659574468085,height(z=+3.8)
228/bc_008tg_11_377.jpg,228,20,46,995,194.4858695652174,height(z=+3.6)
228/bc_008tg_13_164.jpg,228,19,46,896,201.49313501144164,height(z=+3.6)
228/bc_008tg_14_234.jpg,228,19,47,1039,195.75811870100785,height(z=+3.8)
228/bc_008tg_14_409.jpg,228,20,46,1052,187.86195652173916,height(z=+3.6)
228/bc_008tg_1_144.jpg,228,19,46,969,196.0,height(z=+3.6)
228/bc_008tg_1_76.jpg,228,19,46,1017,197.1132723112128,height(z=+3.6)
228/bc_008tg_8_11.jpg,228,20,45,935,194.61666666666667,height(z=+3.5)
228/bc_008tg_8_127.jpg,228,20,46,1010,200.2663043478261,height(z=+3.6)
228/bc_008tg_8_150.jpg,228,20,46,927,192.34782608695653,height(z=+3.6)
228/bc_008tg_8_173.jpg,228,19,46,919,199.78146453089244,height(z=+3.6)
228/bc_008tg_8_20.jpg,228,19,45,915,200.6198830409357,height(z=+3.5)
228/bc_008tg_8_98.jpg,228,19,46,1012,195.3718535469108,height(z=+3.6)
228/bc_009tg_2_259.jpg,228,19,46,908,200.9370709382151,height(z=+3.6)
228/bc_009tg_2_268.jpg,228,20,47,1045,192.2191489361702,height(z=+3.8)
228/bc_009tg_2_298.jpg,228,20,46,1104,189.15978260869565,height(z=+3.6)
228/bc_009tg_2_442.jpg,228,20,46,1088,187.52826086956523,height(z=+3.6)
228/bc_009tg_2_69.jpg,228,19,47,1008,198.3426651735722,height(z=+3.8)
228/bc_011tg_3_150.jpg,228,16,46,795,198.3845108695652,height(z=+3.6)
228/bc_011tg_3_162.jpg,228,19,46,966,198.87643020594965,height(z=+3.6)
228/bc_011tg_3_183.jpg,228,19,46,900,201.50572082379864,height(z=+3.6)
228/bc_011tg_3_194.jpg,228,19,46,901,202.08466819221968,height(z=+3.6)
228/bc_011tg_3_385.jpg,228,19,47,935,193.25643896976484,height(z=+3.8)
228/bc_011tg_6_114.jpg,228,20,46,1061,188.61195652173916,height(z=+3.6)
228/bc_011tg_6_25.jpg,228,20,46,925,192.3445652173913,height(z=+3.6)
228/bc_011tg_6_60.jpg,228,19,46,912,199.23798627002287,height(z=+3.6)
228/bc_011tg_6_73.jpg,228,17,46,963,183.4514066496164,height(z=+3.6)
228/bc_012tg_2_14.jpg,228,19,46,919,200.05949656750573,height(z=+3.6)
228/bc_012tg_2_226.jpg,228,20,46,937,193.40217391304347,height(z=+3.6)
228/bc_012tg_2_358.jpg,228,19,46,1108,193.25400457665904,height(z=+3.6)
228/bc_012tg_4_310.jpg,228,20,46,1101,197.16739130434783,height(z=+3.6)
228/bc_019tg_8_15.jpg,228,29,47,1146,160.0733675715334,height(z=+3.8)
228/be_001tg_2_289.jpg,228,21,53,1166,185.6693620844564,height(z=+4.6)
228/be_001tg_2_80.jpg,228,21,52,1314,180.16300366300365,height(z=+4.5)
228/be_001tg_5_125.jpg,228,21,53,1169,186.81940700808624,height(z=+4.6)
228/be_001tg_5_16.jpg,228,21,52,1164,186.91941391941396,height(z=+4.5)
228/be_001tg_5_224.jpg,228,21,53,1279,180.83827493261452,height(z=+4.6)
228/be_001tg_5_261.jpg,228,21,52,1181,175.47710622710622,height(z=+4.5)
228/be_002tg_10_141.jpg,228,18,47,872,177.8593380614657,height(z=+3.8)
228/be_002tg_10_174.jpg,228,18,47,881,176.0437352245863,height(z=+3.8)
228/be_002tg_4_126.jpg,228,19,48,1080,182.7565789473684,height(z=+3.9)
228/be_002tg_4_33.jpg,228,19,47,959,179.03471444568868,height(z=+3.8)
228/be_002tg_6_111.jpg,228,18,47,925,178.403073286052,height(z=+3.8)
228/be_002tg_6_153.jpg,228,19,47,922,181.88465845464725,height(z=+3.8)
228/be_002tg_6_81.jpg,228,17,47,828,186.0362953692115,height(z=+3.8)
228/be_002tg_6_95.jpg,228,19,47,875,183.5475923852184,height(z=+3.8)
228/be_002tg_7_112.jpg,228,18,47,862,178.73640661938535,height(z=+3.8)
228/be_002tg_7_179.jpg,228,19,47,1042,180.43113101903697,height(z=+3.8)
228/be_002tg_7_199.jpg,228,19,47,967,183.29339305711088,height(z=+3.8)
228/be_002tg_7_246.jpg,228,19,47,928,182.43113101903697,height(z=+3.8)
228/be_002tg_7_30.jpg,228,18,47,832,179.67375886524823,height(z=+3.8)
228/be_002tg_7_310.jpg,228,18,46,921,177.07850241545893,height(z=+3.6)
228/be_002tg_7_360.jpg,228,19,46,1008,191.3054919908467,height(z=+3.6)
228/be_002tg_7_48.jpg,228,19,47,924,182.1522956326988,height(z=+3.8)
228/be_002tg_9_19.jpg,228,19,47,918,181.8510638297872,height(z=+3.8)
228/be_002tg_9_344.jpg,228,18,47,881,178.72222222222223,height(z=+3.8)
228/be_002tg_9_422.jpg,228,19,46,914,182.0183066361556,height(z=+3.6)
228/be_003tg_4_247.jpg,228,18,47,871,179.96690307328606,height(z=+3.8)
228/be_003tg_4_369.jpg,228,19,47,1024,185.57222844344903,height(z=+3.8)
228/be_003tg_4_467.jpg,228,19,47,921,182.44120940649492,height(z=+3.8)
228/be_003tg_8_301.jpg,228,19,47,876,184.1265397536394,height(z=+3.8)
228/be_003tg_8_388.jpg,228,19,46,915,181.47254004576655,height(z=+3.6)
228/be_003tg_8_452.jpg,228,19,47,1015,186.16013437849944,height(z=+3.8)
228/be_003tg_9_171.jpg,228,18,46,869,179.27053140096618,height(z=+3.6)
228/be_003tg_9_217.jpg,228,19,46,907,183.47597254004577,height(z=+3.6)
228/be_003tg_9_64.jpg,228,19,47,915,181.8667413213886,height(z=+3.8)
228/be_003tg_9_94.jpg,228,19,47,1038,181.27547592385216,height(z=+3.8)
228/be_004tg_2_250.jpg,228,18,47,829,181.160756501182,height(z=+3.8)
228/be_004tg_2_367.jpg,228,18,47,919,179.6241134751773,height(z=+3.8)
228/be_004tg_6_258.jpg,228,18,47,826,179.96453900709218,height(z=+3.8)
228/be_004tg_6_443.jpg,228,18,47,882,179.65839243498817,height(z=+3.8)
228/be_004tg_6_58.jpg,228,19,47,931,183.8589025755879,height(z=+3.8)
228/be_005tg_2_181.jpg,228,19,47,879,181.86002239641655,height(z=+3.8)
228/be_005tg_3_125.jpg,228,15,47,790,169.6368794326241,height(z=+3.8)
228/be_005tg_3_14.jpg,228,19,46,925,170.99656750572083,height(z=+3.6)
228/be_005tg_3_180.jpg,228,18,47,919,175.44917257683215,height(z=+3.8)
228/be_005tg_3_66.jpg,228,19,47,1009,175.32586786114223,height(z=+3.8)
228/be_005tg_4_147.jpg,228,19,47,939,171.6360582306831,height(z=+3.8)
228/be_005tg_4_17.jpg,228,19,46,863,177.4050343249428,height(z=+3.6)
228/be_005tg_4_201.jpg,228,19,47,930,175.6326987681971,height(z=+3.8)
228/be_005tg_4_45.jpg,228,12,47,852,169.9095744680851,height(z=+3.8)
228/be_005tg_5_181.jpg,228,19,47,911,181.84994400895857,height(z=+3.8)
228/be_005tg_5_420.jpg,228,19,46,923,175.08466819221968,height(z=+3.6)
228/be_005tg_5_458.jpg,228,19,46,1003,173.883295194508,height(z=+3.6)
228/be_005tg_5_478.jpg,228,19,47,871,180.70660694288912,height(z=+3.8)
228/be_005tg_5_71.jpg,228,19,47,870,181.00559910414333,height(z=+3.8)
228/be_006tg_1_101.jpg,228,18,47,875,180.54609929078012,height(z=+3.8)
228/be_006tg_1_148.jpg,228,18,47,821,180.25886524822693,height(z=+3.8)
228/be_006tg_1_353.jpg,228,18,46,880,175.8840579710145,height(z=+3.6)
228/be_006tg_1_398.jpg,228,18,47,861,179.93144208037825,height(z=+3.8)
228/be_006tg_1_66.jpg,228,18,47,923,179.3534278959811,height(z=+3.8)
228/be_006tg_3_19.jpg,228,18,47,825,179.06146572104018,height(z=+3.8)
228/be_006tg_3_225.jpg,228,18,47,829,180.2683215130024,height(z=+3.8)
228/be_006tg_3_253.jpg,228,14,46,748,181.68478260869568,height(z=+3.6)
228/be_006tg_3_339.jpg,228,19,46,912,182.9050343249428,height(z=+3.6)
228/be_006tg_3_488.jpg,228,19,47,944,189.87122060470324,height(z=+3.8)
228/be_006tg_3_78.jpg,228,13,46,815,173.0819397993311,height(z=+3.6)
228/be_006tg_4_244.jpg,228,18,47,877,179.32624113475177,height(z=+3.8)
228/be_006tg_8_206.jpg,228,19,47,1012,187.5543113101904,height(z=+3.8)
228/be_006tg_8_23.jpg,228,18,46,871,180.44565217391303,height(z=+3.6)
228/be_006tg_8_261.jpg,228,19,47,871,184.72788353863385,height(z=+3.8)
228/be_006tg_8_71.jpg,228,19,46,915,181.45766590389016,height(z=+3.6)
228/be_007tg_4_168.jpg,228,19,47,872,183.0,height(z=+3.8)
228/be_007tg_4_248.jpg,228,19,47,965,183.31578947368425,height(z=+3.8)
228/be_007tg_6_167.jpg,228,19,46,1020,180.87757437070937,height(z=+3.6)
228/be_007tg_6_355.jpg,228,19,47,881,182.989921612542,height(z=+3.8)
228/be_007tg_6_436.jpg,228,19,47,971,181.5666293393057,height(z=+3.8)
228/be_007tg_7_234.jpg,228,18,47,886,179.03664302600473,height(z=+3.8)
228/be_007tg_7_25.jpg,228,18,47,871,177.56501182033097,height(z=+3.8)
228/be_007tg_7_299.jpg,228,19,47,867,183.8622620380739,height(z=+3.8)
228/be_007tg_7_321.jpg,228,19,47,928,183.02463605823067,height(z=+3.8)
228/be_007tg_7_335.jpg,228,19,47,920,181.88465845464725,height(z=+3.8)
228/be_013tg_1_285.jpg,228,19,47,921,184.4389697648376,height(z=+3.8)
228/be_013tg_1_405.jpg,228,16,47,832,186.1515957446809,height(z=+3.8)
228/be_013tg_2_16.jpg,228,18,47,869,179.35224586288416,height(z=+3.8)
228/be_013tg_2_309.jpg,228,10,47,740,180.0,height(z=+3.8)
228/be_013tg_2_330.jpg,228,18,47,877,179.0531914893617,height(z=+3.8)
228/be_013tg_2_446.jpg,228,15,47,750,173.95744680851064,height(z=+3.8)
228/be_013tg_2_98.jpg,228,18,47,880,177.51063829787233,height(z=+3.8)
228/be_013tg_6_116.jpg,228,19,46,939,182.32151029748283,height(z=+3.6)
228/be_013tg_6_257.jpg,228,19,46,919,181.7482837528604,height(z=+3.6)
228/be_013tg_6_42.jpg,228,19,46,971,183.48054919908463,height(z=+3.6)
228/be_014tg_2_177.jpg,228,17,47,787,187.64205256570716,height(z=+3.8)
228/be_014tg_2_192.jpg,228,18,47,871,178.73995271867614,height(z=+3.8)
228/be_014tg_2_227.jpg,228,18,47,925,178.43617021276594,height(z=+3.8)
228/be_014tg_2_280.jpg,228,18,47,879,176.9550827423168,height(z=+3.8)
228/be_014tg_2_312.jpg,228,18,47,828,178.78132387706856,height(z=+3.8)
228/be_014tg_3_173.jpg,228,18,46,890,174.93599033816426,height(z=+3.6)
228/be_014tg_3_186.jpg,228,17,46,890,182.2365728900256,height(z=+3.6)
228/be_014tg_3_188.jpg,228,18,47,923,179.6158392434988,height(z=+3.8)
228/be_014tg_3_215.jpg,228,19,47,982,177.30459126539753,height(z=+3.8)
228/be_014tg_3_48.jpg,228,14,47,762,175.6018237082067,height(z=+3.8)
228/be_014tg_4_186.jpg,228,19,47,919,183.2922732362822,height(z=+3.8)
228/be_014tg_4_242.jpg,228,18,47,929,178.12056737588654,height(z=+3.8)
228/be_014tg_4_351.jpg,228,19,47,913,183.5666293393057,height(z=+3.8)
228/be_015tg_1_181.jpg,228,17,47,833,182.5331664580726,height(z=+3.8)
228/be_015tg_1_377.jpg,228,18,47,868,178.4728132387707,height(z=+3.8)
228/be_015tg_2_176.jpg,228,18,47,971,180.8475177304965,height(z=+3.8)
228/be_015tg_2_223.jpg,228,18,47,914,176.3368794326241,height(z=+3.8)
228/be_015tg_2_235.jpg,228,18,47,913,176.9468085106383,height(z=+3.8)
228/be_015tg_2_44.jpg,228,18,46,868,179.22826086956522,height(z=+3.6)
228/be_015tg_2_444.jpg,228,18,47,923,176.63593380614657,height(z=+3.8)
228/be_015tg_2_59.jpg,228,18,47,881,179.0531914893617,height(z=+3.8)
228/be_016tg_10_209.jpg,228,19,46,917,181.1533180778032,height(z=+3.6)
228/be_016tg_10_3.jpg,228,19,47,874,184.1321388577828,height(z=+3.8)
228/be_016tg_8_127.jpg,228,19,46,910,182.29862700228836,height(z=+3.6)
228/be_016tg_8_214.jpg,228,19,46,874,183.1716247139588,height(z=+3.6)
228/be_016tg_8_428.jpg,228,19,46,871,183.1933638443936,height(z=+3.6)
228/be_016tg_8_442.jpg,228,14,46,794,176.17546583850933,height(z=+3.6)
228/be_016tg_8_480.jpg,228,19,47,871,183.00559910414333,height(z=+3.8)
228/be_016tg_8_6.jpg,228,19,46,940,180.00228832951944,height(z=+3.6)
228/be_017tg_6_141.jpg,228,19,46,913,182.31350114416475,height(z=+3.6)
228/be_017tg_6_228.jpg,228,19,47,879,184.4288913773796,height(z=+3.8)
228/be_017tg_6_297.jpg,228,18,47,870,179.03546099290782,height(z=+3.8)
228/be_017tg_6_308.jpg,228,19,47,926,181.01679731243,height(z=+3.8)
228/be_017tg_6_429.jpg,228,19,47,865,182.4255319148936,height(z=+3.8)
228/be_017tg_6_43.jpg,228,19,47,864,182.99776035834267,height(z=+3.8)
228/be_017tg_7_105.jpg,228,19,47,930,181.88801791713323,height(z=+3.8)
228/be_017tg_7_262.jpg,228,19,46,965,186.10983981693363,height(z=+3.6)
228/be_017tg_7_264.jpg,228,19,46,945,180.8512585812357,height(z=+3.6)
228/be_017tg_7_331.jpg,228,18,47,867,179.3356973995272,height(z=+3.8)
228/be_017tg_7_333.jpg,228,19,47,863,183.2743561030235,height(z=+3.8)
228/be_017tg_7_462.jpg,228,16,47,752,188.53191489361703,height(z=+3.8)
228/be_017tg_7_77.jpg,228,18,46,906,177.3913043478261,height(z=+3.6)
228/be_018sg_2_18.jpg,228,21,46,1252,173.3002070393375,height(z=+3.6)
228/be_018tg_11_28.jpg,228,24,52,1324,160.71714743589743,height(z=+4.5)
228/be_018tg_2_18.jpg,228,31,70,2177,182.6147465437788,height(z=+6.9); size_bytes(z=+8.4)
228/be_018tg_3_119.jpg,228,18,48,882,179.97916666666666,height(z=+3.9)
228/be_018tg_3_156.jpg,228,19,47,911,181.30459126539756,height(z=+3.8)
228/be_018tg_3_321.jpg,228,18,47,819,179.0673758865248,height(z=+3.8)
228/be_018tg_3_392.jpg,228,18,47,893,178.13475177304966,height(z=+3.8)
228/be_018tg_3_51.jpg,228,18,47,882,178.45271867612294,height(z=+3.8)
228/be_018tg_3_54.jpg,228,19,48,1072,184.70394736842104,height(z=+3.9)
228/be_018tg_4_3.jpg,228,23,52,1651,171.6304347826087,height(z=+4.5); size_bytes(z=+5.3)
228/be_018tg_4_38.jpg,228,23,52,1509,174.06270903010034,height(z=+4.5); size_bytes(z=+4.5)
228/be_018tg_5_35.jpg,228,19,47,875,182.7077267637178,height(z=+3.8)
228/be_018tg_6_13.jpg,228,18,47,925,177.5177304964539,height(z=+3.8)
228/be_018tg_6_16.jpg,228,18,47,964,180.5378250591017,height(z=+3.8)
228/be_018tg_6_176.jpg,228,18,47,917,176.61702127659575,height(z=+3.8)
228/be_018tg_6_197.jpg,228,17,48,783,191.20343137254903,height(z=+3.9)
228/be_018tg_6_277.jpg,228,18,47,915,175.70094562647753,height(z=+3.8)
228/be_018tg_6_392.jpg,228,15,47,869,172.5304964539007,height(z=+3.8)
228/be_018tg_7_190.jpg,228,18,47,922,178.44444444444446,height(z=+3.8)
228/be_018tg_7_20.jpg,228,18,46,888,177.05917874396135,height(z=+3.6)
228/be_018tg_7_239.jpg,228,19,47,973,181.87234042553192,height(z=+3.8)
228/be_018tg_7_309.jpg,228,15,47,759,180.4709219858156,height(z=+3.8)
228/be_018tg_7_47.jpg,228,18,47,919,178.71867612293144,height(z=+3.8)
228/be_018tg_9_115.jpg,228,18,47,872,177.84751773049646,height(z=+3.8)
228/be_018tg_9_131.jpg,228,19,47,919,183.0,height(z=+3.8)
228/be_018tg_9_198.jpg,228,19,47,1010,182.4221724524076,height(z=+3.8)
228/be_018tg_9_52.jpg,228,19,48,991,183.07565789473685,height(z=+3.9)
228/be_019sg_4_13.jpg,228,22,46,1155,171.96541501976284,height(z=+3.6)
228/be_019tg_3_263.jpg,228,19,46,919,180.5983981693364,height(z=+3.6)
228/be_019tg_3_44.jpg,228,19,46,959,182.6121281464531,height(z=+3.6)
228/be_019tg_3_80.jpg,228,19,46,917,180.5766590389016,height(z=+3.6)
228/be_019tg_4_13.jpg,228,32,70,2095,179.54776785714284,width(z=+3.6); height(z=+6.9); size_bytes(z=+7.9)
228/be_019tg_5_225.jpg,228,20,47,889,185.786170212766,height(z=+3.8)
228/be_019tg_6_113.jpg,228,20,47,879,186.04468085106384,height(z=+3.8)
228/be_019tg_6_210.jpg,228,19,47,871,179.88689809630458,height(z=+3.8)
228/be_019tg_6_255.jpg,228,19,47,876,181.58902575587905,height(z=+3.8)
228/be_019tg_8_221.jpg,228,19,47,877,183.8555431131019,height(z=+3.8)
228/be_019tg_8_486.jpg,228,19,47,876,181.03135498320268,height(z=+3.8)
228/be_019tg_8_87.jpg,228,20,46,1044,183.44782608695647,height(z=+3.6)
228/be_020tg_2_411.jpg,228,19,47,920,182.70884658454648,height(z=+3.8)
228/be_020tg_4_104.jpg,228,19,48,924,183.88486842105263,height(z=+3.9)
228/be_020tg_4_112.jpg,228,18,48,827,180.05555555555554,height(z=+3.9)
228/be_020tg_4_124.jpg,228,18,47,874,177.22695035460993,height(z=+3.8)
228/be_020tg_4_151.jpg,228,18,47,882,176.93971631205673,height(z=+3.8)
228/be_020tg_4_161.jpg,228,19,47,872,181.8947368421053,height(z=+3.8)
228/be_020tg_4_167.jpg,228,19,47,917,182.51847704367304,height(z=+3.8)
228/be_020tg_4_218.jpg,228,12,47,865,171.22517730496455,height(z=+3.8)
228/be_020tg_4_42.jpg,228,14,47,748,179.80547112462006,height(z=+3.8)
228/be_020tg_4_48.jpg,228,16,47,867,172.53590425531914,height(z=+3.8)
228/be_020tg_4_64.jpg,228,19,47,978,183.2956326987682,height(z=+3.8)
228/bl_009tg_3_133.jpg,228,20,47,1025,179.55425531914895,height(z=+3.8)
228/bl_009tg_3_97.jpg,228,20,47,977,177.70744680851064,height(z=+3.8)
228/bl_010tg_6_442.jpg,228,20,47,1207,161.94893617021276,height(z=+3.8)
228/bl_010tg_6_67.jpg,228,19,48,1192,166.6359649122807,height(z=+3.9)
228/bl_011tg_4_107.jpg,228,19,47,1057,171.93393057110862,height(z=+3.8)
228/bl_011tg_4_284.jpg,228,19,47,973,169.66181410974244,height(z=+3.8)
228/bl_011tg_4_358.jpg,228,20,47,1146,174.97553191489362,height(z=+3.8)
228/bl_011tg_4_376.jpg,228,20,47,1087,174.7308510638298,height(z=+3.8)
228/bl_011tg_4_452.jpg,228,20,46,971,174.10978260869564,height(z=+3.6)
229/be_011tg_2_13.jpg,229,138,211,25474,223.7057146782059,width(z=+27.4); height(z=+25.9); size_bytes(z=+141.5); mean_intensity(z=+3.7)
231/bc_002sg_3_38.jpg,231,15,10,601,78.52666666666667,aspect_ratio(z=+3.6)
231/bc_014sg_6_20.jpg,231,11,7,478,99.53246753246754,aspect_ratio(z=+4.0)
231/bc_014sg_6_298.jpg,231,12,8,482,119.61458333333331,aspect_ratio(z=+3.6)
231/bc_014sg_6_328.jpg,231,13,8,477,103.08653846153848,aspect_ratio(z=+4.2)
231/bc_014sg_6_418.jpg,231,11,7,474,93.012987012987,aspect_ratio(z=+4.0)
231/bc_014tg_5_451.jpg,231,17,11,639,116.02673796791444,aspect_ratio(z=+3.8)
232/bc_001sg_3_34.jpg,232,4,8,391,16.5625,mean_intensity(z=-6.0)
232/bc_001sg_3_76.jpg,232,4,8,401,64.15625,mean_intensity(z=-3.8)
232/bc_001sg_5_16.jpg,232,4,8,394,24.4375,mean_intensity(z=-5.7)
232/bc_001sg_6_5.jpg,232,5,7,391,29.857142857142858,mean_intensity(z=-5.4)
232/bc_001sg_9_142.jpg,232,4,7,388,19.035714285714285,mean_intensity(z=-5.9)
232/bc_001sg_9_180.jpg,232,4,7,398,27.892857142857142,mean_intensity(z=-5.5)
232/bc_001sg_9_209.jpg,232,4,7,395,45.96428571428572,mean_intensity(z=-4.6)
232/bc_001sg_9_213.jpg,232,4,7,393,55.10714285714285,mean_intensity(z=-4.2)
232/bc_001sg_9_226.jpg,232,3,7,392,12.61904761904762,mean_intensity(z=-6.2)
232/bc_001sg_9_275.jpg,232,3,7,333,0.0,mean_intensity(z=-6.8)
232/bc_001sg_9_296.jpg,232,4,7,401,37.07142857142857,mean_intensity(z=-5.1)
232/bc_001sg_9_348.jpg,232,4,8,392,24.6875,mean_intensity(z=-5.6)
232/bc_001sg_9_39.jpg,232,4,7,402,27.857142857142858,mean_intensity(z=-5.5)
232/bc_001sg_9_406.jpg,232,4,8,396,32.5625,mean_intensity(z=-5.3)
232/bc_001sg_9_43.jpg,232,3,7,386,12.904761904761903,mean_intensity(z=-6.2)
232/bc_001sg_9_62.jpg,232,3,7,333,0.0,mean_intensity(z=-6.8)
232/bc_001sg_9_69.jpg,232,3,7,333,0.0,mean_intensity(z=-6.8)
232/bc_001tg_7_29.jpg,232,5,11,451,14.563636363636364,mean_intensity(z=-6.1)
232/bc_001tg_8_154.jpg,232,5,11,463,19.09090909090909,mean_intensity(z=-5.9)
232/bc_001tg_8_192.jpg,232,5,11,406,23.25454545454545,mean_intensity(z=-5.7)
232/bc_001tg_8_221.jpg,232,5,11,467,32.85454545454545,mean_intensity(z=-5.3)
232/bc_001tg_8_225.jpg,232,4,11,398,17.431818181818183,mean_intensity(z=-6.0)
232/bc_001tg_8_315.jpg,232,5,11,465,33.0,mean_intensity(z=-5.3)
232/bc_001tg_8_42.jpg,232,5,11,463,19.09090909090909,mean_intensity(z=-5.9)
232/bc_001tg_8_427.jpg,232,6,11,467,43.03030303030303,mean_intensity(z=-4.8)
232/bc_001tg_8_66.jpg,232,5,11,460,23.745454545454542,mean_intensity(z=-5.7)
232/bc_001tg_8_73.jpg,232,4,10,334,0.0,mean_intensity(z=-6.8)
232/bc_001tg_8_96.jpg,232,5,11,444,14.61818181818182,mean_intensity(z=-6.1)
232/bc_001tg_9_105.jpg,232,5,11,451,14.563636363636364,mean_intensity(z=-6.1)
232/bc_001tg_9_131.jpg,232,6,12,465,60.888888888888886,mean_intensity(z=-3.9)
232/bc_001tg_9_42.jpg,232,5,12,459,26.08333333333333,mean_intensity(z=-5.6)
232/bc_001tg_9_86.jpg,232,5,12,460,17.583333333333332,mean_intensity(z=-6.0)
232/bc_001tg_9_91.jpg,232,5,11,454,14.49090909090909,mean_intensity(z=-6.1)
232/bc_002sg_10_121.jpg,232,4,8,392,24.6875,mean_intensity(z=-5.6)
232/bc_002sg_10_139.jpg,232,4,8,392,24.6875,mean_intensity(z=-5.6)
232/bc_002sg_10_158.jpg,232,3,8,392,11.125,mean_intensity(z=-6.3)
232/bc_002sg_10_28.jpg,232,3,8,333,0.0,mean_intensity(z=-6.8)
232/bc_002sg_10_70.jpg,232,3,7,388,25.0,mean_intensity(z=-5.6)
232/bc_002sg_10_98.jpg,232,4,7,333,0.0,mean_intensity(z=-6.8)
232/bc_002sg_3_65.jpg,232,4,7,396,55.32142857142857,mean_intensity(z=-4.2)
232/bc_002sg_3_89.jpg,232,3,8,392,11.125,mean_intensity(z=-6.3)
232/bc_002sg_4_122.jpg,232,4,8,394,24.4375,mean_intensity(z=-5.7)
232/bc_002sg_4_131.jpg,232,3,8,333,0.0,mean_intensity(z=-6.8)
232/bc_002sg_4_32.jpg,232,4,8,401,56.5,mean_intensity(z=-4.2)
232/bc_002sg_4_37.jpg,232,3,8,390,21.791666666666668,mean_intensity(z=-5.8)
232/bc_002sg_5_152.jpg,232,4,7,396,18.678571428571427,mean_intensity(z=-5.9)
232/bc_002sg_5_215.jpg,232,4,7,405,64.25,mean_intensity(z=-3.8)
232/bc_002sg_5_230.jpg,232,3,8,391,21.666666666666668,mean_intensity(z=-5.8)
232/bc_002sg_5_249.jpg,232,4,7,402,27.857142857142858,mean_intensity(z=-5.5)
232/bc_002sg_5_275.jpg,232,4,8,392,24.6875,mean_intensity(z=-5.6)
232/bc_002sg_5_291.jpg,232,4,7,394,9.464285714285714,mean_intensity(z=-6.4)
232/bc_002sg_5_316.jpg,232,4,8,392,24.6875,mean_intensity(z=-5.6)
232/bc_002sg_5_71.jpg,232,3,8,392,11.125,mean_intensity(z=-6.3)
232/bc_002sg_6_116.jpg,232,4,7,398,27.928571428571427,mean_intensity(z=-5.5)
232/bc_002sg_6_132.jpg,232,4,7,389,9.857142857142858,mean_intensity(z=-6.3)
232/bc_002sg_6_144.jpg,232,4,7,391,37.07142857142857,mean_intensity(z=-5.1)
232/bc_002sg_6_99.jpg,232,3,8,333,0.0,mean_intensity(z=-6.8)
232/bc_002sg_7_50.jpg,232,4,8,396,32.5625,mean_intensity(z=-5.3)
232/bc_002sg_7_57.jpg,232,3,8,390,21.791666666666668,mean_intensity(z=-5.8)
232/bc_002sg_7_86.jpg,232,4,7,397,18.892857142857142,mean_intensity(z=-5.9)
232/bc_002sg_8_140.jpg,232,4,8,394,24.4375,mean_intensity(z=-5.7)
232/bc_002sg_8_172.jpg,232,3,8,333,0.0,mean_intensity(z=-6.8)
232/bc_002sg_8_219.jpg,232,4,8,394,24.4375,mean_intensity(z=-5.7)
232/bc_002sg_8_50.jpg,232,4,8,392,16.4375,mean_intensity(z=-6.0)
232/bc_002sg_8_54.jpg,232,4,7,333,0.0,mean_intensity(z=-6.8)
232/bc_002tg_10_123.jpg,232,5,11,454,14.49090909090909,mean_intensity(z=-6.1)
232/bc_002tg_10_170.jpg,232,5,11,464,37.47272727272728,mean_intensity(z=-5.0)
232/bc_002tg_10_189.jpg,232,5,11,411,46.56363636363636,mean_intensity(z=-4.6)
232/bc_002tg_10_60.jpg,232,5,11,446,33.054545454545455,mean_intensity(z=-5.3)
232/bc_002tg_10_90.jpg,232,4,11,450,23.727272727272727,mean_intensity(z=-5.7)
232/bc_002tg_1_5.jpg,232,5,9,422,62.71111111111111,mean_intensity(z=-3.9)
232/bc_002tg_3_100.jpg,232,4,12,455,27.166666666666668,mean_intensity(z=-5.5)
232/bc_002tg_3_68.jpg,232,4,10,334,0.0,mean_intensity(z=-6.8)
232/bc_002tg_4_114.jpg,232,5,12,459,21.78333333333333,mean_intensity(z=-5.8)
232/bc_002tg_4_140.jpg,232,5,11,443,9.963636363636365,mean_intensity(z=-6.3)
232/bc_002tg_4_150.jpg,232,5,12,464,26.116666666666667,mean_intensity(z=-5.6)
232/bc_002tg_4_211.jpg,232,5,11,415,55.85454545454545,mean_intensity(z=-4.2)
232/bc_002tg_4_251.jpg,232,5,11,463,19.09090909090909,mean_intensity(z=-5.9)
232/bc_002tg_4_49.jpg,232,5,11,465,19.09090909090909,mean_intensity(z=-5.9)
232/bc_002tg_4_64.jpg,232,5,12,464,30.266666666666666,mean_intensity(z=-5.4)
232/bc_002tg_4_74.jpg,232,5,12,462,30.3,mean_intensity(z=-5.4)
232/bc_002tg_5_164.jpg,232,5,12,464,21.85,mean_intensity(z=-5.8)
232/bc_002tg_5_222.jpg,232,4,11,461,17.84090909090909,mean_intensity(z=-6.0)
232/bc_002tg_5_229.jpg,232,4,11,400,11.681818181818182,mean_intensity(z=-6.3)
232/bc_002tg_5_246.jpg,232,5,10,410,46.14,mean_intensity(z=-4.6)
232/bc_002tg_5_269.jpg,232,5,11,467,32.85454545454545,mean_intensity(z=-5.3)
232/bc_002tg_5_291.jpg,232,6,11,469,43.10606060606061,mean_intensity(z=-4.8)
232/bc_002tg_5_297.jpg,232,5,12,456,26.116666666666667,mean_intensity(z=-5.6)
232/bc_002tg_5_337.jpg,232,5,11,392,4.818181818181818,mean_intensity(z=-6.6)
232/bc_002tg_5_74.jpg,232,5,12,457,55.56666666666667,mean_intensity(z=-4.2)
232/bc_002tg_5_79.jpg,232,5,11,410,46.58181818181818,mean_intensity(z=-4.6)
232/bc_002tg_6_109.jpg,232,5,12,463,47.15,mean_intensity(z=-4.6)
232/bc_002tg_6_151.jpg,232,5,11,470,32.81818181818182,mean_intensity(z=-5.3)
232/bc_002tg_6_164.jpg,232,4,11,384,6.295454545454546,mean_intensity(z=-6.5)
232/bc_002tg_6_168.jpg,232,5,11,453,28.454545454545453,mean_intensity(z=-5.5)
232/bc_002tg_6_65.jpg,232,5,11,464,37.54545454545455,mean_intensity(z=-5.0)
232/bc_002tg_7_60.jpg,232,5,11,463,23.63636363636364,mean_intensity(z=-5.7)
232/bc_002tg_7_68.jpg,232,5,12,447,21.966666666666665,mean_intensity(z=-5.8)
232/bc_002tg_7_97.jpg,232,5,11,460,14.454545454545457,mean_intensity(z=-6.1)
232/bc_002tg_8_131.jpg,232,5,11,463,19.09090909090909,mean_intensity(z=-5.9)
232/bc_002tg_8_160.jpg,232,5,12,464,26.08333333333333,mean_intensity(z=-5.6)
232/bc_002tg_8_167.jpg,232,5,11,463,19.09090909090909,mean_intensity(z=-5.9)
232/bc_002tg_8_193.jpg,232,5,11,443,9.963636363636365,mean_intensity(z=-6.3)
232/bc_002tg_8_229.jpg,232,6,11,460,69.95454545454545,mean_intensity(z=-3.5)
232/bc_002tg_8_251.jpg,232,6,12,470,64.29166666666667,mean_intensity(z=-3.8)
232/bc_002tg_8_53.jpg,232,6,11,467,16.106060606060606,mean_intensity(z=-6.0)
232/bc_002tg_8_58.jpg,232,5,11,456,37.32727272727273,mean_intensity(z=-5.1)
232/bc_002tg_8_96.jpg,232,5,11,463,42.18181818181818,mean_intensity(z=-4.8)
232/bc_003sg_1_4.jpg,232,3,5,398,51.13333333333333,mean_intensity(z=-4.4)
232/bc_003tg_3_7.jpg,232,8,10,447,10.0875,mean_intensity(z=-6.3)
232/bc_004sg_1_4.jpg,232,3,5,386,34.733333333333334,mean_intensity(z=-5.2)
232/bc_004sg_3_11.jpg,232,3,8,333,0.0,mean_intensity(z=-6.8)
232/bc_004sg_3_149.jpg,232,3,8,390,21.791666666666668,mean_intensity(z=-5.8)
232/bc_004sg_3_159.jpg,232,4,7,397,18.607142857142858,mean_intensity(z=-5.9)
232/bc_004sg_3_211.jpg,232,4,8,395,48.34375,mean_intensity(z=-4.5)
232/bc_004sg_3_216.jpg,232,4,8,394,24.4375,mean_intensity(z=-5.7)
232/bc_004sg_3_249.jpg,232,4,8,389,16.375,mean_intensity(z=-6.0)
232/bc_004sg_3_288.jpg,232,4,8,394,24.4375,mean_intensity(z=-5.7)
232/bc_004sg_3_333.jpg,232,3,7,333,0.0,mean_intensity(z=-6.8)
232/bc_004sg_3_339.jpg,232,4,8,391,16.5625,mean_intensity(z=-6.0)
232/bc_004sg_3_386.jpg,232,4,8,399,64.15625,mean_intensity(z=-3.8)
232/bc_004sg_3_389.jpg,232,4,8,398,48.34375,mean_intensity(z=-4.5)
232/bc_004sg_3_413.jpg,232,3,8,390,21.791666666666668,mean_intensity(z=-5.8)
232/bc_004sg_4_147.jpg,232,4,8,396,32.5625,mean_intensity(z=-5.3)
232/bc_004sg_4_199.jpg,232,3,8,392,11.125,mean_intensity(z=-6.3)
232/bc_004sg_4_20.jpg,232,4,8,395,32.4375,mean_intensity(z=-5.3)
232/bc_004sg_4_37.jpg,232,3,8,390,21.791666666666668,mean_intensity(z=-5.8)
232/bc_004sg_4_64.jpg,232,4,8,392,16.4375,mean_intensity(z=-6.0)
232/bc_004sg_4_99.jpg,232,4,8,394,24.4375,mean_intensity(z=-5.7)
232/be_011tg_4_149.jpg,232,5,12,395,21.366666666666667,mean_intensity(z=-5.8)
232/be_011tg_4_245.jpg,232,5,13,404,15.830769230769231,mean_intensity(z=-6.1)
232/be_011tg_4_42.jpg,232,5,12,404,8.65,mean_intensity(z=-6.4)
232/be_011tg_5_104.jpg,232,5,9,408,23.11111111111111,mean_intensity(z=-5.7)
232/be_011tg_5_106.jpg,232,6,12,422,53.47222222222222,mean_intensity(z=-4.3)
232/be_011tg_5_113.jpg,232,5,10,451,41.22,mean_intensity(z=-4.9)
232/be_011tg_5_145.jpg,232,6,12,425,60.56944444444444,mean_intensity(z=-4.0)
232/be_011tg_5_154.jpg,232,6,12,421,57.125,mean_intensity(z=-4.1)
232/be_011tg_5_165.jpg,232,6,12,417,57.138888888888886,mean_intensity(z=-4.1)
232/be_011tg_5_17.jpg,232,5,11,334,0.0,mean_intensity(z=-6.8)
232/be_011tg_5_2.jpg,232,4,10,334,0.0,mean_intensity(z=-6.8)
232/be_011tg_5_22.jpg,232,8,11,457,64.19318181818181,mean_intensity(z=-3.8)
232/be_011tg_5_29.jpg,232,7,12,419,39.94047619047619,mean_intensity(z=-4.9)
232/be_011tg_5_34.jpg,232,4,13,334,0.0,mean_intensity(z=-6.8)
232/be_011tg_5_36.jpg,232,5,13,408,35.49230769230769,mean_intensity(z=-5.1)
232/be_011tg_5_40.jpg,232,5,13,334,0.0,mean_intensity(z=-6.8)
232/be_011tg_5_48.jpg,232,4,14,334,0.0,mean_intensity(z=-6.8)
232/be_011tg_5_49.jpg,232,4,14,334,0.0,mean_intensity(z=-6.8)
232/be_011tg_5_5.jpg,232,4,10,334,0.0,mean_intensity(z=-6.8)
232/be_011tg_5_57.jpg,232,5,15,403,7.0,mean_intensity(z=-6.5)
232/be_011tg_5_62.jpg,232,4,15,334,0.0,mean_intensity(z=-6.8)
232/be_011tg_5_63.jpg,232,5,15,401,20.64,mean_intensity(z=-5.8)
232/be_011tg_5_67.jpg,232,5,15,334,0.0,mean_intensity(z=-6.8)
232/be_011tg_5_84.jpg,232,5,17,357,6.011764705882353,mean_intensity(z=-6.5)
232/be_011tg_5_98.jpg,232,6,12,417,57.125,mean_intensity(z=-4.1)
232/be_011tg_6_10.jpg,232,6,8,397,48.333333333333336,mean_intensity(z=-4.5)
232/be_011tg_6_11.jpg,232,5,8,333,0.0,mean_intensity(z=-6.8)
232/be_011tg_6_112.jpg,232,6,13,467,65.83333333333333,mean_intensity(z=-3.7)
232/be_011tg_6_14.jpg,232,6,12,412,53.43055555555556,mean_intensity(z=-4.3)
232/be_011tg_6_141.jpg,232,5,12,398,4.383333333333334,mean_intensity(z=-6.6)
232/be_011tg_6_150.jpg,232,5,10,415,31.16,mean_intensity(z=-5.3)
232/be_011tg_6_153.jpg,232,6,12,417,53.54166666666666,mean_intensity(z=-4.3)
232/be_011tg_6_19.jpg,232,5,9,350,5.666666666666667,mean_intensity(z=-6.5)
232/be_011tg_6_20.jpg,232,7,9,418,61.22222222222222,mean_intensity(z=-3.9)
232/be_011tg_6_209.jpg,232,6,12,417,50.09722222222222,mean_intensity(z=-4.5)
232/be_011tg_6_21.jpg,232,7,9,411,40.98412698412698,mean_intensity(z=-4.9)
232/be_011tg_6_24.jpg,232,6,9,423,61.888888888888886,mean_intensity(z=-3.9)
232/be_011tg_6_32.jpg,232,5,10,415,31.06,mean_intensity(z=-5.3)
232/be_011tg_6_33.jpg,232,5,10,334,0.0,mean_intensity(z=-6.8)
232/be_011tg_6_35.jpg,232,5,10,460,66.76,mean_intensity(z=-3.7)
232/be_011tg_6_40.jpg,232,5,10,334,0.0,mean_intensity(z=-6.8)
232/be_011tg_6_42.jpg,232,4,10,334,0.0,mean_intensity(z=-6.8)
232/be_011tg_6_57.jpg,232,5,12,398,4.383333333333334,mean_intensity(z=-6.6)
232/be_011tg_6_64.jpg,232,5,12,334,0.0,mean_intensity(z=-6.8)
232/be_011tg_6_66.jpg,232,5,13,462,35.646153846153844,mean_intensity(z=-5.1)
232/be_011tg_6_68.jpg,232,4,13,334,0.0,mean_intensity(z=-6.8)
232/be_011tg_6_70.jpg,232,5,13,409,23.753846153846155,mean_intensity(z=-5.7)
232/be_011tg_6_8.jpg,232,4,8,333,0.0,mean_intensity(z=-6.8)
232/be_011tg_6_81.jpg,232,4,14,334,0.0,mean_intensity(z=-6.8)
232/be_011tg_6_82.jpg,232,5,14,403,25.571428571428573,mean_intensity(z=-5.6)
232/be_011tg_6_84.jpg,232,5,14,448,15.228571428571428,mean_intensity(z=-6.1)
232/be_011tg_6_99.jpg,232,6,13,427,68.98717948717949,mean_intensity(z=-3.6)
232/be_012sg_3_125.jpg,232,3,8,392,11.125,mean_intensity(z=-6.3)
232/be_012sg_3_194.jpg,232,3,8,383,11.291666666666666,mean_intensity(z=-6.3)
232/be_012sg_3_210.jpg,232,3,7,333,0.0,mean_intensity(z=-6.8)
232/be_012sg_3_278.jpg,232,3,6,393,28.944444444444443,mean_intensity(z=-5.4)
232/be_012sg_3_319.jpg,232,3,7,333,0.0,mean_intensity(z=-6.8)
232/be_012sg_3_407.jpg,232,4,7,397,54.92857142857143,mean_intensity(z=-4.2)
232/be_012sg_3_473.jpg,232,3,8,390,21.791666666666668,mean_intensity(z=-5.8)
232/be_012sg_3_5.jpg,232,3,6,387,14.666666666666666,mean_intensity(z=-6.1)
232/be_012sg_3_53.jpg,232,3,8,383,11.291666666666666,mean_intensity(z=-6.3)
232/be_012sg_4_161.jpg,232,3,8,333,0.0,mean_intensity(z=-6.8)
232/be_012sg_4_205.jpg,232,4,7,397,45.785714285714285,mean_intensity(z=-4.7)
232/be_012sg_4_309.jpg,232,3,7,333,0.0,mean_intensity(z=-6.8)
232/be_012sg_4_316.jpg,232,4,8,397,64.09375,mean_intensity(z=-3.8)
232/be_012sg_4_329.jpg,232,3,6,395,42.888888888888886,mean_intensity(z=-4.8)
232/be_012sg_4_343.jpg,232,3,7,333,0.0,mean_intensity(z=-6.8)
232/be_012sg_4_465.jpg,232,4,8,403,64.09375,mean_intensity(z=-3.8)
232/be_012sg_4_486.jpg,232,3,7,333,0.0,mean_intensity(z=-6.8)
232/be_012sg_4_65.jpg,232,3,6,333,0.0,mean_intensity(z=-6.8)
232/be_012sg_4_71.jpg,232,3,8,390,21.791666666666668,mean_intensity(z=-5.8)
232/be_012sg_4_89.jpg,232,3,7,333,0.0,mean_intensity(z=-6.8)
232/be_012tg_3_127.jpg,232,5,11,415,37.52727272727272,mean_intensity(z=-5.0)
232/be_012tg_3_163.jpg,232,5,8,397,51.425,mean_intensity(z=-4.4)
232/be_012tg_3_196.jpg,232,5,11,460,51.43636363636364,mean_intensity(z=-4.4)
232/be_012tg_3_212.jpg,232,5,11,416,46.763636363636365,mean_intensity(z=-4.6)
232/be_012tg_3_323.jpg,232,5,11,413,42.2,mean_intensity(z=-4.8)
232/be_012tg_3_355.jpg,232,5,9,419,51.333333333333336,mean_intensity(z=-4.4)
232/be_012tg_3_398.jpg,232,5,11,410,42.21818181818182,mean_intensity(z=-4.8)
232/be_012tg_3_412.jpg,232,5,11,455,33.0,mean_intensity(z=-5.3)
232/be_012tg_3_450.jpg,232,5,11,460,51.43636363636364,mean_intensity(z=-4.4)
232/be_012tg_3_479.jpg,232,5,11,456,32.945454545454545,mean_intensity(z=-5.3)
232/be_012tg_3_5.jpg,232,5,8,398,57.775,mean_intensity(z=-4.1)
232/be_012tg_3_54.jpg,232,5,11,452,32.92727272727273,mean_intensity(z=-5.3)
232/be_012tg_3_58.jpg,232,4,8,389,8.65625,mean_intensity(z=-6.4)
232/be_012tg_4_161.jpg,232,5,11,449,37.36363636363637,mean_intensity(z=-5.0)
232/be_012tg_4_205.jpg,232,5,11,454,37.6,mean_intensity(z=-5.0)
232/be_012tg_4_315.jpg,232,5,11,456,42.07272727272727,mean_intensity(z=-4.8)
232/be_012tg_4_322.jpg,232,5,11,407,41.89090909090909,mean_intensity(z=-4.8)
232/be_012tg_4_349.jpg,232,5,10,409,36.02,mean_intensity(z=-5.1)
232/be_012tg_4_451.jpg,232,4,8,333,0.0,mean_intensity(z=-6.8)
232/be_012tg_4_464.jpg,232,5,9,419,51.48888888888889,mean_intensity(z=-4.4)
232/be_012tg_4_481.jpg,232,5,11,459,42.18181818181818,mean_intensity(z=-4.8)
232/be_012tg_4_65.jpg,232,5,8,397,38.8,mean_intensity(z=-5.0)
232/be_012tg_4_89.jpg,232,4,11,400,11.681818181818182,mean_intensity(z=-6.3)
232/be_013sg_1_149.jpg,232,4,8,402,40.4375,mean_intensity(z=-4.9)
232/be_013sg_1_203.jpg,232,4,8,398,40.34375,mean_intensity(z=-4.9)
232/be_013sg_1_26.jpg,232,4,8,396,40.4375,mean_intensity(z=-4.9)
232/be_013sg_1_317.jpg,232,3,7,333,0.0,mean_intensity(z=-6.8)
232/be_013sg_1_366.jpg,232,3,8,383,11.291666666666666,mean_intensity(z=-6.3)
232/be_013sg_1_427.jpg,232,4,7,392,55.25,mean_intensity(z=-4.2)
232/be_013sg_1_82.jpg,232,4,5,399,64.15,mean_intensity(z=-3.8)
232/be_013sg_1_90.jpg,232,3,7,333,0.0,mean_intensity(z=-6.8)
232/be_013sg_2_220.jpg,232,4,7,397,55.21428571428572,mean_intensity(z=-4.2)
232/be_013sg_2_240.jpg,232,3,6,333,0.0,mean_intensity(z=-6.8)
232/be_013sg_2_276.jpg,232,4,6,403,64.20833333333333,mean_intensity(z=-3.8)
232/be_013sg_2_3.jpg,232,3,6,333,0.0,mean_intensity(z=-6.8)
232/be_013sg_2_300.jpg,232,3,6,394,14.833333333333334,mean_intensity(z=-6.1)
232/be_013sg_2_310.jpg,232,2,7,333,0.0,mean_intensity(z=-6.8)
232/be_013sg_2_324.jpg,232,4,7,398,36.67857142857143,mean_intensity(z=-5.1)
232/be_013sg_2_340.jpg,232,3,6,393,28.944444444444443,mean_intensity(z=-5.4)
232/be_013sg_2_405.jpg,232,4,6,403,64.20833333333333,mean_intensity(z=-3.8)
232/be_013sg_2_431.jpg,232,3,6,393,28.944444444444443,mean_intensity(z=-5.4)
232/be_013sg_2_468.jpg,232,4,7,399,37.10714285714285,mean_intensity(z=-5.1)
232/be_013sg_2_87.jpg,232,3,6,387,14.666666666666666,mean_intensity(z=-6.1)
232/be_013sg_4_8.jpg,232,4,6,406,21.95833333333333,mean_intensity(z=-5.8)
232/be_013sg_5_1.jpg,232,3,8,403,64.0,mean_intensity(z=-3.8)
232/be_013sg_5_16.jpg,232,4,7,399,37.10714285714285,mean_intensity(z=-5.1)
232/be_013sg_5_8.jpg,232,4,7,398,46.17857142857143,mean_intensity(z=-4.6)
232/be_013sg_6_114.jpg,232,4,7,399,37.10714285714285,mean_intensity(z=-5.1)
232/be_013sg_6_157.jpg,232,4,8,399,48.21875,mean_intensity(z=-4.5)
232/be_013sg_6_171.jpg,232,4,5,396,51.35,mean_intensity(z=-4.4)
232/be_013sg_6_224.jpg,232,3,7,333,0.0,mean_intensity(z=-6.8)
232/be_013sg_6_229.jpg,232,3,7,333,0.0,mean_intensity(z=-6.8)
232/be_013sg_6_243.jpg,232,4,6,400,63.958333333333336,mean_intensity(z=-3.8)
232/be_013sg_6_30.jpg,232,3,6,394,14.833333333333334,mean_intensity(z=-6.1)
232/be_013sg_6_41.jpg,232,4,7,397,28.0,mean_intensity(z=-5.5)
232/be_013sg_6_68.jpg,232,3,7,333,0.0,mean_intensity(z=-6.8)
232/be_013sg_6_83.jpg,232,4,6,399,64.125,mean_intensity(z=-3.8)
232/be_013sg_7_7.jpg,232,3,5,400,34.13333333333333,mean_intensity(z=-5.2)
232/be_013tg_1_150.jpg,232,5,11,411,46.763636363636365,mean_intensity(z=-4.6)
232/be_013tg_1_205.jpg,232,5,11,461,32.872727272727275,mean_intensity(z=-5.3)
232/be_013tg_1_25.jpg,232,5,11,460,37.43636363636364,mean_intensity(z=-5.0)
232/be_013tg_1_282.jpg,232,5,11,462,46.89090909090909,mean_intensity(z=-4.6)
232/be_013tg_1_318.jpg,232,5,10,419,41.18,mean_intensity(z=-4.9)
232/be_013tg_1_348.jpg,232,3,9,355,18.88888888888889,mean_intensity(z=-5.9)
232/be_013tg_1_369.jpg,232,5,11,413,42.2,mean_intensity(z=-4.8)
232/be_013tg_1_431.jpg,232,5,11,410,46.83636363636364,mean_intensity(z=-4.6)
232/be_013tg_2_13.jpg,232,5,11,415,32.74545454545454,mean_intensity(z=-5.3)
232/be_013tg_2_233.jpg,232,5,11,455,32.872727272727275,mean_intensity(z=-5.3)
232/be_013tg_2_240.jpg,232,5,8,402,51.4,mean_intensity(z=-4.4)
232/be_013tg_2_245.jpg,232,5,9,417,45.8,mean_intensity(z=-4.7)
232/be_013tg_2_280.jpg,232,5,9,422,45.93333333333333,mean_intensity(z=-4.6)
232/be_013tg_2_3.jpg,232,4,8,395,32.34375,mean_intensity(z=-5.3)
232/be_013tg_2_304.jpg,232,5,8,398,44.975,mean_intensity(z=-4.7)
232/be_013tg_2_314.jpg,232,4,11,458,41.18181818181818,mean_intensity(z=-4.9)
232/be_013tg_2_328.jpg,232,5,11,415,32.74545454545454,mean_intensity(z=-5.3)
232/be_013tg_2_344.jpg,232,5,9,418,51.46666666666667,mean_intensity(z=-4.4)
232/be_013tg_2_373.jpg,232,6,10,466,64.15,mean_intensity(z=-3.8)
232/be_013tg_2_412.jpg,232,5,8,398,45.125,mean_intensity(z=-4.7)
232/be_013tg_2_418.jpg,232,5,11,457,46.763636363636365,mean_intensity(z=-4.6)
232/be_013tg_2_473.jpg,232,5,11,407,41.89090909090909,mean_intensity(z=-4.8)
232/be_013tg_2_53.jpg,232,5,8,399,38.65,mean_intensity(z=-5.0)
232/be_013tg_2_90.jpg,232,5,8,395,51.525,mean_intensity(z=-4.4)
232/be_013tg_5_16.jpg,232,5,11,449,37.36363636363637,mean_intensity(z=-5.0)
232/be_013tg_5_56.jpg,232,5,9,420,62.77777777777778,mean_intensity(z=-3.9)
232/be_013tg_6_113.jpg,232,5,11,460,37.43636363636364,mean_intensity(z=-5.0)
232/be_013tg_6_156.jpg,232,5,11,455,32.872727272727275,mean_intensity(z=-5.3)
232/be_013tg_6_170.jpg,232,5,8,398,44.975,mean_intensity(z=-4.7)
232/be_013tg_6_223.jpg,232,5,11,414,32.981818181818184,mean_intensity(z=-5.3)
232/be_013tg_6_228.jpg,232,5,11,459,42.18181818181818,mean_intensity(z=-4.8)
232/be_013tg_6_242.jpg,232,5,9,424,51.4,mean_intensity(z=-4.4)
232/be_013tg_6_29.jpg,232,5,8,398,44.975,mean_intensity(z=-4.7)
232/be_013tg_6_40.jpg,232,5,11,410,46.58181818181818,mean_intensity(z=-4.6)
232/be_013tg_6_67.jpg,232,5,11,419,42.14545454545455,mean_intensity(z=-4.8)
232/be_013tg_7_7.jpg,232,4,7,399,64.17857142857143,mean_intensity(z=-3.8)
232/be_014sg_2_132.jpg,232,3,6,333,0.0,mean_intensity(z=-6.8)
232/be_014sg_2_174.jpg,232,3,6,398,42.888888888888886,mean_intensity(z=-4.8)
232/be_014sg_2_182.jpg,232,4,6,399,64.16666666666667,mean_intensity(z=-3.8)
232/be_014sg_2_196.jpg,232,3,6,333,0.0,mean_intensity(z=-6.8)
232/be_014sg_2_240.jpg,232,4,7,393,55.10714285714285,mean_intensity(z=-4.2)
232/be_014sg_2_252.jpg,232,4,7,392,55.25,mean_intensity(z=-4.2)
232/be_014sg_2_278.jpg,232,4,7,399,37.10714285714285,mean_intensity(z=-5.1)
232/be_014sg_2_301.jpg,232,2,5,333,0.0,mean_intensity(z=-6.8)
232/be_014sg_2_343.jpg,232,3,7,398,48.71428571428572,mean_intensity(z=-4.5)
232/be_014sg_2_388.jpg,232,4,6,401,64.0,mean_intensity(z=-3.8)
232/be_014sg_2_429.jpg,232,4,7,396,46.10714285714285,mean_intensity(z=-4.6)
232/be_014sg_2_462.jpg,232,3,7,333,0.0,mean_intensity(z=-6.8)
232/be_014sg_3_143.jpg,232,3,7,333,0.0,mean_intensity(z=-6.8)
232/be_014sg_3_211.jpg,232,3,8,390,21.791666666666668,mean_intensity(z=-5.8)
232/be_014sg_3_264.jpg,232,4,6,393,53.625,mean_intensity(z=-4.3)
232/be_014sg_3_267.jpg,232,4,8,398,40.34375,mean_intensity(z=-4.9)
232/be_014sg_4_102.jpg,232,4,7,397,45.785714285714285,mean_intensity(z=-4.7)
232/be_014sg_4_110.jpg,232,4,8,397,64.09375,mean_intensity(z=-3.8)
232/be_014sg_4_126.jpg,232,3,6,333,0.0,mean_intensity(z=-6.8)
232/be_014sg_4_169.jpg,232,4,7,398,46.17857142857143,mean_intensity(z=-4.6)
232/be_014sg_4_173.jpg,232,4,7,394,55.10714285714285,mean_intensity(z=-4.2)
232/be_014sg_4_202.jpg,232,4,7,393,36.82142857142857,mean_intensity(z=-5.1)
232/be_014sg_4_208.jpg,232,4,8,404,32.65625,mean_intensity(z=-5.3)
232/be_014sg_4_213.jpg,232,4,8,393,56.21875,mean_intensity(z=-4.2)
232/be_014sg_4_224.jpg,232,3,6,394,14.833333333333334,mean_intensity(z=-6.1)
232/be_014sg_4_290.jpg,232,4,6,403,64.20833333333333,mean_intensity(z=-3.8)
232/be_014sg_4_292.jpg,232,4,8,393,56.21875,mean_intensity(z=-4.2)
232/be_014sg_4_297.jpg,232,4,7,399,36.92857142857143,mean_intensity(z=-5.1)
232/be_014sg_4_333.jpg,232,4,8,397,64.09375,mean_intensity(z=-3.8)
232/be_014sg_4_36.jpg,232,3,6,394,14.833333333333334,mean_intensity(z=-6.1)
232/be_014sg_4_380.jpg,232,4,7,398,46.17857142857143,mean_intensity(z=-4.6)
232/be_014sg_4_418.jpg,232,3,8,333,0.0,mean_intensity(z=-6.8)
232/be_014sg_4_469.jpg,232,4,6,399,64.16666666666667,mean_intensity(z=-3.8)
232/be_014sg_4_69.jpg,232,3,6,394,14.833333333333334,mean_intensity(z=-6.1)
232/be_014tg_2_127.jpg,232,4,11,408,35.34090909090909,mean_intensity(z=-5.1)
232/be_014tg_2_132.jpg,232,5,9,425,62.62222222222222,mean_intensity(z=-3.9)
232/be_014tg_2_161.jpg,232,5,11,408,23.563636363636363,mean_intensity(z=-5.7)
232/be_014tg_2_182.jpg,232,5,9,416,51.44444444444444,mean_intensity(z=-4.4)
232/be_014tg_2_196.jpg,232,5,9,416,45.55555555555556,mean_intensity(z=-4.7)
232/be_014tg_2_223.jpg,232,5,11,421,55.98181818181818,mean_intensity(z=-4.2)
232/be_014tg_2_240.jpg,232,5,11,460,37.43636363636364,mean_intensity(z=-5.0)
232/be_014tg_2_269.jpg,232,5,11,457,46.83636363636364,mean_intensity(z=-4.6)
232/be_014tg_2_277.jpg,232,5,11,417,37.36363636363637,mean_intensity(z=-5.0)
232/be_014tg_2_30.jpg,232,5,11,455,32.872727272727275,mean_intensity(z=-5.3)
232/be_014tg_2_300.jpg,232,3,9,413,28.74074074074074,mean_intensity(z=-5.5)
232/be_014tg_2_318.jpg,232,5,11,456,32.945454545454545,mean_intensity(z=-5.3)
232/be_014tg_2_427.jpg,232,5,11,461,46.81818181818182,mean_intensity(z=-4.6)
232/be_014tg_2_459.jpg,232,4,11,457,29.477272727272727,mean_intensity(z=-5.4)
232/be_014tg_2_484.jpg,232,5,8,399,38.65,mean_intensity(z=-5.0)
232/be_014tg_2_86.jpg,232,4,11,407,35.20454545454545,mean_intensity(z=-5.2)
232/be_014tg_2_93.jpg,232,5,11,449,37.36363636363637,mean_intensity(z=-5.0)
232/be_014tg_3_144.jpg,232,5,11,459,42.18181818181818,mean_intensity(z=-4.8)
232/be_014tg_3_175.jpg,232,6,11,422,62.25757575757576,mean_intensity(z=-3.9)
232/be_014tg_3_212.jpg,232,5,11,417,37.36363636363637,mean_intensity(z=-5.0)
232/be_014tg_3_265.jpg,232,5,8,398,32.375,mean_intensity(z=-5.3)
232/be_014tg_3_268.jpg,232,5,11,460,37.43636363636364,mean_intensity(z=-5.0)
232/be_014tg_3_28.jpg,232,5,9,421,40.13333333333333,mean_intensity(z=-4.9)
232/be_014tg_4_102.jpg,232,5,11,451,28.381818181818183,mean_intensity(z=-5.5)
232/be_014tg_4_110.jpg,232,5,11,355,27.87272727272727,mean_intensity(z=-5.5)
232/be_014tg_4_115.jpg,232,5,9,418,51.46666666666667,mean_intensity(z=-4.4)
232/be_014tg_4_126.jpg,232,5,9,411,51.17777777777778,mean_intensity(z=-4.4)
232/be_014tg_4_169.jpg,232,5,11,413,42.2,mean_intensity(z=-4.8)
232/be_014tg_4_193.jpg,232,5,9,421,40.13333333333333,mean_intensity(z=-4.9)
232/be_014tg_4_214.jpg,232,5,11,453,28.25454545454545,mean_intensity(z=-5.5)
232/be_014tg_4_300.jpg,232,5,11,415,32.96363636363636,mean_intensity(z=-5.3)
232/be_014tg_4_36.jpg,232,5,9,413,51.422222222222224,mean_intensity(z=-4.4)
232/be_014tg_4_382.jpg,232,5,11,455,51.345454545454544,mean_intensity(z=-4.4)
232/be_014tg_4_420.jpg,232,5,11,452,23.745454545454542,mean_intensity(z=-5.7)
232/be_014tg_4_69.jpg,232,5,8,398,45.125,mean_intensity(z=-4.7)
232/be_015sg_1_112.jpg,232,3,8,392,11.125,mean_intensity(z=-6.3)
232/be_015sg_1_117.jpg,232,4,7,399,37.10714285714285,mean_intensity(z=-5.1)
232/be_015sg_1_137.jpg,232,4,7,399,37.10714285714285,mean_intensity(z=-5.1)
232/be_015sg_1_140.jpg,232,4,6,397,53.54166666666666,mean_intensity(z=-4.3)
232/be_015sg_1_161.jpg,232,4,7,399,37.10714285714285,mean_intensity(z=-5.1)
232/be_015sg_1_20.jpg,232,4,7,391,46.035714285714285,mean_intensity(z=-4.6)
232/be_015sg_1_221.jpg,232,3,8,387,32.375,mean_intensity(z=-5.3)
232/be_015sg_1_229.jpg,232,3,7,396,37.19047619047619,mean_intensity(z=-5.1)
232/be_015sg_1_231.jpg,232,3,8,390,21.791666666666668,mean_intensity(z=-5.8)
232/be_015sg_1_288.jpg,232,4,6,392,42.66666666666666,mean_intensity(z=-4.8)
232/be_015sg_1_386.jpg,232,3,6,393,28.944444444444443,mean_intensity(z=-5.4)
232/be_015sg_1_393.jpg,232,4,8,398,40.34375,mean_intensity(z=-4.9)
232/be_015sg_1_398.jpg,232,4,6,397,53.54166666666666,mean_intensity(z=-4.3)
232/be_015sg_1_443.jpg,232,4,6,393,53.625,mean_intensity(z=-4.3)
232/be_015sg_1_462.jpg,232,4,7,396,19.142857142857142,mean_intensity(z=-5.9)
232/be_015sg_1_469.jpg,232,2,6,333,0.0,mean_intensity(z=-6.8)
232/be_015sg_1_480.jpg,232,4,6,396,63.91666666666666,mean_intensity(z=-3.8)
232/be_015sg_1_58.jpg,232,3,7,333,0.0,mean_intensity(z=-6.8)
232/be_015sg_1_79.jpg,232,3,8,390,21.791666666666668,mean_intensity(z=-5.8)
232/be_015sg_2_139.jpg,232,4,8,401,56.5,mean_intensity(z=-4.2)
232/be_015sg_2_178.jpg,232,4,8,399,56.21875,mean_intensity(z=-4.2)
232/be_015sg_2_260.jpg,232,3,6,394,14.833333333333334,mean_intensity(z=-6.1)
232/be_015sg_2_286.jpg,232,3,6,394,14.833333333333334,mean_intensity(z=-6.1)
232/be_015sg_2_29.jpg,232,3,6,394,14.833333333333334,mean_intensity(z=-6.1)
232/be_015sg_2_321.jpg,232,3,8,390,21.791666666666668,mean_intensity(z=-5.8)
232/be_015sg_2_338.jpg,232,4,8,397,40.46875,mean_intensity(z=-4.9)
232/be_015sg_2_345.jpg,232,4,8,398,56.15625,mean_intensity(z=-4.2)
232/be_015sg_2_376.jpg,232,3,6,393,28.944444444444443,mean_intensity(z=-5.4)
232/be_015sg_2_415.jpg,232,4,8,398,64.09375,mean_intensity(z=-3.8)
232/be_015sg_2_433.jpg,232,4,8,396,48.34375,mean_intensity(z=-4.5)
232/be_015sg_2_46.jpg,232,3,8,390,21.791666666666668,mean_intensity(z=-5.8)
232/be_015tg_1_112.jpg,232,5,11,417,37.36363636363637,mean_intensity(z=-5.0)
232/be_015tg_1_117.jpg,232,5,11,402,32.67272727272727,mean_intensity(z=-5.3)
232/be_015tg_1_137.jpg,232,5,11,459,42.18181818181818,mean_intensity(z=-4.8)
232/be_015tg_1_161.jpg,232,5,11,417,37.36363636363637,mean_intensity(z=-5.0)
232/be_015tg_1_186.jpg,232,5,9,424,40.04444444444445,mean_intensity(z=-4.9)
232/be_015tg_1_199.jpg,232,5,11,407,37.61818181818182,mean_intensity(z=-5.0)
232/be_015tg_1_20.jpg,232,5,11,452,23.70909090909091,mean_intensity(z=-5.7)
232/be_015tg_1_229.jpg,232,5,9,421,45.71111111111111,mean_intensity(z=-4.7)
232/be_015tg_1_231.jpg,232,5,11,454,37.54545454545455,mean_intensity(z=-5.0)
232/be_015tg_1_261.jpg,232,5,9,417,45.8,mean_intensity(z=-4.7)
232/be_015tg_1_373.jpg,232,5,11,451,28.381818181818183,mean_intensity(z=-5.5)
232/be_015tg_1_389.jpg,232,5,8,399,38.65,mean_intensity(z=-5.0)
232/be_015tg_1_396.jpg,232,5,11,454,37.6,mean_intensity(z=-5.0)
232/be_015tg_1_401.jpg,232,5,8,399,45.125,mean_intensity(z=-4.7)
232/be_015tg_1_446.jpg,232,5,9,420,57.02222222222223,mean_intensity(z=-4.1)
232/be_015tg_1_457.jpg,232,5,11,402,32.67272727272727,mean_intensity(z=-5.3)
232/be_015tg_1_465.jpg,232,5,11,453,28.25454545454545,mean_intensity(z=-5.5)
232/be_015tg_1_483.jpg,232,5,9,419,57.08888888888889,mean_intensity(z=-4.1)
232/be_015tg_1_50.jpg,232,5,12,462,51.46666666666667,mean_intensity(z=-4.4)
232/be_015tg_1_58.jpg,232,5,11,460,37.43636363636364,mean_intensity(z=-5.0)
232/be_015tg_1_61.jpg,232,5,12,456,38.56666666666667,mean_intensity(z=-5.0)
232/be_015tg_1_67.jpg,232,5,11,402,32.67272727272727,mean_intensity(z=-5.3)
232/be_015tg_1_79.jpg,232,5,11,455,32.872727272727275,mean_intensity(z=-5.3)
232/be_015tg_1_96.jpg,232,5,11,407,41.89090909090909,mean_intensity(z=-4.8)
232/be_015tg_2_104.jpg,232,5,8,395,51.525,mean_intensity(z=-4.4)
232/be_015tg_2_133.jpg,232,5,12,454,51.2,mean_intensity(z=-4.4)
232/be_015tg_2_141.jpg,232,5,11,459,42.18181818181818,mean_intensity(z=-4.8)
232/be_015tg_2_180.jpg,232,5,11,456,42.07272727272727,mean_intensity(z=-4.8)
232/be_015tg_2_262.jpg,232,5,9,416,45.68888888888889,mean_intensity(z=-4.7)
232/be_015tg_2_288.jpg,232,5,8,395,51.525,mean_intensity(z=-4.4)
232/be_015tg_2_29.jpg,232,5,9,417,68.37777777777778,mean_intensity(z=-3.6)
232/be_015tg_2_323.jpg,232,5,11,408,28.181818181818183,mean_intensity(z=-5.5)
232/be_015tg_2_342.jpg,232,5,11,414,32.981818181818184,mean_intensity(z=-5.3)
232/be_015tg_2_349.jpg,232,5,11,409,37.38181818181818,mean_intensity(z=-5.0)
232/be_015tg_2_370.jpg,232,5,9,416,45.68888888888889,mean_intensity(z=-4.7)
232/be_015tg_2_405.jpg,232,5,11,451,46.8,mean_intensity(z=-4.6)
232/be_015tg_2_438.jpg,232,5,11,414,32.981818181818184,mean_intensity(z=-5.3)
232/be_015tg_2_46.jpg,232,5,11,410,46.58181818181818,mean_intensity(z=-4.6)
232/be_015tg_2_485.jpg,232,5,11,402,32.67272727272727,mean_intensity(z=-5.3)
232/be_015tg_2_70.jpg,232,5,8,402,51.4,mean_intensity(z=-4.4)
232/be_016sg_8_186.jpg,232,3,6,393,28.944444444444443,mean_intensity(z=-5.4)
232/be_016sg_8_195.jpg,232,3,6,387,14.666666666666666,mean_intensity(z=-6.1)
232/be_016sg_8_221.jpg,232,3,7,398,60.95238095238095,mean_intensity(z=-3.9)
232/be_016sg_8_267.jpg,232,3,8,400,53.66666666666666,mean_intensity(z=-4.3)
232/be_016sg_8_271.jpg,232,3,6,395,28.77777777777778,mean_intensity(z=-5.5)
232/be_016sg_8_281.jpg,232,4,8,399,48.46875,mean_intensity(z=-4.5)
232/be_016sg_8_314.jpg,232,3,6,393,28.944444444444443,mean_intensity(z=-5.4)
232/be_016sg_8_354.jpg,232,2,7,333,0.0,mean_intensity(z=-6.8)
232/be_016sg_8_391.jpg,232,3,8,390,21.791666666666668,mean_intensity(z=-5.8)
232/be_016sg_8_397.jpg,232,2,5,333,0.0,mean_intensity(z=-6.8)
232/be_016sg_8_470.jpg,232,3,6,392,14.666666666666666,mean_intensity(z=-6.1)
232/be_016sg_8_481.jpg,232,3,8,383,11.291666666666666,mean_intensity(z=-6.3)
232/be_016sg_8_8.jpg,232,4,8,402,56.21875,mean_intensity(z=-4.2)
233/bc_001sg_9_146.jpg,233,13,8,480,105.41346153846152,aspect_ratio(z=+4.2)
233/bc_001sg_9_415.jpg,233,12,8,476,82.72916666666667,aspect_ratio(z=+3.6)
233/bc_001sg_9_60.jpg,233,12,8,477,98.4375,aspect_ratio(z=+3.6)
233/bc_002sg_10_54.jpg,233,12,8,481,103.78125,aspect_ratio(z=+3.6)
233/bc_002sg_4_166.jpg,233,12,8,477,90.58333333333331,aspect_ratio(z=+3.6)
233/bc_002sg_4_199.jpg,233,12,8,475,90.57291666666669,aspect_ratio(z=+3.6)
233/bc_002sg_4_219.jpg,233,13,8,486,110.35576923076924,aspect_ratio(z=+4.2)
233/bc_002sg_5_125.jpg,233,12,8,475,98.47916666666669,aspect_ratio(z=+3.6)
233/bc_002sg_5_128.jpg,233,12,8,474,98.5625,aspect_ratio(z=+3.6)
233/bc_002sg_5_42.jpg,233,15,10,595,102.02666666666669,aspect_ratio(z=+3.6)
233/bc_002sg_5_45.jpg,233,16,10,551,105.3875,aspect_ratio(z=+4.1)
233/bc_002sg_8_149.jpg,233,12,8,475,87.9375,aspect_ratio(z=+3.6)
233/bc_002sg_8_152.jpg,233,12,8,481,98.52083333333331,aspect_ratio(z=+3.6)
233/bc_002sg_8_224.jpg,233,12,8,474,93.20833333333331,aspect_ratio(z=+3.6)
233/bc_002tg_10_69.jpg,233,18,12,671,106.50925925925924,aspect_ratio(z=+3.6)
233/bc_002tg_10_78.jpg,233,18,12,670,111.08333333333331,aspect_ratio(z=+3.6)
233/bc_002tg_1_7.jpg,233,15,9,492,111.55555555555556,aspect_ratio(z=+4.4)
233/bc_002tg_4_228.jpg,233,18,12,666,102.86111111111111,aspect_ratio(z=+3.6)
233/bc_002tg_4_248.jpg,233,18,12,682,109.9675925925926,aspect_ratio(z=+3.6)
233/bc_002tg_5_101.jpg,233,18,12,685,105.25,aspect_ratio(z=+3.6)
233/bc_002tg_5_124.jpg,233,18,12,679,109.89814814814817,aspect_ratio(z=+3.6)
233/bc_002tg_5_28.jpg,233,21,14,735,115.45578231292517,aspect_ratio(z=+3.6)
233/bc_002tg_5_308.jpg,233,18,12,679,118.11111111111111,aspect_ratio(z=+3.6)
233/bc_002tg_8_170.jpg,233,18,12,666,104.07870370370372,aspect_ratio(z=+3.6)
233/bc_002tg_8_173.jpg,233,18,12,686,107.54629629629628,aspect_ratio(z=+3.6)
233/bc_002tg_8_236.jpg,233,18,12,678,99.35648148148148,aspect_ratio(z=+3.6)
233/bc_004sg_3_132.jpg,233,13,8,484,91.15384615384616,aspect_ratio(z=+4.2)
233/bc_004sg_3_154.jpg,233,12,8,474,82.625,aspect_ratio(z=+3.6)
233/bc_004sg_3_223.jpg,233,12,8,473,93.21875,aspect_ratio(z=+3.6)
233/bc_004sg_3_260.jpg,233,12,8,476,88.02083333333333,aspect_ratio(z=+3.6)
233/bc_004sg_3_273.jpg,233,12,8,481,87.89583333333333,aspect_ratio(z=+3.6)
233/bc_004sg_3_28.jpg,233,12,8,475,93.21875,aspect_ratio(z=+3.6)
233/bc_004sg_3_295.jpg,233,13,8,483,93.48076923076924,aspect_ratio(z=+4.2)
233/bc_004sg_3_373.jpg,233,12,8,480,93.25,aspect_ratio(z=+3.6)
233/bc_004sg_3_404.jpg,233,12,8,472,85.26041666666667,aspect_ratio(z=+3.6)
233/bc_004sg_3_6.jpg,233,12,8,476,98.5,aspect_ratio(z=+3.6)
233/bc_004sg_4_140.jpg,233,12,8,477,95.92708333333331,aspect_ratio(z=+3.6)
233/bc_004sg_4_201.jpg,233,12,8,476,82.64583333333333,aspect_ratio(z=+3.6)
233/bc_004sg_4_6.jpg,233,12,8,477,95.92708333333331,aspect_ratio(z=+3.6)
233/bc_004sg_4_81.jpg,233,12,8,476,93.125,aspect_ratio(z=+3.6)
233/bc_004sg_6_57.jpg,233,12,8,475,85.26041666666667,aspect_ratio(z=+3.6)
233/bc_004sg_6_67.jpg,233,12,8,482,98.33333333333331,aspect_ratio(z=+3.6)
233/bc_004sg_6_76.jpg,233,12,8,472,90.44791666666669,aspect_ratio(z=+3.6)
233/bc_004tg_1_7.jpg,233,14,9,491,101.35714285714286,aspect_ratio(z=+3.9)
233/bc_004tg_3_168.jpg,233,18,12,672,101.67592592592592,aspect_ratio(z=+3.6)
233/bc_004tg_3_196.jpg,233,18,12,672,102.9074074074074,aspect_ratio(z=+3.6)
233/bc_004tg_3_292.jpg,233,18,12,675,105.125,aspect_ratio(z=+3.6)
233/bc_004tg_3_350.jpg,233,18,12,684,114.625,aspect_ratio(z=+3.6)
233/bc_004tg_3_74.jpg,233,19,12,688,109.80263157894736,aspect_ratio(z=+4.0)
233/bc_004tg_4_151.jpg,233,18,12,671,101.7175925925926,aspect_ratio(z=+3.6)
233/bc_004tg_4_245.jpg,233,18,12,665,105.22685185185183,aspect_ratio(z=+3.6)
233/bc_004tg_4_283.jpg,233,18,12,664,111.12962962962963,aspect_ratio(z=+3.6)
233/bc_004tg_4_303.jpg,233,18,12,674,104.01388888888889,aspect_ratio(z=+3.6)
233/bc_004tg_4_39.jpg,233,17,11,624,102.3422459893048,aspect_ratio(z=+3.8)
233/bc_004tg_6_68.jpg,233,18,12,680,107.54629629629628,aspect_ratio(z=+3.6)
233/bc_004tg_6_86.jpg,233,18,12,672,103.94444444444444,aspect_ratio(z=+3.6)
233/bc_005sg_4_242.jpg,233,13,8,486,103.1346153846154,aspect_ratio(z=+4.2)
233/bc_005sg_4_256.jpg,233,12,8,476,101.40625,aspect_ratio(z=+3.6)
233/bc_005sg_4_351.jpg,233,12,8,477,87.86458333333333,aspect_ratio(z=+3.6)
233/bc_005sg_4_430.jpg,233,12,8,475,87.95833333333333,aspect_ratio(z=+3.6)
233/bc_005sg_4_457.jpg,233,12,8,474,87.92708333333333,aspect_ratio(z=+3.6)
233/bc_005tg_1_8.jpg,233,15,10,597,107.22666666666667,aspect_ratio(z=+3.6)
233/bc_005tg_4_108.jpg,233,18,12,674,104.01388888888889,aspect_ratio(z=+3.6)
233/bc_005tg_4_203.jpg,233,18,12,694,107.55555555555556,aspect_ratio(z=+3.6)
233/bc_005tg_4_380.jpg,233,18,12,688,111.16203703703704,aspect_ratio(z=+3.6)
233/bc_005tg_4_406.jpg,233,18,12,670,94.63888888888889,aspect_ratio(z=+3.6)
233/bc_005tg_4_473.jpg,233,19,12,677,106.41228070175438,aspect_ratio(z=+4.0)
233/bc_005tg_7_107.jpg,233,18,12,672,104.0648148148148,aspect_ratio(z=+3.6)
233/bc_006sg_3_327.jpg,233,12,8,472,95.88541666666669,aspect_ratio(z=+3.6)
233/bc_006sg_3_406.jpg,233,12,8,468,82.63541666666667,aspect_ratio(z=+3.6)
233/bc_006sg_3_489.jpg,233,12,8,474,82.75,aspect_ratio(z=+3.6)
233/bc_006sg_6_191.jpg,233,12,8,478,87.875,aspect_ratio(z=+3.6)
233/bc_006sg_6_225.jpg,233,12,8,479,85.23958333333333,aspect_ratio(z=+3.6)
233/bc_006sg_6_54.jpg,233,12,8,479,85.33333333333333,aspect_ratio(z=+3.6)
233/bc_006tg_3_165.jpg,233,18,12,678,102.92592592592592,aspect_ratio(z=+3.6)
233/bc_006tg_3_219.jpg,233,18,12,668,107.53703703703704,aspect_ratio(z=+3.6)
233/bc_006tg_3_334.jpg,233,18,12,682,98.19907407407408,aspect_ratio(z=+3.6)
233/bc_006tg_6_263.jpg,233,18,12,672,99.31944444444444,aspect_ratio(z=+3.6)
233/bc_006tg_6_86.jpg,233,18,12,679,100.57870370370372,aspect_ratio(z=+3.6)
233/bc_007sg_3_105.jpg,233,12,8,475,74.63541666666667,aspect_ratio(z=+3.6)
233/bc_007sg_5_144.jpg,233,13,8,482,95.8076923076923,aspect_ratio(z=+4.2)
233/bc_007sg_6_13.jpg,233,15,10,589,100.45333333333332,aspect_ratio(z=+3.6)
233/bc_007sg_6_192.jpg,233,12,8,471,85.29166666666667,aspect_ratio(z=+3.6)
233/bc_007sg_6_9.jpg,233,15,10,558,97.06666666666666,aspect_ratio(z=+3.6)
233/bc_007sg_9_157.jpg,233,11,8,469,66.98863636363636,mean_intensity(z=-3.7)
233/bc_007tg_6_16.jpg,233,23,15,745,105.07246376811594,aspect_ratio(z=+3.8)
233/bc_008sg_11_126.jpg,233,12,8,484,119.54166666666669,aspect_ratio(z=+3.6)
233/bc_008sg_13_68.jpg,233,12,8,476,135.46875,aspect_ratio(z=+3.6)
233/bc_008sg_14_206.jpg,233,12,8,479,116.96875,aspect_ratio(z=+3.6)
233/bc_008sg_14_225.jpg,233,12,8,476,119.71875,aspect_ratio(z=+3.6)
233/bc_008sg_14_231.jpg,233,12,8,481,127.57291666666669,aspect_ratio(z=+3.6)
233/bc_008sg_14_30.jpg,233,12,8,476,119.69791666666669,aspect_ratio(z=+3.6)
233/bc_008sg_14_42.jpg,233,11,6,476,108.34848484848484,aspect_ratio(z=+5.3)
233/bc_008sg_14_72.jpg,233,10,6,466,106.4,aspect_ratio(z=+4.4)
233/bc_008sg_1_149.jpg,233,12,8,478,122.33333333333331,aspect_ratio(z=+3.6)
233/bc_008sg_1_155.jpg,233,12,8,473,122.19791666666669,aspect_ratio(z=+3.6)
233/bc_008sg_1_48.jpg,233,12,8,481,117.0,aspect_ratio(z=+3.6)
233/bc_008sg_1_55.jpg,233,10,5,466,106.94,aspect_ratio(z=+6.1)
233/bc_008sg_1_78.jpg,233,12,8,471,132.67708333333334,aspect_ratio(z=+3.6)
233/bc_008sg_2_9.jpg,233,20,13,724,92.43846153846154,aspect_ratio(z=+3.8)
233/bc_008sg_3_6.jpg,233,12,8,474,127.51041666666669,aspect_ratio(z=+3.6)
233/bc_008sg_8_325.jpg,233,12,8,479,132.71875,aspect_ratio(z=+3.6)
233/bc_008sg_8_434.jpg,233,12,8,481,124.78125,aspect_ratio(z=+3.6)
233/bc_008sg_8_46.jpg,233,12,8,471,119.63541666666669,aspect_ratio(z=+3.6)
233/bc_008tg_11_379.jpg,233,18,12,681,142.8148148148148,aspect_ratio(z=+3.6)
233/bc_008tg_13_147.jpg,233,18,12,677,136.96296296296296,aspect_ratio(z=+3.6)
233/bc_008tg_13_24.jpg,233,14,4,474,100.44642857142856,aspect_ratio(z=+13.6)
233/bc_008tg_13_241.jpg,233,18,12,677,145.1851851851852,aspect_ratio(z=+3.6)
233/bc_008tg_14_230.jpg,233,18,12,679,142.75,aspect_ratio(z=+3.6)
233/bc_008tg_14_251.jpg,233,18,12,676,138.03240740740742,aspect_ratio(z=+3.6)
233/bc_008tg_1_124.jpg,233,18,12,681,138.11111111111111,aspect_ratio(z=+3.6)
233/bc_008tg_1_55.jpg,233,15,10,597,119.02666666666669,aspect_ratio(z=+3.6)
233/bc_008tg_2_9.jpg,233,31,19,1015,101.0509337860781,aspect_ratio(z=+4.3)
233/bc_008tg_6_109.jpg,233,15,10,555,124.04666666666668,aspect_ratio(z=+3.6)
233/bc_008tg_8_162.jpg,233,18,12,682,139.30555555555554,aspect_ratio(z=+3.6)
233/bc_008tg_8_441.jpg,233,18,12,675,145.16666666666666,aspect_ratio(z=+3.6)
233/bc_009sg_1_17.jpg,233,17,10,626,106.68823529411765,aspect_ratio(z=+4.6)
233/bc_009sg_2_264.jpg,233,12,8,477,116.96875,aspect_ratio(z=+3.6)
233/bc_009sg_2_329.jpg,233,12,8,483,114.29166666666669,aspect_ratio(z=+3.6)
233/bc_009sg_2_337.jpg,233,12,8,476,122.19791666666669,aspect_ratio(z=+3.6)
233/bc_009sg_2_429.jpg,233,12,8,480,114.32291666666669,aspect_ratio(z=+3.6)
233/bc_009tg_1_17.jpg,233,25,15,759,102.176,aspect_ratio(z=+4.4)
233/bc_009tg_2_261.jpg,233,18,12,680,135.7314814814815,aspect_ratio(z=+3.6)
233/bc_009tg_2_71.jpg,233,18,12,678,138.1435185185185,aspect_ratio(z=+3.6)
233/bc_010sg_5_15.jpg,233,10,6,473,127.51666666666668,aspect_ratio(z=+4.4)
233/bc_010sg_5_7.jpg,233,11,5,471,111.63636363636364,aspect_ratio(z=+7.1)
233/bc_011sg_3_157.jpg,233,12,8,489,122.1875,aspect_ratio(z=+3.6)
233/bc_011sg_3_197.jpg,233,12,8,480,127.53125,aspect_ratio(z=+3.6)
233/bc_011sg_3_230.jpg,233,12,8,482,130.05208333333334,aspect_ratio(z=+3.6)
233/bc_011sg_3_415.jpg,233,12,8,481,127.4375,aspect_ratio(z=+3.6)
233/bc_011sg_6_9.jpg,233,12,8,475,116.98958333333331,aspect_ratio(z=+3.6)
233/bc_012sg_2_183.jpg,233,12,8,483,119.5625,aspect_ratio(z=+3.6)
233/bc_012sg_2_322.jpg,233,12,8,479,127.46875,aspect_ratio(z=+3.6)
233/bc_012sg_2_94.jpg,233,12,8,478,124.8125,aspect_ratio(z=+3.6)
233/bc_012sg_4_230.jpg,233,12,8,481,116.83333333333331,aspect_ratio(z=+3.6)
233/bc_012sg_4_279.jpg,233,12,8,472,124.77083333333331,aspect_ratio(z=+3.6)
233/bc_012sg_4_305.jpg,233,12,8,478,130.09375,aspect_ratio(z=+3.6)
233/bc_012tg_2_292.jpg,233,18,12,670,142.79166666666666,aspect_ratio(z=+3.6)
233/bc_012tg_4_267.jpg,233,15,10,550,124.09333333333332,aspect_ratio(z=+3.6)
233/bc_012tg_4_68.jpg,233,16,10,604,127.45,aspect_ratio(z=+4.1)
233/bc_013sg_5_7.jpg,233,11,6,472,119.95454545454544,aspect_ratio(z=+5.3)
233/bc_014sg_3_221.jpg,233,12,8,484,108.97916666666669,aspect_ratio(z=+3.6)
233/bc_014sg_3_249.jpg,233,12,8,474,109.11458333333331,aspect_ratio(z=+3.6)
233/bc_014sg_3_357.jpg,233,13,6,477,98.44871794871794,aspect_ratio(z=+6.9)
233/bc_014sg_3_402.jpg,233,12,8,472,95.82291666666669,aspect_ratio(z=+3.6)
233/bc_014sg_3_426.jpg,233,12,8,484,111.65625,aspect_ratio(z=+3.6)
233/bc_014sg_6_108.jpg,233,12,8,471,106.34375,aspect_ratio(z=+3.6)
233/bc_014sg_6_176.jpg,233,12,8,475,109.02083333333331,aspect_ratio(z=+3.6)
233/bc_014sg_6_223.jpg,233,12,8,486,117.07291666666669,aspect_ratio(z=+3.6)
233/bc_014sg_6_229.jpg,233,12,8,476,106.5,aspect_ratio(z=+3.6)
233/bc_014sg_6_251.jpg,233,12,8,474,109.0625,aspect_ratio(z=+3.6)
233/bc_014sg_6_257.jpg,233,12,8,474,111.64583333333331,aspect_ratio(z=+3.6)
233/bc_014sg_6_285.jpg,233,12,8,478,111.71875,aspect_ratio(z=+3.6)
233/bc_014sg_6_302.jpg,233,12,8,482,101.0625,aspect_ratio(z=+3.6)
233/bc_014sg_6_318.jpg,233,13,6,477,101.64102564102564,aspect_ratio(z=+6.9)
233/bc_014sg_6_338.jpg,233,12,8,479,103.86458333333331,aspect_ratio(z=+3.6)
233/bc_014sg_6_377.jpg,233,12,8,474,108.94791666666669,aspect_ratio(z=+3.6)
233/bc_014sg_6_389.jpg,233,12,8,474,101.14583333333331,aspect_ratio(z=+3.6)
233/bc_014sg_6_408.jpg,233,12,8,487,114.4375,aspect_ratio(z=+3.6)
233/bc_014sg_6_449.jpg,233,13,6,477,101.64102564102564,aspect_ratio(z=+6.9)
233/bc_014sg_6_450.jpg,233,12,8,484,109.08333333333331,aspect_ratio(z=+3.6)
233/bc_014sg_6_453.jpg,233,12,8,477,106.46875,aspect_ratio(z=+3.6)
233/bc_014sg_6_461.jpg,233,12,8,479,108.98958333333331,aspect_ratio(z=+3.6)
233/bc_014sg_6_54.jpg,233,12,8,475,109.07291666666669,aspect_ratio(z=+3.6)
233/bc_014sg_6_88.jpg,233,12,8,479,117.0625,aspect_ratio(z=+3.6)
233/bc_014tg_2_27.jpg,233,15,10,600,108.85333333333334,aspect_ratio(z=+3.6)
233/bc_014tg_5_113.jpg,233,18,12,620,127.50462962962963,aspect_ratio(z=+3.6)
233/bc_014tg_5_188.jpg,233,18,12,665,120.44444444444444,aspect_ratio(z=+3.6)
233/bc_014tg_5_271.jpg,233,18,12,668,126.39814814814817,aspect_ratio(z=+3.6)
233/bc_014tg_5_277.jpg,233,18,12,665,122.90277777777776,aspect_ratio(z=+3.6)
233/bc_014tg_5_305.jpg,233,18,12,666,125.13425925925924,aspect_ratio(z=+3.6)
233/bc_014tg_5_365.jpg,233,18,12,629,120.41666666666669,aspect_ratio(z=+3.6)
233/bc_014tg_5_39.jpg,233,19,9,583,110.49122807017544,aspect_ratio(z=+6.7)
233/bc_014tg_5_418.jpg,233,18,12,670,121.5925925925926,aspect_ratio(z=+3.6)
233/bc_014tg_5_438.jpg,233,18,12,670,120.44444444444444,aspect_ratio(z=+3.6)
233/bc_014tg_5_440.jpg,233,18,12,663,129.875,aspect_ratio(z=+3.6)
233/bc_014tg_5_481.jpg,233,19,9,582,107.5672514619883,aspect_ratio(z=+6.7)
233/bc_014tg_5_55.jpg,233,18,12,616,124.00925925925924,aspect_ratio(z=+3.6)
233/bc_014tg_5_88.jpg,233,18,12,676,129.83796296296296,aspect_ratio(z=+3.6)
233/bc_014tg_6_102.jpg,233,18,12,629,112.32407407407408,aspect_ratio(z=+3.6)
233/bc_014tg_6_125.jpg,233,15,10,566,102.19333333333331,aspect_ratio(z=+3.6)
233/bc_014tg_6_142.jpg,233,18,12,660,106.35185185185183,aspect_ratio(z=+3.6)
233/bc_014tg_6_214.jpg,233,18,12,661,116.88888888888889,aspect_ratio(z=+3.6)
233/bc_014tg_6_226.jpg,233,18,12,665,119.19907407407408,aspect_ratio(z=+3.6)
233/bc_014tg_6_381.jpg,233,18,12,659,115.74537037037037,aspect_ratio(z=+3.6)
233/bc_014tg_6_434.jpg,233,18,12,627,118.17129629629628,aspect_ratio(z=+3.6)
233/bc_015sg_3_115.jpg,233,12,8,477,103.80208333333331,aspect_ratio(z=+3.6)
233/bc_015sg_3_122.jpg,233,13,6,475,111.25641025641026,aspect_ratio(z=+6.9)
233/bc_015sg_3_15.jpg,233,12,8,472,101.14583333333331,aspect_ratio(z=+3.6)
233/bc_015sg_3_160.jpg,233,12,8,471,101.20833333333331,aspect_ratio(z=+3.6)
233/bc_015sg_3_192.jpg,233,13,6,477,98.44871794871794,aspect_ratio(z=+6.9)
233/bc_015sg_3_325.jpg,233,12,8,478,109.15625,aspect_ratio(z=+3.6)
233/bc_015sg_3_372.jpg,233,12,8,475,109.0625,aspect_ratio(z=+3.6)
233/bc_015sg_3_475.jpg,233,12,8,476,109.07291666666669,aspect_ratio(z=+3.6)
233/bc_015sg_5_225.jpg,233,11,7,468,115.97402597402598,aspect_ratio(z=+4.0)
233/bc_015sg_5_232.jpg,233,12,8,474,109.03125,aspect_ratio(z=+3.6)
233/bc_015tg_3_115.jpg,233,15,10,561,125.84,aspect_ratio(z=+3.6)
233/bc_015tg_3_15.jpg,233,18,12,644,117.00925925925924,aspect_ratio(z=+3.6)
233/bc_015tg_3_206.jpg,233,18,12,675,134.58333333333334,aspect_ratio(z=+3.6)
233/bc_015tg_3_270.jpg,233,18,12,664,121.58796296296296,aspect_ratio(z=+3.6)
233/bc_015tg_3_333.jpg,233,18,12,657,120.48611111111111,aspect_ratio(z=+3.6)
233/bc_015tg_3_377.jpg,233,19,10,673,115.5421052631579,aspect_ratio(z=+5.6)
233/bc_015tg_3_5.jpg,233,18,12,658,123.94907407407408,aspect_ratio(z=+3.6)
233/bc_015tg_3_84.jpg,233,18,12,655,112.25,aspect_ratio(z=+3.6)
233/bc_015tg_5_124.jpg,233,18,12,627,119.30092592592592,aspect_ratio(z=+3.6)
233/bc_015tg_5_237.jpg,233,15,10,564,108.9,aspect_ratio(z=+3.6)
233/bc_016sg_3_19.jpg,233,12,8,475,106.48958333333331,aspect_ratio(z=+3.6)
233/bc_016sg_3_199.jpg,233,12,8,474,101.14583333333331,aspect_ratio(z=+3.6)
233/bc_016sg_3_285.jpg,233,12,8,473,101.14583333333331,aspect_ratio(z=+3.6)
233/bc_016sg_5_106.jpg,233,12,8,479,90.65625,aspect_ratio(z=+3.6)
233/bc_016sg_5_145.jpg,233,13,8,481,112.92307692307692,aspect_ratio(z=+4.2)
233/bc_016sg_7_101.jpg,233,12,8,476,106.41666666666669,aspect_ratio(z=+3.6)
233/bc_016sg_7_132.jpg,233,12,8,476,106.5,aspect_ratio(z=+3.6)
233/bc_016sg_7_136.jpg,233,12,8,474,103.78125,aspect_ratio(z=+3.6)
233/bc_016sg_7_141.jpg,233,12,8,474,101.1875,aspect_ratio(z=+3.6)
233/bc_016sg_7_18.jpg,233,13,6,474,101.65384615384616,aspect_ratio(z=+6.9)
233/bc_016sg_7_72.jpg,233,12,8,475,103.94791666666669,aspect_ratio(z=+3.6)
233/bc_016tg_3_104.jpg,233,18,12,664,121.68055555555556,aspect_ratio(z=+3.6)
233/bc_016tg_3_257.jpg,233,19,10,678,116.91052631578948,aspect_ratio(z=+5.6)
233/bc_016tg_3_26.jpg,233,18,12,665,112.23148148148148,aspect_ratio(z=+3.6)
233/bc_016tg_4_18.jpg,233,17,8,504,116.41911764705884,aspect_ratio(z=+6.7)
233/bc_016tg_5_126.jpg,233,18,12,666,114.55555555555556,aspect_ratio(z=+3.6)
233/bc_016tg_5_254.jpg,233,18,12,654,107.57870370370372,aspect_ratio(z=+3.6)
233/bc_016tg_5_304.jpg,233,18,12,663,105.24074074074076,aspect_ratio(z=+3.6)
233/bc_016tg_7_143.jpg,233,18,12,670,115.8148148148148,aspect_ratio(z=+3.6)
233/bc_016tg_7_19.jpg,233,17,10,588,111.08823529411764,aspect_ratio(z=+4.6)
233/bc_016tg_7_208.jpg,233,18,12,668,120.4675925925926,aspect_ratio(z=+3.6)
233/bc_016tg_7_32.jpg,233,19,12,673,118.6359649122807,aspect_ratio(z=+4.0)
233/bc_016tg_7_42.jpg,233,18,12,664,112.27314814814817,aspect_ratio(z=+3.6)
233/bc_017sg_3_135.jpg,233,12,8,474,103.78125,aspect_ratio(z=+3.6)
233/bc_017sg_3_141.jpg,233,12,8,472,95.82291666666669,aspect_ratio(z=+3.6)
233/bc_017sg_3_209.jpg,233,13,8,481,93.28846153846152,aspect_ratio(z=+4.2)
233/bc_017sg_3_217.jpg,233,12,8,472,95.82291666666669,aspect_ratio(z=+3.6)
233/bc_017sg_3_330.jpg,233,12,8,478,82.64583333333333,aspect_ratio(z=+3.6)
233/bc_017sg_8_10.jpg,233,13,8,485,103.2596153846154,aspect_ratio(z=+4.2)
233/bc_017tg_3_145.jpg,233,18,12,638,106.44907407407408,aspect_ratio(z=+3.6)
233/bc_017tg_3_2.jpg,233,18,12,661,109.90277777777776,aspect_ratio(z=+3.6)
233/bc_017tg_5_103.jpg,233,18,12,616,99.2824074074074,aspect_ratio(z=+3.6)
233/bc_017tg_5_282.jpg,233,15,10,554,93.66,aspect_ratio(z=+3.6)
233/bc_017tg_5_76.jpg,233,18,12,635,109.9351851851852,aspect_ratio(z=+3.6)
233/bc_017tg_8_253.jpg,233,15,10,550,91.98666666666666,aspect_ratio(z=+3.6)
233/bc_018sg_3_189.jpg,233,12,8,474,103.875,aspect_ratio(z=+3.6)
233/bc_018sg_3_203.jpg,233,12,8,483,109.02083333333331,aspect_ratio(z=+3.6)
233/bc_018sg_4_204.jpg,233,12,8,475,93.17708333333331,aspect_ratio(z=+3.6)
233/bc_018sg_4_297.jpg,233,12,8,474,93.26041666666669,aspect_ratio(z=+3.6)
233/bc_018sg_4_324.jpg,233,12,8,484,108.96875,aspect_ratio(z=+3.6)
233/bc_018sg_4_347.jpg,233,12,8,473,95.84375,aspect_ratio(z=+3.6)
233/bc_018sg_4_461.jpg,233,12,8,471,98.52083333333331,aspect_ratio(z=+3.6)
233/bc_018tg_2_27.jpg,233,15,10,540,124.02666666666669,aspect_ratio(z=+3.6)
233/bc_018tg_3_223.jpg,233,18,12,663,120.4351851851852,aspect_ratio(z=+3.6)
233/bc_018tg_4_137.jpg,233,15,10,558,102.16666666666669,aspect_ratio(z=+3.6)
233/bc_018tg_4_217.jpg,233,15,10,553,108.88,aspect_ratio(z=+3.6)
233/bc_018tg_4_379.jpg,233,18,12,616,109.86574074074076,aspect_ratio(z=+3.6)
233/bc_018tg_4_435.jpg,233,16,10,554,102.1,aspect_ratio(z=+4.1)
233/bc_018tg_5_13.jpg,233,18,12,626,109.84722222222224,aspect_ratio(z=+3.6)
233/bc_019sg_2_27.jpg,233,10,6,463,114.73333333333332,aspect_ratio(z=+4.4)
233/bc_019sg_5_35.jpg,233,12,8,473,109.07291666666669,aspect_ratio(z=+3.6)
233/bc_019sg_5_91.jpg,233,12,8,483,108.9375,aspect_ratio(z=+3.6)
233/bc_019sg_6_14.jpg,233,15,10,595,110.58,aspect_ratio(z=+3.6)
233/bc_019sg_6_204.jpg,233,12,8,477,109.08333333333331,aspect_ratio(z=+3.6)
233/bc_019sg_6_26.jpg,233,12,8,477,119.5625,aspect_ratio(z=+3.6)
233/bc_019sg_6_260.jpg,233,13,8,483,115.35576923076924,aspect_ratio(z=+4.2)
233/bc_019sg_6_387.jpg,233,12,8,479,101.25,aspect_ratio(z=+3.6)
233/bc_019sg_6_412.jpg,233,12,8,474,95.79166666666669,aspect_ratio(z=+3.6)
233/bc_019sg_6_435.jpg,233,12,8,476,109.11458333333331,aspect_ratio(z=+3.6)
233/bc_019sg_6_49.jpg,233,11,7,484,112.5974025974026,aspect_ratio(z=+4.0)
233/bc_019sg_7_10.jpg,233,15,10,593,103.80666666666669,aspect_ratio(z=+3.6)
233/bc_019sg_7_105.jpg,233,12,8,472,122.23958333333331,aspect_ratio(z=+3.6)
233/bc_019sg_7_119.jpg,233,12,8,478,119.5625,aspect_ratio(z=+3.6)
233/bc_019sg_7_171.jpg,233,12,8,477,106.375,aspect_ratio(z=+3.6)
233/bc_019sg_7_177.jpg,233,13,8,478,122.65384615384616,aspect_ratio(z=+4.2)
233/bc_019sg_7_267.jpg,233,12,8,485,116.72916666666669,aspect_ratio(z=+3.6)
233/bc_019sg_7_348.jpg,233,12,8,475,103.79166666666669,aspect_ratio(z=+3.6)
233/bc_019sg_7_371.jpg,233,11,7,473,112.64935064935064,aspect_ratio(z=+4.0)
233/bc_019sg_7_51.jpg,233,12,8,481,117.04166666666669,aspect_ratio(z=+3.6)
233/bc_019sg_7_85.jpg,233,12,8,474,111.625,aspect_ratio(z=+3.6)
233/bc_019sg_8_217.jpg,233,10,6,468,97.75,aspect_ratio(z=+4.4)
233/bc_019sg_8_220.jpg,233,12,8,476,122.26041666666669,aspect_ratio(z=+3.6)
233/bc_019sg_8_37.jpg,233,12,8,476,111.78125,aspect_ratio(z=+3.6)
233/bc_019sg_8_91.jpg,233,12,8,474,124.85416666666669,aspect_ratio(z=+3.6)
233/bc_019tg_5_120.jpg,233,15,10,551,107.16666666666669,aspect_ratio(z=+3.6)
233/bc_019tg_5_20.jpg,233,18,12,673,114.65277777777776,aspect_ratio(z=+3.6)
233/bc_019tg_5_41.jpg,233,15,10,600,114.05333333333331,aspect_ratio(z=+3.6)
233/bc_019tg_6_207.jpg,233,18,12,668,125.14814814814817,aspect_ratio(z=+3.6)
233/bc_019tg_6_220.jpg,233,18,12,668,127.50925925925924,aspect_ratio(z=+3.6)
233/bc_019tg_6_83.jpg,233,18,12,675,123.99074074074076,aspect_ratio(z=+3.6)
233/bc_019tg_7_182.jpg,233,18,12,634,122.88425925925924,aspect_ratio(z=+3.6)
233/bc_019tg_7_189.jpg,233,18,12,670,126.45370370370372,aspect_ratio(z=+3.6)
233/bc_019tg_7_240.jpg,233,18,12,673,116.97222222222224,aspect_ratio(z=+3.6)
233/bc_019tg_7_366.jpg,233,15,10,597,115.60666666666668,aspect_ratio(z=+3.6)
233/bc_019tg_7_372.jpg,233,18,12,659,114.61574074074076,aspect_ratio(z=+3.6)
233/bc_019tg_7_396.jpg,233,15,10,593,108.94,aspect_ratio(z=+3.6)
233/bc_019tg_7_53.jpg,233,18,12,659,126.38888888888889,aspect_ratio(z=+3.6)
233/bc_019tg_7_88.jpg,233,18,12,660,128.6898148148148,aspect_ratio(z=+3.6)
233/bc_019tg_8_249.jpg,233,15,10,600,125.84666666666666,aspect_ratio(z=+3.6)
233/bc_019tg_8_252.jpg,233,18,12,616,127.49537037037037,aspect_ratio(z=+3.6)
233/bc_019tg_8_272.jpg,233,15,10,550,120.8,aspect_ratio(z=+3.6)
233/bc_019tg_8_333.jpg,233,18,12,666,114.5,aspect_ratio(z=+3.6)
233/bc_019tg_8_53.jpg,233,18,12,668,125.14814814814817,aspect_ratio(z=+3.6)
233/bc_020sg_3_225.jpg,233,12,8,489,122.25,aspect_ratio(z=+3.6)
233/bc_020sg_3_320.jpg,233,12,8,482,116.94791666666669,aspect_ratio(z=+3.6)
233/bc_020sg_3_39.jpg,233,12,8,477,127.63541666666669,aspect_ratio(z=+3.6)
233/bc_020sg_3_410.jpg,233,12,8,478,114.33333333333331,aspect_ratio(z=+3.6)
233/bc_020sg_3_415.jpg,233,12,8,476,116.88541666666669,aspect_ratio(z=+3.6)
233/bc_020sg_4_227.jpg,233,13,6,485,117.74358974358974,aspect_ratio(z=+6.9)
233/bc_020sg_4_353.jpg,233,12,8,480,114.25,aspect_ratio(z=+3.6)
233/bc_020sg_4_411.jpg,233,12,8,478,106.38541666666669,aspect_ratio(z=+3.6)
233/bc_020sg_7_32.jpg,233,12,8,476,111.59375,aspect_ratio(z=+3.6)
233/bc_020sg_7_35.jpg,233,12,8,471,109.0625,aspect_ratio(z=+3.6)
233/bc_020sg_7_42.jpg,233,12,8,476,114.3125,aspect_ratio(z=+3.6)
233/bc_020tg_2_31.jpg,233,15,10,595,137.60666666666663,aspect_ratio(z=+3.6)
233/bc_020tg_3_265.jpg,233,18,12,669,136.97222222222223,aspect_ratio(z=+3.6)
233/bc_020tg_3_300.jpg,233,18,12,663,129.90277777777777,aspect_ratio(z=+3.6)
233/bc_020tg_3_370.jpg,233,18,12,663,131.05555555555554,aspect_ratio(z=+3.6)
233/bc_020tg_3_474.jpg,233,18,12,671,131.0648148148148,aspect_ratio(z=+3.6)
233/bc_020tg_4_403.jpg,233,18,12,714,122.8425925925926,aspect_ratio(z=+3.6)
233/bc_020tg_7_49.jpg,233,18,12,667,128.73611111111111,aspect_ratio(z=+3.6)
233/bc_020tg_7_54.jpg,233,18,12,664,122.81944444444444,aspect_ratio(z=+3.6)
233/bc_020tg_7_61.jpg,233,18,12,659,124.05555555555556,aspect_ratio(z=+3.6)
233/be_001sg_5_159.jpg,233,14,8,475,118.40178571428572,aspect_ratio(z=+4.9)
234/bl_001sg_3_101.jpg,234,14,7,488,119.72448979591836,aspect_ratio(z=+6.1)
234/bl_001sg_3_131.jpg,234,14,7,490,112.0204081632653,aspect_ratio(z=+6.1)
234/bl_001sg_3_169.jpg,234,14,7,483,114.5,aspect_ratio(z=+6.1)
234/bl_001sg_8_162.jpg,234,15,7,489,114.18095238095238,aspect_ratio(z=+6.8)
234/bl_001tg_3_113.jpg,234,20,11,700,134.5,aspect_ratio(z=+5.2)
234/bl_001tg_3_44.jpg,234,20,10,685,124.89,aspect_ratio(z=+6.1)
234/bl_001tg_3_75.jpg,234,20,10,670,114.875,aspect_ratio(z=+6.1)
234/bl_001tg_8_164.jpg,234,22,11,753,136.9090909090909,aspect_ratio(z=+6.1)
234/bl_002sg_10_163.jpg,234,15,7,484,111.7809523809524,aspect_ratio(z=+6.8)
234/bl_002sg_3_151.jpg,234,13,7,479,112.12087912087912,aspect_ratio(z=+5.4)
234/bl_002sg_3_45.jpg,234,14,7,489,114.59183673469389,aspect_ratio(z=+6.1)
234/bl_002sg_3_83.jpg,234,14,7,487,124.83673469387756,aspect_ratio(z=+6.1)
234/bl_002tg_3_152.jpg,234,21,10,688,131.25714285714287,aspect_ratio(z=+6.6)
234/bl_002tg_3_42.jpg,234,20,10,689,128.835,aspect_ratio(z=+6.1)
234/bl_002tg_3_65.jpg,234,20,10,681,119.94,aspect_ratio(z=+6.1)
234/bl_002tg_3_84.jpg,234,21,10,688,134.8,aspect_ratio(z=+6.6)
234/bl_002tg_7_167.jpg,234,22,11,754,133.80578512396696,aspect_ratio(z=+6.1)
234/bl_003sg_3_138.jpg,234,14,7,483,122.28571428571428,aspect_ratio(z=+6.1)
234/bl_003sg_3_157.jpg,234,14,6,481,109.32142857142856,aspect_ratio(z=+7.8)
234/bl_003sg_3_50.jpg,234,14,7,484,124.93877551020408,aspect_ratio(z=+6.1)
234/bl_003sg_3_70.jpg,234,14,7,483,119.68367346938776,aspect_ratio(z=+6.1)
234/bl_003sg_7_397.jpg,234,15,7,486,111.71428571428572,aspect_ratio(z=+6.8)
234/bl_003tg_3_141.jpg,234,20,10,679,127.51,aspect_ratio(z=+6.1)
234/bl_003tg_3_161.jpg,234,20,10,631,118.75,aspect_ratio(z=+6.1)
234/bl_003tg_3_51.jpg,234,20,11,688,132.25,aspect_ratio(z=+5.2)
234/bl_003tg_3_72.jpg,234,20,10,677,126.22,aspect_ratio(z=+6.1)
234/bl_003tg_7_403.jpg,234,22,12,764,135.20833333333334,aspect_ratio(z=+5.3)
234/bl_004sg_3_14.jpg,234,14,7,482,106.83673469387756,aspect_ratio(z=+6.1)
234/bl_004sg_7_83.jpg,234,13,7,474,92.74725274725274,aspect_ratio(z=+5.4)
234/bl_004tg_3_10.jpg,234,21,10,729,114.23333333333332,aspect_ratio(z=+6.6)
234/bl_004tg_7_84.jpg,234,21,11,746,121.54545454545456,aspect_ratio(z=+5.7)
234/bl_005sg_3_65.jpg,234,13,6,483,91.7051282051282,aspect_ratio(z=+6.9)
234/bl_005sg_7_31.jpg,234,14,7,483,114.60204081632654,aspect_ratio(z=+6.1)
234/bl_005tg_3_10.jpg,234,20,10,683,127.47,aspect_ratio(z=+6.1)
234/bl_005tg_7_32.jpg,234,20,11,695,131.05,aspect_ratio(z=+5.2)
234/bl_006sg_3_143.jpg,234,13,7,484,112.3076923076923,aspect_ratio(z=+5.4)
234/bl_006sg_3_20.jpg,234,12,6,476,81.69444444444444,aspect_ratio(z=+6.1)
234/bl_006sg_3_32.jpg,234,13,7,481,112.17582417582418,aspect_ratio(z=+5.4)
234/bl_006sg_3_96.jpg,234,14,7,493,99.03061224489797,aspect_ratio(z=+6.1)
234/bl_006sg_8_105.jpg,234,13,6,479,88.58974358974359,aspect_ratio(z=+6.9)
234/bl_006tg_3_114.jpg,234,20,10,685,122.5,aspect_ratio(z=+6.1)
234/bl_006tg_3_174.jpg,234,21,11,693,140.1818181818182,aspect_ratio(z=+5.7)
234/bl_006tg_3_38.jpg,234,19,9,580,116.4327485380117,aspect_ratio(z=+6.7)
234/bl_006tg_3_50.jpg,234,21,10,692,127.6095238095238,aspect_ratio(z=+6.6)
234/bl_006tg_8_163.jpg,234,20,10,687,118.77,aspect_ratio(z=+6.1)
234/bl_007sg_3_15.jpg,234,14,7,485,112.06122448979592,aspect_ratio(z=+6.1)
234/bl_007sg_3_76.jpg,234,14,7,486,109.45918367346938,aspect_ratio(z=+6.1)
234/bl_007tg_3_15.jpg,234,21,10,685,116.66190476190476,aspect_ratio(z=+6.6)
234/bl_007tg_3_77.jpg,234,21,10,681,116.67619047619048,aspect_ratio(z=+6.6)
236/bc_014sg_2_44.jpg,236,8,5,408,108.575,aspect_ratio(z=+4.1)
236/bc_014sg_2_50.jpg,236,9,5,432,119.17777777777778,aspect_ratio(z=+5.1)
236/be_008sg_6_41.jpg,236,20,5,556,152.81,aspect_ratio(z=+16.1)
236/be_008sg_6_50.jpg,236,29,5,630,154.59310344827583,aspect_ratio(z=+25.1)
236/bl_009sg_3_253.jpg,236,11,7,467,109.50649350649353,aspect_ratio(z=+4.0)
236/bl_010sg_6_299.jpg,236,12,8,472,111.79166666666669,aspect_ratio(z=+3.6)
236/bl_011sg_4_323.jpg,236,11,7,470,102.9090909090909,aspect_ratio(z=+4.0)
236/bl_011tg_4_180.jpg,236,17,11,618,132.2673796791444,aspect_ratio(z=+3.8)
236/bl_011tg_4_59.jpg,236,17,11,615,130.8716577540107,aspect_ratio(z=+3.8)
240/bl_007sg_1_39.jpg,240,37,30,1003,99.83693693693694,width(z=+4.7)
240/bl_007sg_1_42.jpg,240,37,29,1183,90.9170549860205,width(z=+4.7)
240/bl_007sg_1_45.jpg,240,38,29,998,85.49092558983666,width(z=+4.9)
240/bl_007tg_1_40.jpg,240,56,44,2589,107.84862012987011,width(z=+9.0); size_bytes(z=+10.7)
240/bl_007tg_1_43.jpg,240,56,44,2537,104.14569805194805,width(z=+9.0); size_bytes(z=+10.4)
240/bl_007tg_1_46.jpg,240,57,44,2639,107.91387559808612,width(z=+9.2); size_bytes(z=+11.0)
242/be_008tg_6_353.jpg,242,31,31,1365,150.12591050988553,size_bytes(z=+3.7)
242/be_008tg_7_300.jpg,242,33,31,1141,163.71847507331378,width(z=+3.8)
242/be_013tg_6_276.jpg,242,32,31,1121,161.13709677419354,width(z=+3.6)
242/be_014tg_2_366.jpg,242,32,31,1127,164.42943548387098,width(z=+3.6)
242/be_016tg_11_188.jpg,242,33,31,1229,161.25219941348973,width(z=+3.8)
242/be_016tg_11_354.jpg,242,32,31,1128,160.87197580645162,width(z=+3.6)
242/be_016tg_11_470.jpg,242,33,31,1196,159.76735092864126,width(z=+3.8)
242/be_016tg_11_90.jpg,242,33,31,1141,163.72434017595307,width(z=+3.8)
242/be_016tg_9_205.jpg,242,33,31,1141,163.2238514173998,width(z=+3.8)
242/be_017tg_4_2.jpg,242,32,30,1208,158.55520833333333,width(z=+3.6)
242/be_017tg_6_314.jpg,242,33,31,1207,163.23655913978496,width(z=+3.8)
242/be_017tg_7_112.jpg,242,33,31,1144,162.9745845552297,width(z=+3.8)
242/be_017tg_7_189.jpg,242,32,31,1120,158.55342741935485,width(z=+3.6)
242/be_018tg_1_0.jpg,242,32,30,1176,159.83020833333333,width(z=+3.6)
243/be_014sg_2_442.jpg,243,20,13,769,120.6923076923077,aspect_ratio(z=+3.8)
243/be_016sg_4_20.jpg,243,20,13,759,128.44615384615383,aspect_ratio(z=+3.8)
243/be_016tg_4_21.jpg,243,29,19,1156,125.47186932849364,aspect_ratio(z=+3.7)
243/be_020sg_6_104.jpg,243,20,13,759,120.74230769230768,aspect_ratio(z=+3.8)
243/be_020sg_6_216.jpg,243,20,13,742,119.75384615384615,aspect_ratio(z=+3.8)
245/be_007tg_4_18.jpg,245,30,29,1333,157.9241379310345,size_bytes(z=+3.5)
245/be_007tg_5_23.jpg,245,30,30,1405,159.68333333333334,size_bytes(z=+3.9)
245/be_008tg_6_355.jpg,245,29,30,1436,150.2080459770115,size_bytes(z=+4.1)
245/be_009tg_3_0.jpg,245,28,28,1366,156.62244897959184,size_bytes(z=+3.7)
248/bl_003tg_5_126.jpg,248,18,12,738,126.42592592592592,aspect_ratio(z=+3.6)
