path,ruling,correct_class,source,note,decided_at
161/bc_008sg_8_56.jpg,drop,,audit_app,riri: drop,2026-09-24T13:52:57+00:00
161/bc_012sg_4_240.jpg,reassign,164,audit_app,riri: →164,2026-09-24T13:52:57+00:00
161/bc_018tg_3_152.jpg,drop,,audit_app,riri: drop,2026-09-24T13:52:57+00:00
161/bc_020sg_3_334.jpg,reassign,205,audit_app,riri: →205,2026-09-24T13:52:57+00:00
161/bc_020sg_3_480.jpg,reassign,164,audit_app,riri: →164,2026-09-24T13:52:57+00:00
161/bc_020sg_4_395.jpg,reassign,164,audit_app,riri: →164,2026-09-24T13:52:57+00:00
161/be_004sg_7_328.jpg,reassign,192,audit_app,riri: →192,2026-09-24T13:52:57+00:00
161/be_006sg_1_453.jpg,reassign,192,audit_app,riri: →192,2026-09-24T13:52:57+00:00
161/be_006sg_8_257.jpg,reassign,182,audit_app,riri: →182,2026-09-24T13:52:57+00:00
162/bc_009sg_1_25.jpg,reassign,170,audit_app,"riri: →170, san: →170",2026-09-24T13:52:57+00:00
162/bc_018sg_4_66.jpg,reassign,170,audit_app,riri: →170,2026-09-24T13:52:57+00:00
162/bc_019sg_6_450.jpg,reassign,170,audit_app,san: →170,2026-09-24T13:52:57+00:00
162/bc_019sg_6_5.jpg,reassign,186,audit_app,"riri: →186, san: →186",2026-09-24T13:52:57+00:00
162/be_002sg_10_162.jpg,reassign,209,audit_app,"riri: →209, san: →209",2026-09-24T13:52:57+00:00
162/be_008sg_5_18.jpg,reassign,209,audit_app,"riri: →209, san: →209",2026-09-24T13:52:57+00:00
162/be_014sg_4_304.jpg,reassign,209,audit_app,san: →209,2026-09-24T13:52:57+00:00
162/bl_008sg_1_20.jpg,reassign,170,audit_app,riri: →170,2026-09-24T13:52:57+00:00
162/bl_008sg_3_490.jpg,reassign,170,audit_app,riri: →170,2026-09-24T13:52:57+00:00
162/bl_008tg_1_33.jpg,reassign,170,audit_app,riri: →170,2026-09-24T13:52:57+00:00
164/bc_005sg_4_237.jpg,drop,,audit_app,riri: drop,2026-09-24T13:52:57+00:00
164/bc_005sg_7_14.jpg,drop,,audit_app,riri: drop,2026-09-24T13:52:57+00:00
164/bc_005tg_1_9.jpg,drop,,audit_app,riri: drop,2026-09-24T13:52:57+00:00
164/bc_006sg_2_0.jpg,drop,,audit_app,riri: drop,2026-09-24T13:52:57+00:00
164/bc_007sg_6_115.jpg,drop,,audit_app,riri: drop,2026-09-24T13:52:57+00:00
164/bc_007sg_8_18.jpg,drop,,audit_app,riri: drop,2026-09-24T13:52:57+00:00
164/bc_007tg_9_9.jpg,reassign,180,audit_app,riri: →180,2026-09-24T13:52:57+00:00
164/bc_008sg_11_240.jpg,reassign,181,audit_app,riri: →181,2026-09-24T13:52:57+00:00
164/bc_014sg_2_26.jpg,reassign,180,audit_app,riri: →180,2026-09-24T13:52:57+00:00
164/bc_014sg_3_469.jpg,reassign,180,audit_app,riri: →180,2026-09-24T13:52:57+00:00
164/bc_015sg_5_265.jpg,reassign,180,audit_app,riri: →180,2026-09-24T13:52:57+00:00
164/bc_015tg_5_259.jpg,reassign,180,audit_app,riri: →180,2026-09-24T13:52:57+00:00
164/bc_018sg_5_39.jpg,reassign,180,audit_app,riri: →180,2026-09-24T13:52:57+00:00
164/bc_018sg_6_17.jpg,drop,,audit_app,riri: drop,2026-09-24T13:52:57+00:00
164/bc_018tg_3_288.jpg,reassign,180,audit_app,riri: →180,2026-09-24T13:52:57+00:00
164/bc_020tg_3_25.jpg,reassign,180,audit_app,riri: →180,2026-09-24T13:52:57+00:00
164/be_017sg_4_421.jpg,reassign,180,audit_app,riri: →180,2026-09-24T13:52:57+00:00
164/be_017sg_7_382.jpg,reassign,205,audit_app,riri: →205,2026-09-24T13:52:57+00:00
164/be_019sg_8_200.jpg,reassign,205,audit_app,riri: →205,2026-09-24T13:52:57+00:00
164/be_020tg_2_287.jpg,reassign,205,audit_app,riri: →205,2026-09-24T13:52:57+00:00
164/bl_003sg_2_5.jpg,reassign,180,audit_app,riri: →180,2026-09-24T13:52:57+00:00
164/bl_009sg_3_121.jpg,reassign,180,audit_app,riri: →180,2026-09-24T13:52:57+00:00
164/bl_009sg_3_314.jpg,reassign,181,audit_app,riri: →181,2026-09-24T13:52:57+00:00
164/bl_011sg_4_130.jpg,reassign,180,audit_app,riri: →180,2026-09-24T13:52:57+00:00
164/bl_011sg_4_486.jpg,reassign,180,audit_app,riri: →180,2026-09-24T13:52:57+00:00
168/bc_019sg_5_93.jpg,reassign,169,audit_app,งง: →169,2026-09-24T13:52:57+00:00
168/bc_020sg_4_13.jpg,reassign,216,audit_app,san: →216,2026-09-24T13:52:57+00:00
168/be_005tg_4_58.jpg,reassign,217,audit_app,งง: →217,2026-09-24T13:52:57+00:00
168/be_011sg_5_54.jpg,reassign,217,audit_app,san: →217,2026-09-24T13:52:57+00:00
168/be_011sg_5_72.jpg,reassign,217,audit_app,งง: →217,2026-09-24T13:52:57+00:00
168/be_013tg_1_140.jpg,reassign,162,audit_app,"san: →162, งง: →162",2026-09-24T13:52:57+00:00
168/be_013tg_1_308.jpg,reassign,162,audit_app,"san: →162, งง: →162",2026-09-24T13:52:57+00:00
168/ce_001sg_2_27.jpg,drop,,audit_app,งง: drop,2026-09-24T13:52:57+00:00
170/bc_008tg_8_265.jpg,reassign,171,audit_app,riri: →171,2026-09-24T13:52:57+00:00
170/bc_014tg_6_267.jpg,reassign,171,audit_app,riri: →171,2026-09-24T13:52:57+00:00
170/bc_016tg_7_133.jpg,reassign,162,audit_app,"riri: →162, งง: →162",2026-09-24T13:52:57+00:00
170/be_006sg_4_84.jpg,reassign,162,audit_app,"riri: →162, งง: →162",2026-09-24T13:52:57+00:00
170/be_008sg_4_95.jpg,reassign,171,audit_app,riri: →171,2026-09-24T13:52:57+00:00
170/be_012sg_3_349.jpg,reassign,171,audit_app,riri: →171,2026-09-24T13:52:57+00:00
170/be_016sg_11_83.jpg,reassign,162,audit_app,"riri: →162, งง: →162",2026-09-24T13:52:57+00:00
170/bl_001sg_8_206.jpg,reassign,162,audit_app,riri: →162,2026-09-24T13:52:57+00:00
170/bl_001sg_8_321.jpg,reassign,162,audit_app,งง: →162,2026-09-24T13:52:57+00:00
170/bl_002sg_10_197.jpg,reassign,162,audit_app,riri: →162,2026-09-24T13:52:57+00:00
170/bl_004tg_5_112.jpg,reassign,171,audit_app,riri: →171,2026-09-24T13:52:57+00:00
170/bl_005tg_9_170.jpg,reassign,171,audit_app,riri: →171,2026-09-24T13:52:57+00:00
170/bl_006sg_8_101.jpg,reassign,171,audit_app,riri: →171,2026-09-24T13:52:57+00:00
170/bl_006tg_3_177.jpg,reassign,171,audit_app,san: →171,2026-09-24T13:52:57+00:00
170/bl_007sg_8_343.jpg,reassign,171,audit_app,riri: →171,2026-09-24T13:52:57+00:00
170/bl_011sg_4_58.jpg,reassign,162,audit_app,riri: →162,2026-09-24T13:52:57+00:00
171/bc_008tg_11_114.jpg,reassign,170,audit_app,riri: →170,2026-09-24T13:52:57+00:00
171/bc_008tg_1_37.jpg,reassign,170,audit_app,riri: →170,2026-09-24T13:52:57+00:00
171/bc_011sg_6_67.jpg,reassign,170,audit_app,riri: →170,2026-09-24T13:52:57+00:00
171/bc_011tg_6_63.jpg,reassign,170,audit_app,riri: →170,2026-09-24T13:52:57+00:00
171/bc_014sg_3_257.jpg,reassign,170,audit_app,riri: →170,2026-09-24T13:52:57+00:00
171/bc_015sg_3_282.jpg,reassign,170,audit_app,riri: →170,2026-09-24T13:52:57+00:00
171/bc_016sg_3_381.jpg,reassign,170,audit_app,riri: →170,2026-09-24T13:52:57+00:00
171/bc_017tg_3_55.jpg,reassign,170,audit_app,riri: →170,2026-09-24T13:52:57+00:00
171/bc_018sg_3_271.jpg,reassign,170,audit_app,riri: →170,2026-09-24T13:52:57+00:00
171/bc_018sg_4_134.jpg,reassign,170,audit_app,riri: →170,2026-09-24T13:52:57+00:00
171/bc_018sg_4_363.jpg,reassign,170,audit_app,riri: →170,2026-09-24T13:52:57+00:00
171/bc_018sg_6_31.jpg,reassign,170,audit_app,riri: →170,2026-09-24T13:52:57+00:00
171/bc_018tg_5_50.jpg,reassign,170,audit_app,riri: →170,2026-09-24T13:52:57+00:00
171/bc_018tg_6_31.jpg,reassign,170,audit_app,riri: →170,2026-09-24T13:52:57+00:00
171/be_006sg_6_17.jpg,reassign,170,audit_app,riri: →170,2026-09-24T13:52:57+00:00
171/be_007sg_3_0.jpg,reassign,170,audit_app,riri: →170,2026-09-24T13:52:57+00:00
171/be_008sg_7_0.jpg,reassign,170,audit_app,riri: →170,2026-09-24T13:52:57+00:00
171/be_008sg_7_138.jpg,reassign,170,audit_app,riri: →170,2026-09-24T13:52:57+00:00
171/be_008tg_5_0.jpg,reassign,170,audit_app,riri: →170,2026-09-24T13:52:57+00:00
171/be_008tg_5_62.jpg,reassign,170,audit_app,riri: →170,2026-09-24T13:52:57+00:00
171/be_020sg_5_137.jpg,reassign,170,audit_app,riri: →170,2026-09-24T13:52:57+00:00
171/bl_001sg_9_115.jpg,reassign,170,audit_app,riri: →170,2026-09-24T13:52:57+00:00
171/bl_001tg_9_285.jpg,reassign,170,audit_app,riri: →170,2026-09-24T13:52:57+00:00
171/bl_003tg_7_448.jpg,reassign,170,audit_app,riri: →170,2026-09-24T13:52:57+00:00
171/bl_004tg_11_281.jpg,reassign,170,audit_app,riri: →170,2026-09-24T13:52:57+00:00
171/bl_004tg_3_40.jpg,reassign,170,audit_app,riri: →170,2026-09-24T13:52:57+00:00
171/bl_004tg_7_121.jpg,reassign,170,audit_app,riri: →170,2026-09-24T13:52:57+00:00
171/bl_005tg_9_156.jpg,reassign,170,audit_app,riri: →170,2026-09-24T13:52:57+00:00
171/bl_005tg_9_47.jpg,reassign,170,audit_app,riri: →170,2026-09-24T13:52:57+00:00
171/bl_006tg_3_136.jpg,reassign,170,audit_app,riri: →170,2026-09-24T13:52:57+00:00
171/bl_006tg_3_34.jpg,reassign,170,audit_app,riri: →170,2026-09-24T13:52:57+00:00
171/bl_007tg_8_131.jpg,reassign,170,audit_app,riri: →170,2026-09-24T13:52:57+00:00
171/bl_007tg_8_438.jpg,reassign,170,audit_app,riri: →170,2026-09-24T13:52:57+00:00
171/bl_011sg_4_362.jpg,reassign,170,audit_app,riri: →170,2026-09-24T13:52:57+00:00
179/be_007sg_6_80.jpg,reassign,173,audit_app,งง: →173,2026-09-24T13:52:57+00:00
179/be_018sg_3_83.jpg,reassign,173,audit_app,งง: →173,2026-09-24T13:52:57+00:00
179/be_020sg_2_104.jpg,reassign,173,audit_app,งง: →173,2026-09-24T13:52:57+00:00
180/bc_001sg_9_385.jpg,reassign,164,audit_app,งง: →164,2026-09-24T13:52:57+00:00
180/bc_001sg_9_59.jpg,reassign,164,audit_app,งง: →164,2026-09-24T13:52:57+00:00
180/bc_002sg_4_180.jpg,reassign,164,audit_app,งง: →164,2026-09-24T13:52:57+00:00
180/bc_002sg_4_198.jpg,reassign,164,audit_app,งง: →164,2026-09-24T13:52:57+00:00
180/bc_002sg_4_226.jpg,reassign,181,audit_app,งง: →181,2026-09-24T13:52:57+00:00
180/bc_007sg_3_179.jpg,reassign,164,audit_app,san: →164,2026-09-24T13:52:57+00:00
180/bc_007sg_5_85.jpg,reassign,164,audit_app,งง: →164,2026-09-24T13:52:57+00:00
180/bc_007sg_6_291.jpg,reassign,164,audit_app,งง: →164,2026-09-24T13:52:57+00:00
180/bc_015sg_5_205.jpg,reassign,181,audit_app,งง: →181,2026-09-24T13:52:57+00:00
180/bc_015sg_5_336.jpg,reassign,181,audit_app,งง: →181,2026-09-24T13:52:57+00:00
180/bc_016sg_7_135.jpg,reassign,181,audit_app,งง: →181,2026-09-24T13:52:57+00:00
180/bc_019tg_7_248.jpg,reassign,181,audit_app,งง: →181,2026-09-24T13:52:57+00:00
180/bc_020sg_3_183.jpg,reassign,164,audit_app,san: →164,2026-09-24T13:52:57+00:00
180/bc_020sg_3_362.jpg,reassign,164,audit_app,san: →164,2026-09-24T13:52:57+00:00
180/be_002sg_7_37.jpg,reassign,181,audit_app,"san: →181, งง: →181",2026-09-24T13:52:57+00:00
180/be_002sg_9_226.jpg,reassign,181,audit_app,san: →181,2026-09-24T13:52:57+00:00
180/be_003sg_9_106.jpg,reassign,181,audit_app,งง: →181,2026-09-24T13:52:57+00:00
180/be_003sg_9_177.jpg,reassign,181,audit_app,งง: →181,2026-09-24T13:52:57+00:00
180/be_004sg_5_36.jpg,reassign,181,audit_app,งง: →181,2026-09-24T13:52:57+00:00
180/be_004tg_7_36.jpg,reassign,181,audit_app,san: →181,2026-09-24T13:52:57+00:00
180/be_005sg_5_439.jpg,reassign,181,audit_app,งง: →181,2026-09-24T13:52:57+00:00
180/be_006sg_3_439.jpg,reassign,164,audit_app,san: →164,2026-09-24T13:52:57+00:00
180/be_006sg_6_37.jpg,reassign,181,audit_app,งง: →181,2026-09-24T13:52:57+00:00
180/be_007sg_4_191.jpg,reassign,181,audit_app,งง: →181,2026-09-24T13:52:57+00:00
180/be_007sg_7_311.jpg,reassign,181,audit_app,"san: →181, งง: →181",2026-09-24T13:52:57+00:00
180/be_007tg_3_127.jpg,reassign,181,audit_app,งง: →181,2026-09-24T13:52:57+00:00
180/be_007tg_3_313.jpg,reassign,181,audit_app,งง: →181,2026-09-24T13:52:57+00:00
180/be_007tg_4_278.jpg,reassign,181,audit_app,งง: →181,2026-09-24T13:52:57+00:00
180/be_007tg_6_190.jpg,reassign,181,audit_app,งง: →181,2026-09-24T13:52:57+00:00
180/be_007tg_6_192.jpg,reassign,181,audit_app,งง: →181,2026-09-24T13:52:57+00:00
180/be_007tg_6_347.jpg,reassign,181,audit_app,งง: →181,2026-09-24T13:52:57+00:00
180/be_008tg_5_130.jpg,reassign,181,audit_app,งง: →181,2026-09-24T13:52:57+00:00
180/be_009sg_3_98.jpg,reassign,181,audit_app,งง: →181,2026-09-24T13:52:57+00:00
180/be_014tg_2_126.jpg,reassign,181,audit_app,งง: →181,2026-09-24T13:52:57+00:00
180/be_016sg_11_199.jpg,reassign,181,audit_app,san: →181,2026-09-24T13:52:57+00:00
180/be_016tg_11_330.jpg,reassign,181,audit_app,san: →181,2026-09-24T13:52:57+00:00
180/be_016tg_8_264.jpg,reassign,181,audit_app,san: →181,2026-09-24T13:52:57+00:00
180/be_017sg_6_330.jpg,reassign,181,audit_app,งง: →181,2026-09-24T13:52:57+00:00
180/be_017sg_7_278.jpg,reassign,181,audit_app,งง: →181,2026-09-24T13:52:57+00:00
180/be_017sg_7_404.jpg,reassign,181,audit_app,งง: →181,2026-09-24T13:52:57+00:00
180/be_018sg_3_129.jpg,reassign,181,audit_app,งง: →181,2026-09-24T13:52:57+00:00
180/be_018sg_3_28.jpg,reassign,181,audit_app,งง: →181,2026-09-24T13:52:57+00:00
180/be_019sg_8_131.jpg,reassign,181,audit_app,งง: →181,2026-09-24T13:52:57+00:00
180/bl_004sg_7_145.jpg,reassign,181,audit_app,งง: →181,2026-09-24T13:52:57+00:00
180/bl_009sg_3_400.jpg,reassign,164,audit_app,san: →164,2026-09-24T13:52:57+00:00
181/bc_009sg_2_196.jpg,reassign,164,audit_app,san: →164,2026-09-24T13:52:57+00:00
181/bc_011sg_6_125.jpg,reassign,164,audit_app,san: →164,2026-09-24T13:52:57+00:00
181/bc_017sg_3_261.jpg,reassign,180,audit_app,งง: →180,2026-09-24T13:52:57+00:00
181/bc_018sg_3_56.jpg,reassign,164,audit_app,san: →164,2026-09-24T13:52:57+00:00
181/bc_018sg_3_93.jpg,reassign,164,audit_app,san: →164,2026-09-24T13:52:57+00:00
181/be_002sg_7_156.jpg,reassign,180,audit_app,san: →180,2026-09-24T13:52:57+00:00
181/be_006sg_1_62.jpg,reassign,180,audit_app,san: →180,2026-09-24T13:52:57+00:00
181/be_007sg_5_18.jpg,reassign,180,audit_app,งง: →180,2026-09-24T13:52:57+00:00
181/be_007sg_7_34.jpg,reassign,180,audit_app,งง: →180,2026-09-24T13:52:57+00:00
181/be_011sg_1_42.jpg,reassign,180,audit_app,งง: →180,2026-09-24T13:52:57+00:00
181/be_011sg_2_330.jpg,reassign,180,audit_app,งง: →180,2026-09-24T13:52:57+00:00
181/be_012sg_4_229.jpg,reassign,180,audit_app,งง: →180,2026-09-24T13:52:57+00:00
181/be_013tg_3_23.jpg,reassign,180,audit_app,งง: →180,2026-09-24T13:52:57+00:00
181/be_014sg_2_483.jpg,reassign,180,audit_app,งง: →180,2026-09-24T13:52:57+00:00
181/be_015sg_1_106.jpg,reassign,180,audit_app,งง: →180,2026-09-24T13:52:57+00:00
181/be_015sg_2_152.jpg,reassign,180,audit_app,"san: →180, งง: →180",2026-09-24T13:52:57+00:00
181/be_015sg_2_173.jpg,reassign,180,audit_app,"san: →180, งง: →180",2026-09-24T13:52:57+00:00
181/be_017sg_7_18.jpg,reassign,180,audit_app,san: →180,2026-09-24T13:52:57+00:00
181/be_018sg_6_2.jpg,reassign,180,audit_app,san: →180,2026-09-24T13:52:57+00:00
181/be_018sg_8_13.jpg,reassign,180,audit_app,san: →180,2026-09-24T13:52:57+00:00
181/bl_007tg_8_394.jpg,reassign,164,audit_app,san: →164,2026-09-24T13:52:57+00:00
181/bl_009sg_3_118.jpg,reassign,164,audit_app,งง: →164,2026-09-24T13:52:57+00:00
181/bl_011sg_4_338.jpg,reassign,164,audit_app,งง: →164,2026-09-24T13:52:57+00:00
181/bl_011tg_4_198.jpg,reassign,164,audit_app,งง: →164,2026-09-24T13:52:57+00:00
182/bc_020sg_4_22.jpg,reassign,161,audit_app,san: →161,2026-09-24T13:52:57+00:00
182/be_015sg_1_278.jpg,reassign,197,audit_app,งง: →197,2026-09-24T13:52:57+00:00
183/bc_004tg_3_190.jpg,reassign,203,audit_app,san: →203,2026-09-24T13:52:57+00:00
183/bc_008sg_8_455.jpg,drop,,audit_app,งง: drop,2026-09-24T13:52:57+00:00
183/bc_011sg_3_196.jpg,drop,,audit_app,งง: drop,2026-09-24T13:52:57+00:00
183/be_002sg_9_222.jpg,reassign,190,audit_app,งง: →190,2026-09-24T13:52:57+00:00
183/be_004sg_2_182.jpg,reassign,190,audit_app,งง: →190,2026-09-24T13:52:57+00:00
183/be_004sg_7_217.jpg,reassign,190,audit_app,งง: →190,2026-09-24T13:52:57+00:00
183/be_005sg_5_483.jpg,reassign,190,audit_app,งง: →190,2026-09-24T13:52:57+00:00
183/be_008sg_5_139.jpg,reassign,190,audit_app,san: →190,2026-09-24T13:52:57+00:00
183/be_008sg_5_198.jpg,reassign,190,audit_app,งง: →190,2026-09-24T13:52:57+00:00
183/be_008sg_5_312.jpg,reassign,190,audit_app,งง: →190,2026-09-24T13:52:57+00:00
183/be_009sg_4_263.jpg,reassign,190,audit_app,งง: →190,2026-09-24T13:52:57+00:00
183/be_013sg_1_104.jpg,reassign,190,audit_app,งง: →190,2026-09-24T13:52:57+00:00
183/be_013sg_2_233.jpg,reassign,190,audit_app,งง: →190,2026-09-24T13:52:57+00:00
183/be_016sg_8_121.jpg,reassign,190,audit_app,งง: →190,2026-09-24T13:52:57+00:00
183/be_018sg_3_262.jpg,reassign,190,audit_app,งง: →190,2026-09-24T13:52:57+00:00
183/be_018sg_3_278.jpg,reassign,190,audit_app,งง: →190,2026-09-24T13:52:57+00:00
183/be_018sg_3_75.jpg,reassign,190,audit_app,งง: →190,2026-09-24T13:52:57+00:00
183/bl_006tg_8_380.jpg,reassign,190,audit_app,งง: →190,2026-09-24T13:52:57+00:00
185/bc_008tg_14_291.jpg,reassign,209,audit_app,งง: →209,2026-09-24T13:52:57+00:00
185/bc_011sg_1_16.jpg,reassign,193,audit_app,งง: →193,2026-09-24T13:52:57+00:00
185/bc_018sg_4_27.jpg,reassign,193,audit_app,งง: →193,2026-09-24T13:52:57+00:00
185/be_007sg_3_86.jpg,reassign,193,audit_app,งง: →193,2026-09-24T13:52:57+00:00
186/bc_001sg_9_293.jpg,reassign,187,audit_app,san: →187,2026-09-24T13:52:57+00:00
186/bc_002sg_4_153.jpg,reassign,187,audit_app,san: →187,2026-09-24T13:52:57+00:00
186/bc_014sg_6_340.jpg,reassign,193,audit_app,san: →193,2026-09-24T13:52:57+00:00
186/bc_020sg_4_6.jpg,drop,,audit_app,งง: drop,2026-09-24T13:52:57+00:00
186/be_003sg_7_105.jpg,reassign,185,audit_app,san: →185,2026-09-24T13:52:57+00:00
186/be_003sg_9_303.jpg,reassign,185,audit_app,san: →185,2026-09-24T13:52:57+00:00
186/be_003tg_4_200.jpg,reassign,185,audit_app,san: →185,2026-09-24T13:52:57+00:00
186/be_007sg_7_143.jpg,reassign,185,audit_app,san: →185,2026-09-24T13:52:57+00:00
186/be_008sg_7_87.jpg,reassign,193,audit_app,san: →193,2026-09-24T13:52:57+00:00
186/be_008tg_4_98.jpg,reassign,185,audit_app,san: →185,2026-09-24T13:52:57+00:00
186/be_008tg_7_78.jpg,reassign,185,audit_app,san: →185,2026-09-24T13:52:57+00:00
186/be_011sg_4_18.jpg,reassign,185,audit_app,san: →185,2026-09-24T13:52:57+00:00
186/be_013sg_1_358.jpg,reassign,185,audit_app,san: →185,2026-09-24T13:52:57+00:00
186/be_013sg_1_395.jpg,reassign,201,audit_app,san: →201,2026-09-24T13:52:57+00:00
186/be_013sg_2_68.jpg,reassign,185,audit_app,"san: →185, งง: →185",2026-09-24T13:52:57+00:00
186/be_013sg_5_37.jpg,reassign,185,audit_app,san: →185,2026-09-24T13:52:57+00:00
186/be_017sg_7_260.jpg,reassign,185,audit_app,san: →185,2026-09-24T13:52:57+00:00
186/be_018sg_6_37.jpg,reassign,193,audit_app,"san: →193, งง: →193",2026-09-24T13:52:57+00:00
186/be_020sg_2_343.jpg,reassign,201,audit_app,งง: →201,2026-09-24T13:52:57+00:00
187/bc_004tg_3_442.jpg,reassign,170,audit_app,san: →170,2026-09-24T13:52:57+00:00
187/bc_008sg_8_111.jpg,drop,,audit_app,san: drop,2026-09-24T13:52:57+00:00
187/bc_008sg_8_383.jpg,drop,,audit_app,san: drop,2026-09-24T13:52:57+00:00
187/bc_011tg_3_316.jpg,drop,,audit_app,san: drop,2026-09-24T13:52:57+00:00
187/bc_014sg_6_127.jpg,drop,,audit_app,san: drop,2026-09-24T13:52:57+00:00
187/bc_018sg_4_249.jpg,drop,,audit_app,san: drop,2026-09-24T13:52:57+00:00
187/bc_020sg_4_302.jpg,drop,,audit_app,san: drop,2026-09-24T13:52:57+00:00
187/be_006sg_4_191.jpg,drop,,audit_app,san: drop,2026-09-24T13:52:57+00:00
190/bc_011sg_1_46.jpg,drop,,audit_app,san: drop,2026-09-24T13:52:57+00:00
193/bc_005sg_4_239.jpg,reassign,186,audit_app,san: →186,2026-09-24T13:52:57+00:00
193/bc_012sg_4_85.jpg,reassign,233,audit_app,san: →233,2026-09-24T13:52:57+00:00
193/be_002sg_9_351.jpg,reassign,209,audit_app,san: →209,2026-09-24T13:52:57+00:00
193/be_004sg_4_19.jpg,reassign,209,audit_app,san: →209,2026-09-24T13:52:57+00:00
193/bl_005tg_3_58.jpg,reassign,233,audit_app,san: →233,2026-09-24T13:52:57+00:00
193/bl_010sg_6_411.jpg,reassign,186,audit_app,san: →186,2026-09-24T13:52:57+00:00
194/bc_007sg_3_89.jpg,drop,,audit_app,san: drop,2026-09-24T13:52:57+00:00
194/bc_014sg_6_299.jpg,reassign,187,audit_app,งง: →187,2026-09-24T13:52:57+00:00
194/bc_014sg_6_421.jpg,reassign,187,audit_app,งง: →187,2026-09-24T13:52:57+00:00
194/bc_015sg_5_215.jpg,reassign,187,audit_app,งง: →187,2026-09-24T13:52:57+00:00
194/bc_015sg_5_293.jpg,reassign,187,audit_app,งง: →187,2026-09-24T13:52:57+00:00
194/bc_018sg_3_91.jpg,reassign,187,audit_app,งง: →187,2026-09-24T13:52:57+00:00
194/bc_019sg_8_28.jpg,reassign,187,audit_app,งง: →187,2026-09-24T13:52:57+00:00
194/bc_020sg_4_39.jpg,drop,,audit_app,san: drop,2026-09-24T13:52:57+00:00
194/be_018tg_11_26.jpg,reassign,201,audit_app,san: →201,2026-09-24T13:52:57+00:00
194/be_019sg_4_32.jpg,reassign,201,audit_app,งง: →201,2026-09-24T13:52:57+00:00
194/bl_003sg_3_112.jpg,reassign,209,audit_app,งง: →209,2026-09-24T13:52:57+00:00
194/bl_003sg_3_159.jpg,reassign,209,audit_app,san: →209,2026-09-24T13:52:57+00:00
194/bl_003sg_6_33.jpg,reassign,205,audit_app,งง: →205,2026-09-24T13:52:57+00:00
194/bl_003tg_1_11.jpg,reassign,205,audit_app,"san: →205, งง: →205",2026-09-24T13:52:57+00:00
194/bl_008sg_3_347.jpg,drop,,audit_app,งง: drop,2026-09-24T13:52:57+00:00
195/bc_014tg_5_93.jpg,reassign,199,audit_app,งง: →199,2026-09-24T13:52:57+00:00
195/bc_014tg_6_179.jpg,reassign,199,audit_app,งง: →199,2026-09-24T13:52:57+00:00
195/bc_014tg_6_313.jpg,reassign,199,audit_app,งง: →199,2026-09-24T13:52:57+00:00
195/bc_015sg_3_112.jpg,reassign,232,audit_app,งง: →232,2026-09-24T13:52:57+00:00
195/bc_015tg_5_21.jpg,reassign,199,audit_app,งง: →199,2026-09-24T13:52:57+00:00
195/bc_015tg_5_60.jpg,reassign,199,audit_app,งง: →199,2026-09-24T13:52:57+00:00
195/bc_016sg_6_0.jpg,reassign,199,audit_app,งง: →199,2026-09-24T13:52:57+00:00
195/bc_016tg_3_21.jpg,reassign,199,audit_app,งง: →199,2026-09-24T13:52:57+00:00
195/bc_016tg_3_346.jpg,reassign,199,audit_app,งง: →199,2026-09-24T13:52:57+00:00
195/bc_017sg_5_73.jpg,drop,,audit_app,งง: drop,2026-09-24T13:52:57+00:00
195/bc_018sg_3_23.jpg,reassign,184,audit_app,งง: →184,2026-09-24T13:52:57+00:00
195/bc_018tg_3_62.jpg,reassign,199,audit_app,งง: →199,2026-09-24T13:52:57+00:00
195/bc_019tg_7_159.jpg,reassign,184,audit_app,งง: →184,2026-09-24T13:52:57+00:00
195/be_011tg_5_132.jpg,drop,,audit_app,งง: drop,2026-09-24T13:52:57+00:00
195/be_017sg_5_34.jpg,drop,,audit_app,งง: drop,2026-09-24T13:52:57+00:00
195/bl_004sg_10_14.jpg,reassign,184,audit_app,งง: →184,2026-09-24T13:52:57+00:00
195/ce_001sg_2_0.jpg,drop,,audit_app,งง: drop,2026-09-24T13:52:57+00:00
197/bc_004sg_5_26.jpg,reassign,180,audit_app,งง: →180,2026-09-24T13:52:57+00:00
197/bc_008tg_8_94.jpg,reassign,182,audit_app,งง: →182,2026-09-24T13:52:57+00:00
197/bc_012tg_2_185.jpg,reassign,240,audit_app,งง: →240,2026-09-24T13:52:57+00:00
197/bc_018sg_4_395.jpg,reassign,202,audit_app,งง: →202,2026-09-24T13:52:57+00:00
197/bc_020tg_4_166.jpg,drop,,audit_app,งง: drop,2026-09-24T13:52:57+00:00
197/be_002tg_7_119.jpg,reassign,182,audit_app,งง: →182,2026-09-24T13:52:57+00:00
197/bl_002sg_7_152.jpg,reassign,240,audit_app,งง: →240,2026-09-24T13:52:57+00:00
197/bl_002sg_7_153.jpg,reassign,240,audit_app,งง: →240,2026-09-24T13:52:57+00:00
197/bl_009sg_2_18.jpg,drop,,audit_app,งง: drop,2026-09-24T13:52:57+00:00
199/bc_011sg_1_11.jpg,reassign,195,audit_app,san: →195,2026-09-24T13:52:57+00:00
199/bc_011sg_1_3.jpg,reassign,195,audit_app,san: →195,2026-09-24T13:52:57+00:00
199/bc_011sg_1_6.jpg,reassign,195,audit_app,san: →195,2026-09-24T13:52:57+00:00
199/bc_020tg_3_17.jpg,reassign,195,audit_app,san: →195,2026-09-24T13:52:57+00:00
199/bc_020tg_3_195.jpg,reassign,195,audit_app,san: →195,2026-09-24T13:52:57+00:00
199/bc_020tg_3_431.jpg,drop,,audit_app,san: drop,2026-09-24T13:52:57+00:00
199/be_011sg_1_127.jpg,reassign,209,audit_app,san: →209,2026-09-24T13:52:57+00:00
199/bl_001sg_3_58.jpg,reassign,195,audit_app,san: →195,2026-09-24T13:52:57+00:00
199/bl_002sg_3_93.jpg,reassign,195,audit_app,san: →195,2026-09-24T13:52:57+00:00
199/bl_003tg_3_94.jpg,drop,,audit_app,san: drop,2026-09-24T13:52:57+00:00
199/bl_004sg_7_113.jpg,reassign,195,audit_app,san: →195,2026-09-24T13:52:57+00:00
199/bl_005sg_11_9.jpg,reassign,240,audit_app,san: →240,2026-09-24T13:52:57+00:00
199/bl_005sg_3_125.jpg,reassign,195,audit_app,san: →195,2026-09-24T13:52:57+00:00
199/bl_005sg_9_252.jpg,drop,,audit_app,san: drop,2026-09-24T13:52:57+00:00
199/bl_007sg_3_219.jpg,reassign,195,audit_app,san: →195,2026-09-24T13:52:57+00:00
200/bc_019sg_6_131.jpg,reassign,164,audit_app,งง: →164,2026-09-24T13:52:57+00:00
201/be_006sg_3_300.jpg,drop,,audit_app,งง: drop,2026-09-24T13:52:57+00:00
201/be_014tg_3_225.jpg,reassign,193,audit_app,งง: →193,2026-09-24T13:52:57+00:00
201/be_015tg_1_88.jpg,reassign,193,audit_app,งง: →193,2026-09-24T13:52:57+00:00
202/bc_014sg_3_45.jpg,reassign,197,audit_app,งง: →197,2026-09-24T13:52:57+00:00
202/bc_016tg_6_8.jpg,reassign,176,audit_app,งง: →176,2026-09-24T13:52:57+00:00
202/bc_018sg_4_194.jpg,reassign,197,audit_app,งง: →197,2026-09-24T13:52:57+00:00
202/bc_019sg_6_249.jpg,reassign,197,audit_app,งง: →197,2026-09-24T13:52:57+00:00
202/be_008sg_4_341.jpg,drop,,audit_app,งง: drop,2026-09-24T13:52:57+00:00
202/be_013tg_5_40.jpg,drop,,audit_app,งง: drop,2026-09-24T13:52:57+00:00
203/bc_002tg_10_187.jpg,reassign,183,audit_app,งง: →183,2026-09-24T13:52:57+00:00
203/bc_004sg_4_207.jpg,reassign,190,audit_app,งง: →190,2026-09-24T13:52:57+00:00
203/bc_004tg_4_312.jpg,reassign,183,audit_app,งง: →183,2026-09-24T13:52:57+00:00
205/bc_002sg_6_35.jpg,reassign,194,audit_app,งง: →194,2026-09-24T13:52:57+00:00
205/bc_002tg_5_142.jpg,reassign,197,audit_app,งง: →197,2026-09-24T13:52:57+00:00
205/bc_002tg_8_155.jpg,reassign,197,audit_app,งง: →197,2026-09-24T13:52:57+00:00
205/bc_004sg_3_259.jpg,drop,,audit_app,งง: drop,2026-09-24T13:52:57+00:00
205/bc_005sg_4_480.jpg,reassign,180,audit_app,งง: →180,2026-09-24T13:52:57+00:00
205/bc_007tg_3_138.jpg,reassign,180,audit_app,งง: →180,2026-09-24T13:52:57+00:00
205/bc_008tg_14_90.jpg,reassign,164,audit_app,งง: →164,2026-09-24T13:52:57+00:00
205/be_005sg_4_125.jpg,reassign,164,audit_app,งง: →164,2026-09-24T13:52:57+00:00
205/bl_008sg_2_9.jpg,drop,,audit_app,งง: drop,2026-09-24T13:52:57+00:00
205/bl_008sg_3_172.jpg,reassign,197,audit_app,งง: →197,2026-09-24T13:52:57+00:00
205/bl_009sg_3_149.jpg,drop,,audit_app,งง: drop,2026-09-24T13:52:57+00:00
209/bc_001sg_9_386.jpg,reassign,233,audit_app,งง: →233,2026-09-24T13:52:57+00:00
209/bc_002sg_5_217.jpg,reassign,233,audit_app,งง: →233,2026-09-24T13:52:57+00:00
209/bc_002sg_7_68.jpg,reassign,233,audit_app,งง: →233,2026-09-24T13:52:57+00:00
209/bc_002tg_10_28.jpg,reassign,233,audit_app,งง: →233,2026-09-24T13:52:57+00:00
209/bc_002tg_4_187.jpg,reassign,233,audit_app,"san: →233, งง: →233",2026-09-24T13:52:57+00:00
209/bc_002tg_5_313.jpg,reassign,233,audit_app,งง: →233,2026-09-24T13:52:57+00:00
209/bc_002tg_8_255.jpg,reassign,233,audit_app,งง: →233,2026-09-24T13:52:57+00:00
209/bc_004sg_3_63.jpg,reassign,233,audit_app,งง: →233,2026-09-24T13:52:57+00:00
209/bc_004sg_4_120.jpg,reassign,233,audit_app,งง: →233,2026-09-24T13:52:57+00:00
209/bc_004sg_4_2.jpg,reassign,233,audit_app,งง: →233,2026-09-24T13:52:57+00:00
209/bc_004sg_4_239.jpg,reassign,233,audit_app,งง: →233,2026-09-24T13:52:57+00:00
209/bc_005sg_4_409.jpg,drop,,audit_app,san: drop,2026-09-24T13:52:57+00:00
209/bc_005sg_8_102.jpg,drop,,audit_app,san: drop,2026-09-24T13:52:57+00:00
209/bc_005sg_8_53.jpg,reassign,233,audit_app,งง: →233,2026-09-24T13:52:57+00:00
209/bc_005tg_7_135.jpg,reassign,233,audit_app,งง: →233,2026-09-24T13:52:57+00:00
209/bc_006sg_3_241.jpg,reassign,233,audit_app,งง: →233,2026-09-24T13:52:57+00:00
209/bc_006sg_3_375.jpg,drop,,audit_app,san: drop,2026-09-24T13:52:57+00:00
209/bc_006tg_3_439.jpg,reassign,233,audit_app,งง: →233,2026-09-24T13:52:57+00:00
209/bc_007sg_5_159.jpg,reassign,233,audit_app,งง: →233,2026-09-24T13:52:57+00:00
209/bc_007tg_6_250.jpg,reassign,233,audit_app,"san: →233, งง: →233",2026-09-24T13:52:57+00:00
209/bc_008sg_11_21.jpg,drop,,audit_app,san: drop,2026-09-24T13:52:57+00:00
209/bc_012sg_2_300.jpg,reassign,233,audit_app,งง: →233,2026-09-24T13:52:57+00:00
209/bc_014sg_3_205.jpg,reassign,233,audit_app,งง: →233,2026-09-24T13:52:57+00:00
209/bc_014sg_3_353.jpg,reassign,233,audit_app,งง: →233,2026-09-24T13:52:57+00:00
209/bc_014sg_3_465.jpg,reassign,233,audit_app,san: →233,2026-09-24T13:52:57+00:00
209/bc_015sg_5_116.jpg,reassign,233,audit_app,งง: →233,2026-09-24T13:52:57+00:00
209/bc_015sg_5_82.jpg,reassign,233,audit_app,งง: →233,2026-09-24T13:52:57+00:00
209/bc_016sg_3_25.jpg,reassign,233,audit_app,san: →233,2026-09-24T13:52:57+00:00
209/bc_016sg_5_190.jpg,reassign,233,audit_app,san: →233,2026-09-24T13:52:57+00:00
209/bc_016sg_5_228.jpg,reassign,233,audit_app,งง: →233,2026-09-24T13:52:57+00:00
209/bc_016tg_3_327.jpg,reassign,233,audit_app,งง: →233,2026-09-24T13:52:57+00:00
209/bc_017sg_2_27.jpg,reassign,233,audit_app,งง: →233,2026-09-24T13:52:57+00:00
209/bc_017sg_5_48.jpg,reassign,233,audit_app,งง: →233,2026-09-24T13:52:57+00:00
209/bc_017sg_5_489.jpg,reassign,233,audit_app,งง: →233,2026-09-24T13:52:57+00:00
209/bc_017sg_5_76.jpg,reassign,233,audit_app,งง: →233,2026-09-24T13:52:57+00:00
209/bc_019sg_8_31.jpg,reassign,233,audit_app,งง: →233,2026-09-24T13:52:57+00:00
209/bc_020sg_3_256.jpg,reassign,233,audit_app,งง: →233,2026-09-24T13:52:57+00:00
209/be_001tg_5_34.jpg,drop,,audit_app,san: drop,2026-09-24T13:52:57+00:00
209/be_020tg_5_175.jpg,drop,,audit_app,san: drop,2026-09-24T13:52:57+00:00
209/be_002tg_10_162.jpg,reassign,233,audit_app,งง: →233,2026-09-24T13:52:57+00:00
209/be_008tg_6_143.jpg,drop,,audit_app,san: drop,2026-09-24T13:52:57+00:00
209/be_011tg_6_74.jpg,drop,,audit_app,san: drop,2026-09-24T13:52:57+00:00
209/be_012sg_4_487.jpg,reassign,233,audit_app,งง: →233,2026-09-24T13:52:57+00:00
209/be_013sg_2_432.jpg,drop,,audit_app,san: drop,2026-09-24T13:52:57+00:00
209/be_014sg_3_132.jpg,drop,,audit_app,san: drop,2026-09-24T13:52:57+00:00
209/be_016sg_9_337.jpg,reassign,233,audit_app,งง: →233,2026-09-24T13:52:57+00:00
209/bl_001sg_8_311.jpg,reassign,233,audit_app,งง: →233,2026-09-24T13:52:57+00:00
209/bl_001tg_8_31.jpg,reassign,233,audit_app,san: →233,2026-09-24T13:52:57+00:00
209/bl_001tg_9_158.jpg,drop,,audit_app,san: drop,2026-09-24T13:52:57+00:00
209/bl_002sg_10_132.jpg,reassign,233,audit_app,งง: →233,2026-09-24T13:52:57+00:00
209/bl_002sg_10_260.jpg,reassign,233,audit_app,san: →233,2026-09-24T13:52:57+00:00
209/bl_003sg_7_177.jpg,reassign,233,audit_app,งง: →233,2026-09-24T13:52:57+00:00
209/bl_003sg_7_412.jpg,reassign,233,audit_app,งง: →233,2026-09-24T13:52:57+00:00
209/bl_003tg_7_431.jpg,reassign,233,audit_app,san: →233,2026-09-24T13:52:57+00:00
209/bl_004sg_11_238.jpg,reassign,233,audit_app,งง: →233,2026-09-24T13:52:57+00:00
209/bl_005tg_7_92.jpg,reassign,233,audit_app,งง: →233,2026-09-24T13:52:57+00:00
209/bl_006sg_8_141.jpg,reassign,233,audit_app,san: →233,2026-09-24T13:52:57+00:00
209/bl_007sg_1_3.jpg,drop,,audit_app,san: drop,2026-09-24T13:52:57+00:00
209/bl_007tg_1_4.jpg,drop,,audit_app,งง: drop,2026-09-24T13:52:57+00:00
209/bl_008sg_3_144.jpg,reassign,233,audit_app,งง: →233,2026-09-24T13:52:57+00:00
209/bl_008sg_3_66.jpg,reassign,233,audit_app,งง: →233,2026-09-24T13:52:57+00:00
210/Copy of bc_008tg_11_118.jpg,reassign,168,audit_app,"san: →168, งง: →168, งเาะ: →168",2026-09-24T13:52:57+00:00
210/Copy of bc_008tg_11_168.jpg,reassign,168,audit_app,"san: →168, งง: →168, งเาะ: →168",2026-09-24T13:52:57+00:00
210/Copy of bc_008tg_11_3.jpg,reassign,168,audit_app,"san: →168, งง: →168, งเาะ: →168",2026-09-24T13:52:57+00:00
210/Copy of bc_008tg_11_31.jpg,reassign,168,audit_app,"san: →168, งง: →168, งเาะ: →168",2026-09-24T13:52:57+00:00
210/Copy of bc_008tg_8_312.jpg,reassign,168,audit_app,"san: →168, งง: →168, งเาะ: →168",2026-09-24T13:52:57+00:00
210/bc_004sg_3_106.jpg,reassign,168,audit_app,งเาะ: →168,2026-09-24T13:52:57+00:00
210/bc_004sg_3_25.jpg,reassign,230,audit_app,san: →230,2026-09-24T13:52:57+00:00
210/bc_005sg_8_17.jpg,reassign,168,audit_app,งเาะ: →168,2026-09-24T13:52:57+00:00
210/bc_007sg_5_153.jpg,reassign,168,audit_app,งเาะ: →168,2026-09-24T13:52:57+00:00
210/bc_007sg_6_155.jpg,drop,,audit_app,งเาะ: drop,2026-09-24T13:52:57+00:00
210/bc_008sg_13_21.jpg,reassign,229,audit_app,riri: →229,2026-09-24T13:52:57+00:00
210/bc_009sg_2_110.jpg,reassign,229,audit_app,riri: →229,2026-09-24T13:52:57+00:00
210/bc_012sg_4_274.jpg,reassign,229,audit_app,riri: →229,2026-09-24T13:52:57+00:00
210/bc_008sg_1_113.jpg,reassign,195,audit_app,งเาะ: →195,2026-09-24T13:52:57+00:00
210/bc_008sg_1_169.jpg,reassign,199,audit_app,งเาะ: →199,2026-09-24T13:52:57+00:00
210/bc_009sg_2_246.jpg,reassign,168,audit_app,"san: →168, งเาะ: →168",2026-09-24T13:52:57+00:00
210/bc_012sg_2_255.jpg,reassign,199,audit_app,งเาะ: →199,2026-09-24T13:52:57+00:00
210/bc_015tg_3_147.jpg,reassign,199,audit_app,งเาะ: →199,2026-09-24T13:52:57+00:00
210/bc_015tg_3_201.jpg,reassign,199,audit_app,งเาะ: →199,2026-09-24T13:52:57+00:00
210/bc_015tg_4_19.jpg,reassign,199,audit_app,งเาะ: →199,2026-09-24T13:52:57+00:00
210/bc_018sg_4_169.jpg,reassign,168,audit_app,งเาะ: →168,2026-09-24T13:52:57+00:00
210/bc_018sg_4_440.jpg,reassign,199,audit_app,"san: →199, งเาะ: →199",2026-09-24T13:52:57+00:00
210/bc_019sg_6_230.jpg,drop,,audit_app,riri: drop,2026-09-24T13:52:57+00:00
210/bc_019sg_6_303.jpg,drop,,audit_app,riri: drop,2026-09-24T13:52:57+00:00
210/bc_019sg_6_65.jpg,reassign,195,audit_app,"riri: →195, งเาะ: →195",2026-09-24T13:52:57+00:00
210/bc_019sg_8_380.jpg,drop,,audit_app,งง: drop,2026-09-24T13:52:57+00:00
210/bc_019tg_6_238.jpg,reassign,199,audit_app,"san: →199, งเาะ: →199",2026-09-24T13:52:57+00:00
210/bc_019tg_6_3.jpg,reassign,227,audit_app,งเาะ: →227,2026-09-24T13:52:57+00:00
210/bc_019tg_8_119.jpg,reassign,199,audit_app,san: →199,2026-09-24T13:52:57+00:00
210/bc_020sg_3_444.jpg,reassign,199,audit_app,riri: →199,2026-09-24T13:52:57+00:00
210/bc_020sg_4_85.jpg,reassign,199,audit_app,"san: →199, งเาะ: →199",2026-09-24T13:52:57+00:00
210/bc_020sg_7_50.jpg,reassign,195,audit_app,"san: →195, งเาะ: →195",2026-09-24T13:52:57+00:00
210/bc_020tg_2_21.jpg,reassign,216,audit_app,san: →216,2026-09-24T13:52:57+00:00
210/bc_020tg_3_117.jpg,reassign,168,audit_app,"san: →168, งง: →168, งเาะ: →168",2026-09-24T13:52:57+00:00
210/bc_020tg_3_131.jpg,reassign,199,audit_app,"san: →199, งเาะ: →199",2026-09-24T13:52:57+00:00
210/bc_020tg_3_138.jpg,reassign,199,audit_app,"san: →199, งเาะ: →199",2026-09-24T13:52:57+00:00
210/bc_020tg_3_14.jpg,drop,,audit_app,"san: unsure, งเาะ: drop",2026-09-24T13:52:57+00:00
210/bc_020tg_3_150.jpg,reassign,199,audit_app,"san: →199, งเาะ: →199",2026-09-24T13:52:57+00:00
210/bc_020tg_3_324.jpg,reassign,199,audit_app,"san: →199, งเาะ: →199",2026-09-24T13:52:57+00:00
210/bc_020tg_3_438.jpg,reassign,199,audit_app,"san: →199, งเาะ: →199",2026-09-24T13:52:57+00:00
210/bc_020tg_3_447.jpg,reassign,199,audit_app,"san: →199, งเาะ: →199",2026-09-24T13:52:57+00:00
210/bc_020tg_3_48.jpg,reassign,180,audit_app,"san: unsure, งเาะ: →180",2026-09-24T13:52:57+00:00
210/bc_020tg_3_6.jpg,drop,,audit_app,งเาะ: drop,2026-09-24T13:52:57+00:00
210/bc_020tg_3_84.jpg,drop,,audit_app,งเาะ: drop,2026-09-24T13:52:57+00:00
210/bc_020tg_4_158.jpg,reassign,199,audit_app,"san: →199, งเาะ: →199",2026-09-24T13:52:57+00:00
210/bc_020tg_4_214.jpg,drop,,audit_app,งเาะ: drop,2026-09-24T13:52:57+00:00
210/bc_020tg_4_24.jpg,drop,,audit_app,งเาะ: drop,2026-09-24T13:52:57+00:00
210/bc_020tg_4_245.jpg,drop,,audit_app,งเาะ: drop,2026-09-24T13:52:57+00:00
210/bc_020tg_4_28.jpg,drop,,audit_app,งเาะ: drop,2026-09-24T13:52:57+00:00
210/bc_020tg_4_349.jpg,drop,,audit_app,งเาะ: drop,2026-09-24T13:52:57+00:00
210/bc_020tg_4_414.jpg,reassign,199,audit_app,งเาะ: →199,2026-09-24T13:52:57+00:00
210/bc_020tg_7_116.jpg,drop,,audit_app,san: drop,2026-09-24T13:52:57+00:00
210/be_001sg_2_109.jpg,reassign,199,audit_app,san: →199,2026-09-24T13:52:57+00:00
210/be_001sg_2_131.jpg,drop,,audit_app,san: drop,2026-09-24T13:52:57+00:00
210/be_001sg_2_141.jpg,reassign,199,audit_app,งเาะ: →199,2026-09-24T13:52:57+00:00
210/be_001sg_2_182.jpg,reassign,199,audit_app,riri: →199,2026-09-24T13:52:57+00:00
210/be_001sg_2_199.jpg,reassign,199,audit_app,งเาะ: →199,2026-09-24T13:52:57+00:00
210/be_001sg_2_261.jpg,reassign,199,audit_app,งเาะ: →199,2026-09-24T13:52:57+00:00
210/be_001sg_2_343.jpg,reassign,199,audit_app,งเาะ: →199,2026-09-24T13:52:57+00:00
210/be_001sg_2_59.jpg,reassign,199,audit_app,งเาะ: →199,2026-09-24T13:52:57+00:00
210/be_001sg_2_83.jpg,reassign,199,audit_app,งเาะ: →199,2026-09-24T13:52:57+00:00
210/be_001sg_4_20.jpg,reassign,199,audit_app,งเาะ: →199,2026-09-24T13:52:57+00:00
210/be_001sg_4_74.jpg,reassign,229,audit_app,riri: →229,2026-09-24T13:52:57+00:00
210/be_001sg_5_150.jpg,reassign,199,audit_app,งเาะ: →199,2026-09-24T13:52:57+00:00
210/be_001sg_5_183.jpg,reassign,199,audit_app,งเาะ: →199,2026-09-24T13:52:57+00:00
210/be_001sg_5_199.jpg,reassign,199,audit_app,งเาะ: →199,2026-09-24T13:52:57+00:00
210/be_001sg_5_262.jpg,reassign,199,audit_app,san: →199,2026-09-24T13:52:57+00:00
210/be_001sg_5_66.jpg,reassign,199,audit_app,"riri: →199, งเาะ: →199",2026-09-24T13:52:57+00:00
210/be_001tg_2_109.jpg,reassign,199,audit_app,งเาะ: →199,2026-09-24T13:52:57+00:00
210/be_001tg_2_141.jpg,reassign,199,audit_app,san: →199,2026-09-24T13:52:57+00:00
210/be_001tg_2_182.jpg,reassign,199,audit_app,งเาะ: →199,2026-09-24T13:52:57+00:00
210/be_001tg_2_199.jpg,reassign,199,audit_app,san: →199,2026-09-24T13:52:57+00:00
210/be_001tg_2_259.jpg,reassign,199,audit_app,san: →199,2026-09-24T13:52:57+00:00
210/be_001tg_2_341.jpg,reassign,199,audit_app,san: →199,2026-09-24T13:52:57+00:00
210/be_001tg_2_59.jpg,reassign,199,audit_app,งเาะ: →199,2026-09-24T13:52:57+00:00
210/be_001tg_2_72.jpg,reassign,199,audit_app,san: →199,2026-09-24T13:52:57+00:00
210/be_001tg_2_83.jpg,reassign,199,audit_app,งเาะ: →199,2026-09-24T13:52:57+00:00
210/be_001tg_4_2.jpg,reassign,199,audit_app,งเาะ: →199,2026-09-24T13:52:57+00:00
210/be_001tg_4_20.jpg,reassign,199,audit_app,งเาะ: →199,2026-09-24T13:52:57+00:00
210/be_001tg_5_132.jpg,drop,,audit_app,งเาะ: drop,2026-09-24T13:52:57+00:00
210/be_001tg_5_150.jpg,reassign,199,audit_app,งเาะ: →199,2026-09-24T13:52:57+00:00
210/be_001tg_5_186.jpg,reassign,199,audit_app,งเาะ: →199,2026-09-24T13:52:57+00:00
210/be_001tg_5_203.jpg,reassign,199,audit_app,งเาะ: →199,2026-09-24T13:52:57+00:00
210/be_001tg_5_269.jpg,reassign,199,audit_app,san: →199,2026-09-24T13:52:57+00:00
210/be_001tg_5_56.jpg,reassign,199,audit_app,san: →199,2026-09-24T13:52:57+00:00
210/be_001tg_5_67.jpg,reassign,199,audit_app,"งง: →199, งเาะ: →199",2026-09-24T13:52:57+00:00
210/be_001tg_5_72.jpg,reassign,199,audit_app,งเาะ: →199,2026-09-24T13:52:57+00:00
210/be_002sg_5_100.jpg,reassign,227,audit_app,งเาะ: →227,2026-09-24T13:52:57+00:00
210/be_002sg_5_5.jpg,reassign,227,audit_app,งเาะ: →227,2026-09-24T13:52:57+00:00
210/be_002sg_5_89.jpg,reassign,199,audit_app,"งง: →199, งเาะ: →199",2026-09-24T13:52:57+00:00
210/be_002sg_6_201.jpg,reassign,199,audit_app,งเาะ: →199,2026-09-24T13:52:57+00:00
210/be_002sg_6_260.jpg,reassign,227,audit_app,งเาะ: →227,2026-09-24T13:52:57+00:00
210/be_002sg_6_45.jpg,reassign,229,audit_app,riri: →229,2026-09-24T13:52:57+00:00
210/be_002sg_7_125.jpg,reassign,227,audit_app,งเาะ: →227,2026-09-24T13:52:57+00:00
210/be_002sg_7_213.jpg,reassign,227,audit_app,งเาะ: →227,2026-09-24T13:52:57+00:00
210/be_002sg_7_290.jpg,reassign,229,audit_app,riri: →229,2026-09-24T13:52:57+00:00
210/be_015sg_1_285.jpg,reassign,229,audit_app,riri: →229,2026-09-24T13:52:57+00:00
210/be_002sg_7_321.jpg,reassign,229,audit_app,riri: →229,2026-09-24T13:52:57+00:00
210/be_002sg_7_89.jpg,drop,,audit_app,งเาะ: drop,2026-09-24T13:52:57+00:00
210/be_002sg_7_9.jpg,reassign,227,audit_app,งเาะ: →227,2026-09-24T13:52:57+00:00
210/be_002sg_9_170.jpg,drop,,audit_app,งเาะ: drop,2026-09-24T13:52:57+00:00
210/be_002sg_9_204.jpg,reassign,227,audit_app,งเาะ: →227,2026-09-24T13:52:57+00:00
210/be_002sg_9_71.jpg,reassign,227,audit_app,งเาะ: →227,2026-09-24T13:52:57+00:00
210/be_002sg_9_75.jpg,reassign,229,audit_app,riri: →229,2026-09-24T13:52:57+00:00
210/be_005sg_4_91.jpg,reassign,229,audit_app,riri: →229,2026-09-24T13:52:57+00:00
210/be_017sg_7_239.jpg,reassign,229,audit_app,riri: →229,2026-09-24T13:52:57+00:00
210/be_020sg_2_44.jpg,reassign,229,audit_app,riri: →229,2026-09-24T13:52:57+00:00
210/be_002tg_10_176.jpg,reassign,199,audit_app,งเาะ: →199,2026-09-24T13:52:57+00:00
210/be_002tg_10_78.jpg,reassign,228,audit_app,"san: →228, งเาะ: →228",2026-09-24T13:52:57+00:00
210/be_002tg_4_34.jpg,reassign,199,audit_app,งเาะ: →199,2026-09-24T13:52:57+00:00
210/be_002tg_6_0.jpg,reassign,199,audit_app,งเาะ: →199,2026-09-24T13:52:57+00:00
210/be_002tg_6_129.jpg,reassign,229,audit_app,"riri: →229, งง: →229",2026-09-24T13:52:57+00:00
210/be_002tg_6_163.jpg,reassign,199,audit_app,งเาะ: →199,2026-09-24T13:52:57+00:00
210/be_002tg_7_105.jpg,reassign,199,audit_app,งเาะ: →199,2026-09-24T13:52:57+00:00
210/be_002tg_7_113.jpg,reassign,199,audit_app,งเาะ: →199,2026-09-24T13:52:57+00:00
210/be_002tg_7_170.jpg,reassign,199,audit_app,งเาะ: →199,2026-09-24T13:52:57+00:00
210/be_002tg_7_200.jpg,reassign,199,audit_app,งเาะ: →199,2026-09-24T13:52:57+00:00
210/be_002tg_7_273.jpg,drop,,audit_app,งเาะ: drop,2026-09-24T13:52:57+00:00
210/be_002tg_7_325.jpg,reassign,229,audit_app,riri: →229,2026-09-24T13:52:57+00:00
210/be_002tg_7_344.jpg,reassign,195,audit_app,"san: →195, งเาะ: →195",2026-09-24T13:52:57+00:00
210/be_002tg_7_353.jpg,reassign,199,audit_app,riri: →199,2026-09-24T13:52:57+00:00
210/be_002tg_9_225.jpg,reassign,199,audit_app,งเาะ: →199,2026-09-24T13:52:57+00:00
210/be_002tg_9_44.jpg,reassign,199,audit_app,งเาะ: →199,2026-09-24T13:52:57+00:00
210/be_002tg_9_465.jpg,reassign,199,audit_app,งเาะ: →199,2026-09-24T13:52:57+00:00
210/be_003sg_4_118.jpg,reassign,227,audit_app,งเาะ: →227,2026-09-24T13:52:57+00:00
210/be_003sg_4_167.jpg,reassign,199,audit_app,งเาะ: →199,2026-09-24T13:52:57+00:00
210/be_020sg_2_453.jpg,reassign,199,audit_app,งเาะ: →199,2026-09-24T13:52:57+00:00
210/be_003sg_4_440.jpg,reassign,227,audit_app,"san: →227, งเาะ: →227",2026-09-24T13:52:57+00:00
210/be_003sg_4_443.jpg,reassign,227,audit_app,งเาะ: →227,2026-09-24T13:52:57+00:00
210/be_018sg_9_46.jpg,reassign,227,audit_app,งเาะ: →227,2026-09-24T13:52:57+00:00
210/be_003sg_4_75.jpg,reassign,227,audit_app,งเาะ: →227,2026-09-24T13:52:57+00:00
210/be_003sg_6_21.jpg,reassign,227,audit_app,งเาะ: →227,2026-09-24T13:52:57+00:00
210/be_003sg_6_29.jpg,reassign,227,audit_app,งเาะ: →227,2026-09-24T13:52:57+00:00
210/be_003sg_7_24.jpg,reassign,227,audit_app,งเาะ: →227,2026-09-24T13:52:57+00:00
210/be_003sg_7_77.jpg,reassign,227,audit_app,งเาะ: →227,2026-09-24T13:52:57+00:00
210/be_003sg_9_135.jpg,reassign,227,audit_app,งเาะ: →227,2026-09-24T13:52:57+00:00
210/be_003sg_9_166.jpg,reassign,227,audit_app,งเาะ: →227,2026-09-24T13:52:57+00:00
210/be_003sg_9_24.jpg,reassign,229,audit_app,riri: →229,2026-09-24T13:52:57+00:00
210/be_013sg_1_137.jpg,reassign,229,audit_app,riri: →229,2026-09-24T13:52:57+00:00
210/be_014sg_4_6.jpg,reassign,229,audit_app,riri: →229,2026-09-24T13:52:57+00:00
210/be_017sg_7_379.jpg,reassign,229,audit_app,riri: →229,2026-09-24T13:52:57+00:00
210/be_003sg_9_25.jpg,reassign,227,audit_app,งเาะ: →227,2026-09-24T13:52:57+00:00
210/be_003tg_2_111.jpg,reassign,199,audit_app,งเาะ: →199,2026-09-24T13:52:57+00:00
210/be_003tg_2_128.jpg,reassign,199,audit_app,งเาะ: →199,2026-09-24T13:52:57+00:00
210/be_003tg_2_14.jpg,reassign,199,audit_app,งเาะ: →199,2026-09-24T13:52:57+00:00
210/be_003tg_2_32.jpg,reassign,199,audit_app,งเาะ: →199,2026-09-24T13:52:57+00:00
210/be_003tg_4_127.jpg,reassign,199,audit_app,งเาะ: →199,2026-09-24T13:52:57+00:00
210/be_003tg_4_169.jpg,reassign,199,audit_app,งเาะ: →199,2026-09-24T13:52:57+00:00
210/be_003tg_4_188.jpg,reassign,199,audit_app,งเาะ: →199,2026-09-24T13:52:57+00:00
210/be_003tg_4_241.jpg,reassign,229,audit_app,riri: →229,2026-09-24T13:52:57+00:00
210/be_003tg_4_248.jpg,reassign,199,audit_app,san: →199,2026-09-24T13:52:57+00:00
210/be_003tg_4_3.jpg,reassign,199,audit_app,งเาะ: →199,2026-09-24T13:52:57+00:00
210/be_003tg_4_370.jpg,reassign,199,audit_app,งเาะ: →199,2026-09-24T13:52:57+00:00
210/be_003tg_4_394.jpg,reassign,199,audit_app,san: →199,2026-09-24T13:52:57+00:00
210/be_003tg_4_468.jpg,reassign,199,audit_app,งเาะ: →199,2026-09-24T13:52:57+00:00
210/be_003tg_4_74.jpg,reassign,199,audit_app,งเาะ: →199,2026-09-24T13:52:57+00:00
210/be_003tg_8_128.jpg,reassign,199,audit_app,งเาะ: →199,2026-09-24T13:52:57+00:00
210/be_003tg_8_164.jpg,reassign,199,audit_app,งเาะ: →199,2026-09-24T13:52:57+00:00
210/be_003tg_8_18.jpg,reassign,199,audit_app,งเาะ: →199,2026-09-24T13:52:57+00:00
210/be_003tg_8_209.jpg,reassign,199,audit_app,งเาะ: →199,2026-09-24T13:52:57+00:00
210/be_003tg_8_214.jpg,reassign,199,audit_app,งเาะ: →199,2026-09-24T13:52:57+00:00
210/be_003tg_8_224.jpg,reassign,199,audit_app,งเาะ: →199,2026-09-24T13:52:57+00:00
210/be_003tg_8_338.jpg,reassign,199,audit_app,งเาะ: →199,2026-09-24T13:52:57+00:00
210/be_003tg_8_342.jpg,reassign,199,audit_app,งเาะ: →199,2026-09-24T13:52:57+00:00
210/be_003tg_8_368.jpg,reassign,199,audit_app,san: →199,2026-09-24T13:52:57+00:00
210/be_003tg_8_443.jpg,reassign,199,audit_app,san: →199,2026-09-24T13:52:57+00:00
210/be_003tg_8_85.jpg,reassign,199,audit_app,งเาะ: →199,2026-09-24T13:52:57+00:00
210/be_003tg_9_122.jpg,reassign,199,audit_app,งเาะ: →199,2026-09-24T13:52:57+00:00
210/be_003tg_9_13.jpg,reassign,199,audit_app,งเาะ: →199,2026-09-24T13:52:57+00:00
210/be_003tg_9_144.jpg,reassign,199,audit_app,riri: →199,2026-09-24T13:52:57+00:00
210/be_003tg_9_150.jpg,reassign,199,audit_app,งเาะ: →199,2026-09-24T13:52:57+00:00
210/be_003tg_9_154.jpg,reassign,199,audit_app,san: →199,2026-09-24T13:52:57+00:00
210/be_003tg_9_229.jpg,reassign,199,audit_app,งเาะ: →199,2026-09-24T13:52:57+00:00
210/be_003tg_9_237.jpg,reassign,199,audit_app,san: →199,2026-09-24T13:52:57+00:00
210/be_003tg_9_63.jpg,reassign,199,audit_app,งเาะ: →199,2026-09-24T13:52:57+00:00
210/be_004sg_2_128.jpg,reassign,227,audit_app,san: →227,2026-09-24T13:52:57+00:00
210/be_004sg_2_141.jpg,reassign,229,audit_app,riri: →229,2026-09-24T13:52:57+00:00
210/be_004sg_2_230.jpg,reassign,229,audit_app,riri: →229,2026-09-24T13:52:57+00:00
210/be_011sg_1_202.jpg,reassign,229,audit_app,riri: →229,2026-09-24T13:52:57+00:00
210/be_013sg_1_30.jpg,reassign,229,audit_app,riri: →229,2026-09-24T13:52:57+00:00
210/be_013sg_2_229.jpg,reassign,229,audit_app,riri: →229,2026-09-24T13:52:57+00:00
210/be_004sg_2_17.jpg,reassign,229,audit_app,riri: →229,2026-09-24T13:52:57+00:00
210/be_004sg_2_171.jpg,reassign,199,audit_app,riri: →199,2026-09-24T13:52:57+00:00
210/be_004sg_2_197.jpg,reassign,227,audit_app,งเาะ: →227,2026-09-24T13:52:57+00:00
210/be_004sg_2_29.jpg,reassign,199,audit_app,งเาะ: →199,2026-09-24T13:52:57+00:00
210/be_004sg_2_372.jpg,reassign,199,audit_app,งเาะ: →199,2026-09-24T13:52:57+00:00
210/be_004sg_2_38.jpg,reassign,227,audit_app,งเาะ: →227,2026-09-24T13:52:57+00:00
210/be_004sg_2_43.jpg,reassign,229,audit_app,riri: →229,2026-09-24T13:52:57+00:00
210/be_004sg_4_138.jpg,reassign,227,audit_app,งเาะ: →227,2026-09-24T13:52:57+00:00
210/be_004sg_6_7.jpg,reassign,227,audit_app,งเาะ: →227,2026-09-24T13:52:57+00:00
210/be_004sg_7_0.jpg,reassign,227,audit_app,งเาะ: →227,2026-09-24T13:52:57+00:00
210/be_004sg_7_131.jpg,reassign,229,audit_app,riri: →229,2026-09-24T13:52:57+00:00
210/be_018sg_7_265.jpg,reassign,229,audit_app,riri: →229,2026-09-24T13:52:57+00:00
210/be_004sg_7_17.jpg,reassign,227,audit_app,งเาะ: →227,2026-09-24T13:52:57+00:00
210/be_004sg_7_172.jpg,reassign,227,audit_app,san: →227,2026-09-24T13:52:57+00:00
210/be_004sg_7_309.jpg,reassign,199,audit_app,งเาะ: →199,2026-09-24T13:52:57+00:00
210/be_004sg_7_444.jpg,reassign,229,audit_app,งเาะ: →229,2026-09-24T13:52:57+00:00
210/be_007sg_7_262.jpg,reassign,229,audit_app,งเาะ: →229,2026-09-24T13:52:57+00:00
210/be_013sg_2_321.jpg,reassign,229,audit_app,งเาะ: →229,2026-09-24T13:52:57+00:00
210/be_015sg_2_298.jpg,reassign,229,audit_app,งเาะ: →229,2026-09-24T13:52:57+00:00
210/be_004sg_7_481.jpg,reassign,227,audit_app,riri: →227,2026-09-24T13:52:57+00:00
210/be_004tg_2_126.jpg,reassign,199,audit_app,งเาะ: →199,2026-09-24T13:52:57+00:00
210/be_014tg_2_411.jpg,reassign,199,audit_app,งเาะ: →199,2026-09-24T13:52:57+00:00
210/be_004tg_2_171.jpg,reassign,199,audit_app,งเาะ: →199,2026-09-24T13:52:57+00:00
210/be_020tg_2_478.jpg,reassign,199,audit_app,งเาะ: →199,2026-09-24T13:52:57+00:00
210/be_004tg_2_191.jpg,reassign,199,audit_app,งเาะ: →199,2026-09-24T13:52:57+00:00
210/be_004tg_2_251.jpg,reassign,199,audit_app,งเาะ: →199,2026-09-24T13:52:57+00:00
210/be_004tg_2_368.jpg,reassign,199,audit_app,งเาะ: →199,2026-09-24T13:52:57+00:00
210/be_004tg_2_372.jpg,reassign,199,audit_app,งเาะ: →199,2026-09-24T13:52:57+00:00
210/be_004tg_2_99.jpg,reassign,199,audit_app,งเาะ: →199,2026-09-24T13:52:57+00:00
210/be_004tg_4_138.jpg,drop,,audit_app,งเาะ: drop,2026-09-24T13:52:57+00:00
210/be_004tg_4_226.jpg,reassign,199,audit_app,งเาะ: →199,2026-09-24T13:52:57+00:00
210/be_004tg_4_34.jpg,reassign,199,audit_app,งเาะ: →199,2026-09-24T13:52:57+00:00
210/be_004tg_6_113.jpg,reassign,199,audit_app,งเาะ: →199,2026-09-24T13:52:57+00:00
210/be_004tg_6_128.jpg,reassign,199,audit_app,งเาะ: →199,2026-09-24T13:52:57+00:00
210/be_004tg_6_143.jpg,reassign,199,audit_app,riri: →199,2026-09-24T13:52:57+00:00
210/be_004tg_6_164.jpg,reassign,199,audit_app,san: →199,2026-09-24T13:52:57+00:00
210/be_004tg_6_256.jpg,reassign,199,audit_app,san: →199,2026-09-24T13:52:57+00:00
210/be_004tg_6_301.jpg,reassign,199,audit_app,งเาะ: →199,2026-09-24T13:52:57+00:00
210/be_004tg_6_312.jpg,reassign,199,audit_app,งเาะ: →199,2026-09-24T13:52:57+00:00
210/be_004tg_6_389.jpg,reassign,199,audit_app,งเาะ: →199,2026-09-24T13:52:57+00:00
210/be_004tg_6_46.jpg,reassign,199,audit_app,งเาะ: →199,2026-09-24T13:52:57+00:00
210/be_004tg_6_463.jpg,reassign,199,audit_app,"san: →199, งเาะ: →199",2026-09-24T13:52:57+00:00
210/be_004tg_6_476.jpg,reassign,199,audit_app,riri: →199,2026-09-24T13:52:57+00:00
210/be_004tg_6_51.jpg,reassign,199,audit_app,san: →199,2026-09-24T13:52:57+00:00
210/be_004tg_6_55.jpg,reassign,199,audit_app,san: →199,2026-09-24T13:52:57+00:00
210/be_004tg_6_72.jpg,reassign,199,audit_app,งเาะ: →199,2026-09-24T13:52:57+00:00
210/be_004tg_7_92.jpg,reassign,199,audit_app,riri: →199,2026-09-24T13:52:57+00:00
210/be_005sg_2_186.jpg,reassign,199,audit_app,งเาะ: →199,2026-09-24T13:52:57+00:00
210/be_005sg_2_195.jpg,reassign,227,audit_app,san: →227,2026-09-24T13:52:57+00:00
210/be_005sg_2_267.jpg,reassign,227,audit_app,งเาะ: →227,2026-09-24T13:52:57+00:00
210/be_005sg_2_28.jpg,reassign,199,audit_app,"san: →199, งง: →199",2026-09-24T13:52:57+00:00
210/be_005sg_2_59.jpg,reassign,227,audit_app,งเาะ: →227,2026-09-24T13:52:57+00:00
210/be_005sg_3_149.jpg,reassign,227,audit_app,riri: →227,2026-09-24T13:52:57+00:00
210/be_005sg_3_161.jpg,reassign,229,audit_app,riri: →229,2026-09-24T13:52:57+00:00
210/be_005sg_3_90.jpg,reassign,227,audit_app,riri: →227,2026-09-24T13:52:57+00:00
210/be_005sg_4_127.jpg,reassign,229,audit_app,riri: →229,2026-09-24T13:52:57+00:00
210/be_018sg_6_290.jpg,reassign,229,audit_app,riri: →229,2026-09-24T13:52:57+00:00
210/be_018sg_7_207.jpg,reassign,229,audit_app,riri: →229,2026-09-24T13:52:57+00:00
210/be_006sg_1_454.jpg,reassign,229,audit_app,riri: →229,2026-09-24T13:52:57+00:00
210/be_006sg_3_473.jpg,reassign,229,audit_app,riri: →229,2026-09-24T13:52:57+00:00
210/be_006sg_4_361.jpg,reassign,229,audit_app,riri: →229,2026-09-24T13:52:57+00:00
210/be_006tg_1_231.jpg,reassign,199,audit_app,งเาะ: →199,2026-09-24T13:52:57+00:00
210/be_006tg_1_289.jpg,reassign,199,audit_app,งเาะ: →199,2026-09-24T13:52:57+00:00
210/be_006tg_1_313.jpg,reassign,199,audit_app,san: →199,2026-09-24T13:52:57+00:00
210/be_006tg_1_322.jpg,reassign,199,audit_app,งเาะ: →199,2026-09-24T13:52:57+00:00
210/be_006tg_1_377.jpg,reassign,199,audit_app,san: →199,2026-09-24T13:52:57+00:00
210/be_006tg_1_394.jpg,reassign,229,audit_app,riri: →229,2026-09-24T13:52:57+00:00
210/be_006tg_1_431.jpg,reassign,199,audit_app,งเาะ: →199,2026-09-24T13:52:57+00:00
210/be_006tg_3_13.jpg,reassign,199,audit_app,งเาะ: →199,2026-09-24T13:52:57+00:00
210/be_006tg_3_155.jpg,reassign,199,audit_app,"งง: →199, งเาะ: →199",2026-09-24T13:52:57+00:00
210/be_006tg_3_169.jpg,reassign,199,audit_app,งเาะ: →199,2026-09-24T13:52:57+00:00
210/be_006tg_3_173.jpg,reassign,199,audit_app,san: →199,2026-09-24T13:52:57+00:00
210/be_006tg_3_229.jpg,reassign,199,audit_app,งเาะ: →199,2026-09-24T13:52:57+00:00
210/be_006tg_3_234.jpg,reassign,199,audit_app,งเาะ: →199,2026-09-24T13:52:57+00:00
210/be_006tg_3_336.jpg,reassign,199,audit_app,"riri: →199, งง: →199",2026-09-24T13:52:57+00:00
210/be_006tg_3_384.jpg,reassign,199,audit_app,งเาะ: →199,2026-09-24T13:52:57+00:00
210/be_006tg_3_399.jpg,reassign,199,audit_app,งเาะ: →199,2026-09-24T13:52:57+00:00
210/be_006tg_3_403.jpg,reassign,199,audit_app,งเาะ: →199,2026-09-24T13:52:57+00:00
210/be_006tg_3_476.jpg,reassign,229,audit_app,riri: →229,2026-09-24T13:52:57+00:00
210/be_006tg_3_62.jpg,reassign,199,audit_app,san: →199,2026-09-24T13:52:57+00:00
210/be_006tg_3_66.jpg,reassign,199,audit_app,งเาะ: →199,2026-09-24T13:52:57+00:00
210/be_006tg_3_9.jpg,reassign,199,audit_app,san: →199,2026-09-24T13:52:57+00:00
210/be_006tg_4_100.jpg,reassign,199,audit_app,งเาะ: →199,2026-09-24T13:52:57+00:00
210/be_006tg_4_146.jpg,reassign,199,audit_app,งเาะ: →199,2026-09-24T13:52:57+00:00
210/be_006tg_4_341.jpg,reassign,199,audit_app,งเาะ: →199,2026-09-24T13:52:57+00:00
210/be_006tg_4_425.jpg,reassign,199,audit_app,งเาะ: →199,2026-09-24T13:52:57+00:00
210/be_006tg_4_429.jpg,reassign,199,audit_app,san: →199,2026-09-24T13:52:57+00:00
210/be_006tg_4_64.jpg,reassign,199,audit_app,งเาะ: →199,2026-09-24T13:52:57+00:00
210/be_006tg_4_68.jpg,reassign,199,audit_app,งเาะ: →199,2026-09-24T13:52:57+00:00
210/be_006tg_4_70.jpg,drop,,audit_app,งเาะ: drop,2026-09-24T13:52:57+00:00
210/be_006tg_4_75.jpg,reassign,199,audit_app,งเาะ: →199,2026-09-24T13:52:57+00:00
210/be_006tg_4_96.jpg,reassign,199,audit_app,งเาะ: →199,2026-09-24T13:52:57+00:00
210/be_006tg_6_140.jpg,reassign,199,audit_app,งเาะ: →199,2026-09-24T13:52:57+00:00
210/be_006tg_6_43.jpg,reassign,199,audit_app,san: →199,2026-09-24T13:52:57+00:00
210/be_006tg_8_1.jpg,reassign,199,audit_app,san: →199,2026-09-24T13:52:57+00:00
210/be_006tg_8_126.jpg,reassign,199,audit_app,san: →199,2026-09-24T13:52:57+00:00
210/be_006tg_8_130.jpg,reassign,199,audit_app,งเาะ: →199,2026-09-24T13:52:57+00:00
210/be_006tg_8_141.jpg,reassign,199,audit_app,riri: →199,2026-09-24T13:52:57+00:00
210/be_006tg_8_169.jpg,reassign,199,audit_app,งเาะ: →199,2026-09-24T13:52:57+00:00
210/be_006tg_8_215.jpg,reassign,199,audit_app,san: →199,2026-09-24T13:52:57+00:00
210/be_006tg_8_220.jpg,reassign,199,audit_app,งเาะ: →199,2026-09-24T13:52:57+00:00
210/be_006tg_8_223.jpg,reassign,199,audit_app,งเาะ: →199,2026-09-24T13:52:57+00:00
210/be_006tg_8_245.jpg,reassign,199,audit_app,งเาะ: →199,2026-09-24T13:52:57+00:00
210/be_006tg_8_249.jpg,reassign,199,audit_app,งเาะ: →199,2026-09-24T13:52:57+00:00
210/be_006tg_8_269.jpg,reassign,199,audit_app,riri: →199,2026-09-24T13:52:57+00:00
210/be_006tg_8_5.jpg,reassign,199,audit_app,san: →199,2026-09-24T13:52:57+00:00
210/be_007sg_3_223.jpg,reassign,227,audit_app,san: →227,2026-09-24T13:52:57+00:00
210/be_007sg_3_309.jpg,reassign,227,audit_app,งเาะ: →227,2026-09-24T13:52:57+00:00
210/be_007sg_3_312.jpg,reassign,229,audit_app,riri: →229,2026-09-24T13:52:57+00:00
210/be_011sg_7_37.jpg,reassign,229,audit_app,riri: →229,2026-09-24T13:52:57+00:00
210/be_007sg_3_42.jpg,reassign,227,audit_app,งเาะ: →227,2026-09-24T13:52:57+00:00
210/be_007sg_3_50.jpg,reassign,227,audit_app,san: →227,2026-09-24T13:52:57+00:00
210/be_007sg_4_122.jpg,reassign,227,audit_app,งเาะ: →227,2026-09-24T13:52:57+00:00
210/be_007sg_4_249.jpg,drop,,audit_app,งเาะ: drop,2026-09-24T13:52:57+00:00
210/be_007sg_4_265.jpg,reassign,227,audit_app,งเาะ: →227,2026-09-24T13:52:57+00:00
210/be_007sg_4_38.jpg,reassign,227,audit_app,งเาะ: →227,2026-09-24T13:52:57+00:00
210/be_007sg_6_162.jpg,reassign,227,audit_app,riri: →227,2026-09-24T13:52:57+00:00
210/be_007sg_6_422.jpg,reassign,227,audit_app,riri: →227,2026-09-24T13:52:57+00:00
210/be_007sg_6_438.jpg,reassign,227,audit_app,san: →227,2026-09-24T13:52:57+00:00
210/be_007sg_6_65.jpg,reassign,227,audit_app,งเาะ: →227,2026-09-24T13:52:57+00:00
210/be_007sg_7_210.jpg,reassign,199,audit_app,งเาะ: →199,2026-09-24T13:52:57+00:00
210/be_007sg_7_212.jpg,reassign,227,audit_app,งเาะ: →227,2026-09-24T13:52:57+00:00
210/be_007sg_7_242.jpg,reassign,199,audit_app,riri: →199,2026-09-24T13:52:57+00:00
210/be_007sg_7_288.jpg,drop,,audit_app,san: drop,2026-09-24T13:52:57+00:00
210/be_007sg_7_290.jpg,reassign,229,audit_app,riri: →229,2026-09-24T13:52:57+00:00
210/be_007sg_7_322.jpg,reassign,199,audit_app,san: →199,2026-09-24T13:52:57+00:00
210/be_007sg_7_408.jpg,reassign,227,audit_app,งเาะ: →227,2026-09-24T13:52:57+00:00
210/be_007sg_7_473.jpg,reassign,227,audit_app,san: →227,2026-09-24T13:52:57+00:00
210/be_007tg_3_154.jpg,reassign,229,audit_app,riri: →229,2026-09-24T13:52:57+00:00
210/be_007tg_3_26.jpg,reassign,199,audit_app,งเาะ: →199,2026-09-24T13:52:57+00:00
210/be_007tg_3_290.jpg,reassign,199,audit_app,งเาะ: →199,2026-09-24T13:52:57+00:00
210/be_007tg_3_304.jpg,reassign,199,audit_app,san: →199,2026-09-24T13:52:57+00:00
210/be_007tg_4_10.jpg,reassign,199,audit_app,san: →199,2026-09-24T13:52:57+00:00
210/be_007tg_4_115.jpg,reassign,199,audit_app,งเาะ: →199,2026-09-24T13:52:57+00:00
210/be_007tg_4_14.jpg,reassign,199,audit_app,งเาะ: →199,2026-09-24T13:52:57+00:00
210/be_007tg_4_183.jpg,reassign,199,audit_app,งเาะ: →199,2026-09-24T13:52:57+00:00
210/be_007tg_4_199.jpg,reassign,199,audit_app,san: →199,2026-09-24T13:52:57+00:00
210/be_007tg_4_203.jpg,reassign,199,audit_app,งเาะ: →199,2026-09-24T13:52:57+00:00
210/be_007tg_4_249.jpg,reassign,199,audit_app,san: →199,2026-09-24T13:52:57+00:00
210/be_007tg_4_250.jpg,drop,,audit_app,งเาะ: drop,2026-09-24T13:52:57+00:00
210/be_007tg_4_303.jpg,reassign,199,audit_app,งเาะ: →199,2026-09-24T13:52:57+00:00
210/be_007tg_6_149.jpg,reassign,199,audit_app,งเาะ: →199,2026-09-24T13:52:57+00:00
210/be_007tg_6_219.jpg,reassign,199,audit_app,งเาะ: →199,2026-09-24T13:52:57+00:00
210/be_007tg_6_223.jpg,reassign,199,audit_app,งเาะ: →199,2026-09-24T13:52:57+00:00
210/be_007tg_6_416.jpg,reassign,199,audit_app,งเาะ: →199,2026-09-24T13:52:57+00:00
210/be_007tg_6_48.jpg,reassign,199,audit_app,งเาะ: →199,2026-09-24T13:52:57+00:00
210/be_007tg_6_486.jpg,reassign,199,audit_app,งเาะ: →199,2026-09-24T13:52:57+00:00
210/be_007tg_7_243.jpg,reassign,199,audit_app,"งง: →199, งเาะ: →199",2026-09-24T13:52:57+00:00
210/be_007tg_7_248.jpg,reassign,199,audit_app,งเาะ: →199,2026-09-24T13:52:57+00:00
210/be_007tg_7_318.jpg,reassign,199,audit_app,งเาะ: →199,2026-09-24T13:52:57+00:00
210/be_007tg_7_322.jpg,reassign,199,audit_app,งเาะ: →199,2026-09-24T13:52:57+00:00
210/be_007tg_7_371.jpg,reassign,199,audit_app,san: →199,2026-09-24T13:52:57+00:00
210/be_007tg_7_375.jpg,reassign,199,audit_app,งเาะ: →199,2026-09-24T13:52:57+00:00
210/be_007tg_7_463.jpg,reassign,199,audit_app,"san: →199, งง: →199",2026-09-24T13:52:57+00:00
210/be_007tg_7_482.jpg,reassign,199,audit_app,san: →199,2026-09-24T13:52:57+00:00
210/be_008sg_4_175.jpg,drop,,audit_app,งเาะ: drop,2026-09-24T13:52:57+00:00
210/be_008sg_4_242.jpg,reassign,199,audit_app,งเาะ: →199,2026-09-24T13:52:57+00:00
210/be_008sg_4_304.jpg,reassign,199,audit_app,riri: →199,2026-09-24T13:52:57+00:00
210/be_008sg_4_334.jpg,reassign,199,audit_app,งเาะ: →199,2026-09-24T13:52:57+00:00
210/be_008sg_4_338.jpg,reassign,199,audit_app,งเาะ: →199,2026-09-24T13:52:57+00:00
210/be_008sg_5_208.jpg,reassign,199,audit_app,งเาะ: →199,2026-09-24T13:52:57+00:00
210/be_008sg_5_253.jpg,reassign,199,audit_app,งเาะ: →199,2026-09-24T13:52:57+00:00
210/be_008sg_5_383.jpg,reassign,227,audit_app,งเาะ: →227,2026-09-24T13:52:57+00:00
210/be_008sg_5_77.jpg,reassign,227,audit_app,งเาะ: →227,2026-09-24T13:52:57+00:00
210/be_008sg_7_75.jpg,reassign,226,audit_app,san: →226,2026-09-24T13:52:57+00:00
210/be_008sg_7_9.jpg,reassign,227,audit_app,san: →227,2026-09-24T13:52:57+00:00
210/be_008tg_4_176.jpg,drop,,audit_app,งเาะ: drop,2026-09-24T13:52:57+00:00
210/be_008tg_4_243.jpg,reassign,199,audit_app,san: →199,2026-09-24T13:52:57+00:00
210/be_008tg_4_258.jpg,reassign,199,audit_app,งเาะ: →199,2026-09-24T13:52:57+00:00
210/be_008tg_4_305.jpg,reassign,199,audit_app,งเาะ: →199,2026-09-24T13:52:57+00:00
210/be_008tg_4_335.jpg,reassign,199,audit_app,งเาะ: →199,2026-09-24T13:52:57+00:00
210/be_008tg_4_339.jpg,reassign,199,audit_app,san: →199,2026-09-24T13:52:57+00:00
210/be_008tg_4_411.jpg,reassign,199,audit_app,งเาะ: →199,2026-09-24T13:52:57+00:00
210/be_008tg_4_445.jpg,reassign,199,audit_app,งเาะ: →199,2026-09-24T13:52:57+00:00
210/be_008tg_4_482.jpg,reassign,199,audit_app,งเาะ: →199,2026-09-24T13:52:57+00:00
210/be_008tg_4_53.jpg,reassign,199,audit_app,งเาะ: →199,2026-09-24T13:52:57+00:00
210/be_008tg_4_73.jpg,reassign,199,audit_app,riri: →199,2026-09-24T13:52:57+00:00
210/be_008tg_6_122.jpg,drop,,audit_app,งเาะ: drop,2026-09-24T13:52:57+00:00
210/be_008tg_6_307.jpg,drop,,audit_app,งเาะ: drop,2026-09-24T13:52:57+00:00
210/be_011tg_2_128.jpg,drop,,audit_app,งเาะ: drop,2026-09-24T13:52:57+00:00
210/be_011tg_2_139.jpg,drop,,audit_app,งเาะ: drop,2026-09-24T13:52:57+00:00
210/be_011tg_2_25.jpg,drop,,audit_app,งเาะ: drop,2026-09-24T13:52:57+00:00
210/be_011tg_2_78.jpg,drop,,audit_app,งเาะ: drop,2026-09-24T13:52:57+00:00
210/be_011tg_3_80.jpg,drop,,audit_app,งเาะ: drop,2026-09-24T13:52:57+00:00
210/be_008tg_6_20.jpg,drop,,audit_app,san: drop,2026-09-24T13:52:57+00:00
210/be_008tg_6_31.jpg,drop,,audit_app,san: drop,2026-09-24T13:52:57+00:00
210/be_008tg_6_4.jpg,drop,,audit_app,san: drop,2026-09-24T13:52:57+00:00
210/be_008tg_6_58.jpg,drop,,audit_app,งเาะ: drop,2026-09-24T13:52:57+00:00
210/be_008tg_6_69.jpg,drop,,audit_app,งเาะ: drop,2026-09-24T13:52:57+00:00
210/be_008tg_6_76.jpg,drop,,audit_app,งเาะ: drop,2026-09-24T13:52:57+00:00
210/be_008tg_6_82.jpg,drop,,audit_app,san: drop,2026-09-24T13:52:57+00:00
210/be_008tg_6_85.jpg,drop,,audit_app,งเาะ: drop,2026-09-24T13:52:57+00:00
210/be_008tg_6_90.jpg,drop,,audit_app,งเาะ: drop,2026-09-24T13:52:57+00:00
210/be_011tg_2_67.jpg,drop,,audit_app,งเาะ: drop,2026-09-24T13:52:57+00:00
210/be_008tg_7_11.jpg,reassign,199,audit_app,san: →199,2026-09-24T13:52:57+00:00
210/be_008tg_7_126.jpg,reassign,199,audit_app,san: →199,2026-09-24T13:52:57+00:00
210/be_008tg_7_200.jpg,reassign,199,audit_app,งเาะ: →199,2026-09-24T13:52:57+00:00
210/be_008tg_7_208.jpg,reassign,199,audit_app,งเาะ: →199,2026-09-24T13:52:57+00:00
210/be_008tg_7_223.jpg,reassign,199,audit_app,"riri: →199, งง: →199",2026-09-24T13:52:57+00:00
210/be_008tg_7_230.jpg,reassign,199,audit_app,งเาะ: →199,2026-09-24T13:52:57+00:00
210/be_008tg_7_257.jpg,reassign,199,audit_app,งเาะ: →199,2026-09-24T13:52:57+00:00
210/be_008tg_7_397.jpg,reassign,199,audit_app,งเาะ: →199,2026-09-24T13:52:57+00:00
210/be_008tg_7_404.jpg,reassign,199,audit_app,งเาะ: →199,2026-09-24T13:52:57+00:00
210/be_008tg_7_460.jpg,reassign,199,audit_app,งเาะ: →199,2026-09-24T13:52:57+00:00
210/be_008tg_7_464.jpg,reassign,199,audit_app,งเาะ: →199,2026-09-24T13:52:57+00:00
210/be_008tg_7_55.jpg,reassign,199,audit_app,งเาะ: →199,2026-09-24T13:52:57+00:00
210/be_008tg_7_59.jpg,reassign,199,audit_app,san: →199,2026-09-24T13:52:57+00:00
210/be_008tg_7_97.jpg,reassign,199,audit_app,งเาะ: →199,2026-09-24T13:52:57+00:00
210/be_009sg_3_160.jpg,reassign,199,audit_app,งเาะ: →199,2026-09-24T13:52:57+00:00
210/be_009sg_3_279.jpg,reassign,199,audit_app,"riri: →199, งเาะ: →199",2026-09-24T13:52:57+00:00
210/be_009sg_3_373.jpg,reassign,199,audit_app,งเาะ: →199,2026-09-24T13:52:57+00:00
210/be_009sg_3_428.jpg,reassign,199,audit_app,งเาะ: →199,2026-09-24T13:52:57+00:00
210/be_009sg_3_46.jpg,reassign,199,audit_app,riri: →199,2026-09-24T13:52:57+00:00
210/be_009sg_4_156.jpg,drop,,audit_app,งเาะ: drop,2026-09-24T13:52:57+00:00
210/be_009sg_4_192.jpg,reassign,199,audit_app,งเาะ: →199,2026-09-24T13:52:57+00:00
210/be_009sg_4_229.jpg,reassign,199,audit_app,งเาะ: →199,2026-09-24T13:52:57+00:00
210/be_009sg_4_250.jpg,reassign,199,audit_app,งเาะ: →199,2026-09-24T13:52:57+00:00
210/be_009sg_4_315.jpg,drop,,audit_app,งเาะ: drop,2026-09-24T13:52:57+00:00
210/be_009sg_4_323.jpg,drop,,audit_app,riri: drop,2026-09-24T13:52:57+00:00
210/be_009sg_4_404.jpg,drop,,audit_app,san: drop,2026-09-24T13:52:57+00:00
210/be_009tg_2_157.jpg,drop,,audit_app,san: drop,2026-09-24T13:52:57+00:00
210/be_009tg_2_193.jpg,reassign,199,audit_app,งเาะ: →199,2026-09-24T13:52:57+00:00
210/be_009tg_2_230.jpg,reassign,199,audit_app,งเาะ: →199,2026-09-24T13:52:57+00:00
210/be_009tg_2_251.jpg,reassign,199,audit_app,san: →199,2026-09-24T13:52:57+00:00
210/be_009tg_2_443.jpg,reassign,199,audit_app,"riri: →199, งเาะ: →199",2026-09-24T13:52:57+00:00
210/be_009tg_2_71.jpg,reassign,229,audit_app,riri: →229,2026-09-24T13:52:57+00:00
210/be_009tg_2_74.jpg,reassign,199,audit_app,งเาะ: →199,2026-09-24T13:52:57+00:00
210/be_009tg_4_1.jpg,reassign,199,audit_app,san: →199,2026-09-24T13:52:57+00:00
210/be_009tg_4_122.jpg,reassign,199,audit_app,งเาะ: →199,2026-09-24T13:52:57+00:00
210/be_009tg_4_268.jpg,reassign,199,audit_app,san: →199,2026-09-24T13:52:57+00:00
210/be_009tg_4_279.jpg,reassign,199,audit_app,งเาะ: →199,2026-09-24T13:52:57+00:00
210/be_009tg_4_373.jpg,reassign,199,audit_app,งเาะ: →199,2026-09-24T13:52:57+00:00
210/be_009tg_4_428.jpg,reassign,199,audit_app,งเาะ: →199,2026-09-24T13:52:57+00:00
210/be_009tg_4_46.jpg,reassign,199,audit_app,san: →199,2026-09-24T13:52:57+00:00
210/be_011sg_1_138.jpg,reassign,229,audit_app,riri: →229,2026-09-24T13:52:57+00:00
210/be_014sg_2_224.jpg,reassign,229,audit_app,riri: →229,2026-09-24T13:52:57+00:00
210/be_011sg_1_175.jpg,reassign,227,audit_app,งเาะ: →227,2026-09-24T13:52:57+00:00
210/be_011sg_1_284.jpg,reassign,227,audit_app,"riri: →227, งเาะ: →227",2026-09-24T13:52:57+00:00
210/be_011sg_1_313.jpg,drop,,audit_app,งเาะ: drop,2026-09-24T13:52:57+00:00
210/be_011sg_1_334.jpg,reassign,199,audit_app,งเาะ: →199,2026-09-24T13:52:57+00:00
210/be_011sg_1_359.jpg,reassign,199,audit_app,งเาะ: →199,2026-09-24T13:52:57+00:00
210/be_011sg_1_44.jpg,reassign,229,audit_app,riri: →229,2026-09-24T13:52:57+00:00
210/be_011sg_1_79.jpg,reassign,227,audit_app,riri: →227,2026-09-24T13:52:57+00:00
210/be_011sg_2_111.jpg,reassign,227,audit_app,riri: →227,2026-09-24T13:52:57+00:00
210/be_011sg_2_158.jpg,reassign,199,audit_app,งเาะ: →199,2026-09-24T13:52:57+00:00
210/be_011sg_2_165.jpg,reassign,227,audit_app,งเาะ: →227,2026-09-24T13:52:57+00:00
210/be_011sg_2_210.jpg,reassign,227,audit_app,งเาะ: →227,2026-09-24T13:52:57+00:00
210/be_011sg_2_231.jpg,reassign,199,audit_app,งเาะ: →199,2026-09-24T13:52:57+00:00
210/be_011sg_2_329.jpg,drop,,audit_app,san: drop,2026-09-24T13:52:57+00:00
210/be_011sg_2_380.jpg,reassign,229,audit_app,riri: →229,2026-09-24T13:52:57+00:00
210/be_011sg_2_386.jpg,reassign,227,audit_app,งเาะ: →227,2026-09-24T13:52:57+00:00
210/be_011sg_2_55.jpg,reassign,227,audit_app,งเาะ: →227,2026-09-24T13:52:57+00:00
210/be_011sg_4_101.jpg,reassign,227,audit_app,งเาะ: →227,2026-09-24T13:52:57+00:00
210/be_011sg_4_82.jpg,reassign,227,audit_app,งเาะ: →227,2026-09-24T13:52:57+00:00
210/be_011tg_1_323.jpg,drop,,audit_app,san: drop,2026-09-24T13:52:57+00:00
210/be_011tg_2_108.jpg,drop,,audit_app,san: drop,2026-09-24T13:52:57+00:00
210/be_011tg_2_153.jpg,drop,,audit_app,riri: drop,2026-09-24T13:52:57+00:00
210/be_011tg_2_252.jpg,reassign,199,audit_app,san: →199,2026-09-24T13:52:57+00:00
210/be_011tg_2_3.jpg,drop,,audit_app,งเาะ: drop,2026-09-24T13:52:57+00:00
210/be_011tg_2_45.jpg,drop,,audit_app,งเาะ: drop,2026-09-24T13:52:57+00:00
210/be_011tg_4_177.jpg,reassign,199,audit_app,งเาะ: →199,2026-09-24T13:52:57+00:00
210/be_011tg_4_489.jpg,drop,,audit_app,งเาะ: drop,2026-09-24T13:52:57+00:00
210/be_011tg_4_53.jpg,reassign,199,audit_app,san: →199,2026-09-24T13:52:57+00:00
210/be_011tg_5_166.jpg,reassign,199,audit_app,งเาะ: →199,2026-09-24T13:52:57+00:00
210/be_011tg_5_294.jpg,reassign,216,audit_app,riri: →216,2026-09-24T13:52:57+00:00
210/be_011tg_5_300.jpg,drop,,audit_app,riri: drop,2026-09-24T13:52:57+00:00
210/be_011tg_5_368.jpg,reassign,227,audit_app,riri: →227,2026-09-24T13:52:57+00:00
210/be_011tg_5_414.jpg,reassign,167,audit_app,"riri: unsure, งเาะ: →167",2026-09-24T13:52:57+00:00
210/be_011tg_5_436.jpg,reassign,167,audit_app,งเาะ: →167,2026-09-24T13:52:57+00:00
210/be_011tg_6_106.jpg,reassign,199,audit_app,งเาะ: →199,2026-09-24T13:52:57+00:00
210/be_011tg_6_171.jpg,reassign,199,audit_app,งเาะ: →199,2026-09-24T13:52:57+00:00
210/be_011tg_6_225.jpg,drop,,audit_app,งเาะ: drop,2026-09-24T13:52:57+00:00
210/be_011tg_6_231.jpg,drop,,audit_app,งเาะ: drop,2026-09-24T13:52:57+00:00
210/be_012sg_3_137.jpg,reassign,227,audit_app,งเาะ: →227,2026-09-24T13:52:57+00:00
210/be_012sg_3_174.jpg,reassign,229,audit_app,riri: →229,2026-09-24T13:52:57+00:00
210/be_012sg_3_211.jpg,reassign,199,audit_app,riri: →199,2026-09-24T13:52:57+00:00
210/be_012sg_3_451.jpg,reassign,227,audit_app,งเาะ: →227,2026-09-24T13:52:57+00:00
210/be_012sg_4_145.jpg,reassign,227,audit_app,งเาะ: →227,2026-09-24T13:52:57+00:00
210/be_012sg_4_167.jpg,reassign,227,audit_app,งเาะ: →227,2026-09-24T13:52:57+00:00
210/be_012sg_4_174.jpg,reassign,227,audit_app,งเาะ: →227,2026-09-24T13:52:57+00:00
210/be_012sg_4_270.jpg,reassign,227,audit_app,"riri: →227, งเาะ: →227",2026-09-24T13:52:57+00:00
210/be_012sg_4_273.jpg,reassign,227,audit_app,งเาะ: →227,2026-09-24T13:52:57+00:00
210/be_012sg_4_57.jpg,reassign,227,audit_app,riri: →227,2026-09-24T13:52:57+00:00
210/be_012sg_4_77.jpg,reassign,227,audit_app,งเาะ: →227,2026-09-24T13:52:57+00:00
210/be_012sg_4_99.jpg,reassign,199,audit_app,งเาะ: →199,2026-09-24T13:52:57+00:00
210/be_012tg_3_197.jpg,reassign,199,audit_app,งเาะ: →199,2026-09-24T13:52:57+00:00
210/be_012tg_3_213.jpg,reassign,199,audit_app,san: →199,2026-09-24T13:52:57+00:00
210/be_012tg_3_226.jpg,reassign,199,audit_app,งเาะ: →199,2026-09-24T13:52:57+00:00
210/be_012tg_3_289.jpg,reassign,199,audit_app,"riri: →199, งเาะ: →199",2026-09-24T13:52:57+00:00
210/be_012tg_3_443.jpg,reassign,199,audit_app,san: →199,2026-09-24T13:52:57+00:00
210/be_012tg_3_473.jpg,drop,,audit_app,งเาะ: drop,2026-09-24T13:52:57+00:00
210/be_012tg_3_489.jpg,reassign,199,audit_app,san: →199,2026-09-24T13:52:57+00:00
210/be_012tg_4_215.jpg,reassign,199,audit_app,งเาะ: →199,2026-09-24T13:52:57+00:00
210/be_012tg_4_359.jpg,reassign,199,audit_app,งเาะ: →199,2026-09-24T13:52:57+00:00
210/be_012tg_4_99.jpg,reassign,199,audit_app,งเาะ: →199,2026-09-24T13:52:57+00:00
210/be_013sg_1_215.jpg,reassign,229,audit_app,riri: →229,2026-09-24T13:52:57+00:00
210/be_016sg_9_342.jpg,reassign,229,audit_app,riri: →229,2026-09-24T13:52:57+00:00
210/be_013sg_1_239.jpg,reassign,230,audit_app,งเาะ: →230,2026-09-24T13:52:57+00:00
210/be_013sg_1_3.jpg,drop,,audit_app,งเาะ: drop,2026-09-24T13:52:57+00:00
210/be_013sg_1_362.jpg,reassign,227,audit_app,งเาะ: →227,2026-09-24T13:52:57+00:00
210/be_013sg_1_422.jpg,reassign,227,audit_app,"san: →227, งเาะ: →227",2026-09-24T13:52:57+00:00
210/be_013sg_1_433.jpg,drop,,audit_app,san: drop,2026-09-24T13:52:57+00:00
210/be_013sg_1_449.jpg,reassign,229,audit_app,riri: →229,2026-09-24T13:52:57+00:00
210/be_013sg_2_164.jpg,reassign,226,audit_app,งเาะ: →226,2026-09-24T13:52:57+00:00
210/be_013sg_2_231.jpg,reassign,230,audit_app,งเาะ: →230,2026-09-24T13:52:57+00:00
210/be_013sg_2_293.jpg,reassign,199,audit_app,riri: →199,2026-09-24T13:52:57+00:00
210/be_018sg_3_253.jpg,reassign,199,audit_app,riri: →199,2026-09-24T13:52:57+00:00
210/be_013sg_2_305.jpg,reassign,228,audit_app,"riri: →228, งเาะ: →228",2026-09-24T13:52:57+00:00
210/be_013sg_2_312.jpg,reassign,199,audit_app,งเาะ: →199,2026-09-24T13:52:57+00:00
210/be_013sg_2_412.jpg,reassign,229,audit_app,riri: →229,2026-09-24T13:52:57+00:00
210/be_013sg_2_485.jpg,reassign,229,audit_app,riri: →229,2026-09-24T13:52:57+00:00
210/be_013sg_5_92.jpg,reassign,199,audit_app,งเาะ: →199,2026-09-24T13:52:57+00:00
210/be_013sg_6_176.jpg,reassign,229,audit_app,riri: →229,2026-09-24T13:52:57+00:00
210/be_014sg_2_136.jpg,reassign,229,audit_app,riri: →229,2026-09-24T13:52:57+00:00
210/be_015sg_2_34.jpg,reassign,229,audit_app,riri: →229,2026-09-24T13:52:57+00:00
210/be_018sg_9_67.jpg,reassign,229,audit_app,riri: →229,2026-09-24T13:52:57+00:00
210/be_020sg_2_191.jpg,reassign,229,audit_app,riri: →229,2026-09-24T13:52:57+00:00
210/be_013sg_6_291.jpg,drop,,audit_app,งเาะ: drop,2026-09-24T13:52:57+00:00
210/be_013sg_7_18.jpg,reassign,226,audit_app,งเาะ: →226,2026-09-24T13:52:57+00:00
210/be_013tg_1_149.jpg,reassign,199,audit_app,งเาะ: →199,2026-09-24T13:52:57+00:00
210/be_013tg_1_286.jpg,reassign,199,audit_app,"san: →199, งเาะ: →199",2026-09-24T13:52:57+00:00
210/be_013tg_1_413.jpg,reassign,199,audit_app,"riri: →199, งเาะ: →199",2026-09-24T13:52:57+00:00
210/be_013tg_1_437.jpg,drop,,audit_app,san: drop,2026-09-24T13:52:57+00:00
210/be_013tg_1_99.jpg,reassign,199,audit_app,งเาะ: →199,2026-09-24T13:52:57+00:00
210/be_013tg_2_120.jpg,reassign,199,audit_app,san: →199,2026-09-24T13:52:57+00:00
210/be_013tg_2_20.jpg,reassign,229,audit_app,riri: →229,2026-09-24T13:52:57+00:00
210/be_018tg_7_235.jpg,reassign,229,audit_app,riri: →229,2026-09-24T13:52:57+00:00
210/be_013tg_2_316.jpg,reassign,199,audit_app,งเาะ: →199,2026-09-24T13:52:57+00:00
210/be_013tg_2_353.jpg,reassign,229,audit_app,riri: →229,2026-09-24T13:52:57+00:00
210/be_013tg_2_401.jpg,reassign,199,audit_app,งเาะ: →199,2026-09-24T13:52:57+00:00
210/be_013tg_2_420.jpg,reassign,199,audit_app,งเาะ: →199,2026-09-24T13:52:57+00:00
210/be_013tg_2_447.jpg,reassign,199,audit_app,งเาะ: →199,2026-09-24T13:52:57+00:00
210/be_013tg_2_458.jpg,reassign,199,audit_app,งเาะ: →199,2026-09-24T13:52:57+00:00
210/be_013tg_2_5.jpg,reassign,199,audit_app,งเาะ: →199,2026-09-24T13:52:57+00:00
210/be_013tg_2_67.jpg,reassign,199,audit_app,งเาะ: →199,2026-09-24T13:52:57+00:00
210/be_013tg_2_81.jpg,reassign,199,audit_app,งเาะ: →199,2026-09-24T13:52:57+00:00
210/be_013tg_2_9.jpg,reassign,199,audit_app,งเาะ: →199,2026-09-24T13:52:57+00:00
210/be_013tg_6_141.jpg,reassign,229,audit_app,riri: →229,2026-09-24T13:52:57+00:00
210/be_013tg_6_220.jpg,reassign,199,audit_app,riri: →199,2026-09-24T13:52:57+00:00
210/be_013tg_6_309.jpg,drop,,audit_app,san: drop,2026-09-24T13:52:57+00:00
210/be_014sg_2_300.jpg,drop,,audit_app,งเาะ: drop,2026-09-24T13:52:57+00:00
210/be_014sg_2_305.jpg,drop,,audit_app,งเาะ: drop,2026-09-24T13:52:57+00:00
210/be_014sg_2_420.jpg,drop,,audit_app,งเาะ: drop,2026-09-24T13:52:57+00:00
210/be_014sg_2_64.jpg,reassign,199,audit_app,san: →199,2026-09-24T13:52:57+00:00
210/be_014sg_3_195.jpg,reassign,199,audit_app,งเาะ: →199,2026-09-24T13:52:57+00:00
210/be_014sg_3_268.jpg,reassign,199,audit_app,งเาะ: →199,2026-09-24T13:52:57+00:00
210/be_014sg_4_149.jpg,reassign,227,audit_app,riri: →227,2026-09-24T13:52:57+00:00
210/be_014sg_4_240.jpg,drop,,audit_app,งเาะ: drop,2026-09-24T13:52:57+00:00
210/be_014sg_4_263.jpg,reassign,227,audit_app,งเาะ: →227,2026-09-24T13:52:57+00:00
210/be_014sg_4_284.jpg,reassign,199,audit_app,งเาะ: →199,2026-09-24T13:52:57+00:00
210/be_014sg_4_7.jpg,reassign,227,audit_app,งเาะ: →227,2026-09-24T13:52:57+00:00
210/be_017sg_6_229.jpg,reassign,227,audit_app,งเาะ: →227,2026-09-24T13:52:57+00:00
210/be_014tg_2_106.jpg,reassign,199,audit_app,งเาะ: →199,2026-09-24T13:52:57+00:00
210/be_014tg_2_13.jpg,reassign,199,audit_app,งเาะ: →199,2026-09-24T13:52:57+00:00
210/be_014tg_2_222.jpg,reassign,199,audit_app,งเาะ: →199,2026-09-24T13:52:57+00:00
210/be_014tg_2_299.jpg,reassign,229,audit_app,riri: →229,2026-09-24T13:52:57+00:00
210/be_014tg_2_304.jpg,drop,,audit_app,งเาะ: drop,2026-09-24T13:52:57+00:00
210/be_014tg_2_443.jpg,reassign,199,audit_app,"riri: →199, งเาะ: →199",2026-09-24T13:52:57+00:00
210/be_014tg_2_458.jpg,reassign,199,audit_app,งเาะ: →199,2026-09-24T13:52:57+00:00
210/be_014tg_2_52.jpg,reassign,199,audit_app,งเาะ: →199,2026-09-24T13:52:57+00:00
210/be_014tg_2_65.jpg,reassign,199,audit_app,san: →199,2026-09-24T13:52:57+00:00
210/be_014tg_3_128.jpg,reassign,199,audit_app,san: →199,2026-09-24T13:52:57+00:00
210/be_014tg_3_193.jpg,reassign,199,audit_app,งเาะ: →199,2026-09-24T13:52:57+00:00
210/be_014tg_3_206.jpg,reassign,199,audit_app,งเาะ: →199,2026-09-24T13:52:57+00:00
210/be_014tg_3_46.jpg,drop,,audit_app,งเาะ: drop,2026-09-24T13:52:57+00:00
210/be_014tg_4_1.jpg,reassign,199,audit_app,งเาะ: →199,2026-09-24T13:52:57+00:00
210/be_014tg_4_172.jpg,reassign,199,audit_app,งเาะ: →199,2026-09-24T13:52:57+00:00
210/be_014tg_4_292.jpg,reassign,199,audit_app,งเาะ: →199,2026-09-24T13:52:57+00:00
210/be_014tg_4_367.jpg,reassign,199,audit_app,san: →199,2026-09-24T13:52:57+00:00
210/be_014tg_4_398.jpg,reassign,199,audit_app,งเาะ: →199,2026-09-24T13:52:57+00:00
210/be_014tg_4_40.jpg,reassign,199,audit_app,san: →199,2026-09-24T13:52:57+00:00
210/be_014tg_4_480.jpg,reassign,199,audit_app,งเาะ: →199,2026-09-24T13:52:57+00:00
210/be_014tg_4_64.jpg,reassign,199,audit_app,งเาะ: →199,2026-09-24T13:52:57+00:00
210/be_014tg_4_95.jpg,reassign,199,audit_app,san: →199,2026-09-24T13:52:57+00:00
210/be_015sg_1_182.jpg,reassign,199,audit_app,"riri: →199, งง: →199",2026-09-24T13:52:57+00:00
210/be_015sg_1_200.jpg,reassign,227,audit_app,งเาะ: →227,2026-09-24T13:52:57+00:00
210/be_015sg_1_373.jpg,reassign,230,audit_app,san: →230,2026-09-24T13:52:57+00:00
210/be_015sg_2_146.jpg,reassign,227,audit_app,งเาะ: →227,2026-09-24T13:52:57+00:00
210/be_015sg_2_183.jpg,reassign,227,audit_app,งเาะ: →227,2026-09-24T13:52:57+00:00
210/be_015sg_2_192.jpg,reassign,227,audit_app,งเาะ: →227,2026-09-24T13:52:57+00:00
210/be_015sg_2_204.jpg,reassign,227,audit_app,"riri: →227, งง: →227",2026-09-24T13:52:57+00:00
210/be_015sg_2_219.jpg,reassign,227,audit_app,riri: →227,2026-09-24T13:52:57+00:00
210/be_015sg_2_39.jpg,reassign,227,audit_app,riri: →227,2026-09-24T13:52:57+00:00
210/be_015sg_2_395.jpg,reassign,227,audit_app,งเาะ: →227,2026-09-24T13:52:57+00:00
210/be_015sg_2_84.jpg,reassign,227,audit_app,riri: →227,2026-09-24T13:52:57+00:00
210/be_015tg_1_104.jpg,reassign,199,audit_app,งเาะ: →199,2026-09-24T13:52:57+00:00
210/be_015tg_1_109.jpg,reassign,199,audit_app,san: →199,2026-09-24T13:52:57+00:00
210/be_015tg_1_182.jpg,reassign,199,audit_app,san: →199,2026-09-24T13:52:57+00:00
210/be_015tg_1_222.jpg,reassign,199,audit_app,งเาะ: →199,2026-09-24T13:52:57+00:00
210/be_015tg_1_334.jpg,reassign,199,audit_app,งเาะ: →199,2026-09-24T13:52:57+00:00
210/be_015tg_1_342.jpg,reassign,199,audit_app,งเาะ: →199,2026-09-24T13:52:57+00:00
210/be_015tg_1_382.jpg,reassign,199,audit_app,งเาะ: →199,2026-09-24T13:52:57+00:00
210/be_015tg_1_412.jpg,reassign,199,audit_app,งเาะ: →199,2026-09-24T13:52:57+00:00
210/be_015tg_1_68.jpg,reassign,199,audit_app,san: →199,2026-09-24T13:52:57+00:00
210/be_015tg_2_179.jpg,reassign,199,audit_app,งเาะ: →199,2026-09-24T13:52:57+00:00
210/be_015tg_2_255.jpg,reassign,199,audit_app,งเาะ: →199,2026-09-24T13:52:57+00:00
210/be_015tg_2_448.jpg,reassign,199,audit_app,"งง: →199, งเาะ: →199",2026-09-24T13:52:57+00:00
210/be_015tg_2_73.jpg,reassign,199,audit_app,งเาะ: →199,2026-09-24T13:52:57+00:00
210/be_016sg_10_156.jpg,reassign,199,audit_app,"san: →199, งเาะ: →199",2026-09-24T13:52:57+00:00
210/be_016sg_10_189.jpg,reassign,227,audit_app,"san: →227, งเาะ: →227",2026-09-24T13:52:57+00:00
210/be_016sg_10_200.jpg,reassign,199,audit_app,งเาะ: →199,2026-09-24T13:52:57+00:00
210/be_016sg_10_42.jpg,reassign,227,audit_app,งเาะ: →227,2026-09-24T13:52:57+00:00
210/be_016sg_11_235.jpg,reassign,227,audit_app,san: →227,2026-09-24T13:52:57+00:00
210/be_016sg_11_485.jpg,reassign,227,audit_app,งเาะ: →227,2026-09-24T13:52:57+00:00
210/be_016sg_2_6.jpg,reassign,227,audit_app,"san: →227, งเาะ: →227",2026-09-24T13:52:57+00:00
210/be_016sg_4_6.jpg,reassign,227,audit_app,งเาะ: →227,2026-09-24T13:52:57+00:00
210/be_016sg_8_129.jpg,reassign,227,audit_app,"san: →227, งเาะ: →227",2026-09-24T13:52:57+00:00
210/be_016sg_8_140.jpg,drop,,audit_app,"san: drop, งเาะ: drop",2026-09-24T13:52:57+00:00
210/be_016sg_8_171.jpg,reassign,227,audit_app,งเาะ: →227,2026-09-24T13:52:57+00:00
210/be_016sg_8_234.jpg,drop,,audit_app,san: drop,2026-09-24T13:52:57+00:00
210/be_016sg_8_3.jpg,reassign,199,audit_app,งเาะ: →199,2026-09-24T13:52:57+00:00
210/be_016sg_8_415.jpg,reassign,227,audit_app,san: →227,2026-09-24T13:52:57+00:00
210/be_016sg_9_165.jpg,reassign,227,audit_app,งเาะ: →227,2026-09-24T13:52:57+00:00
210/be_016sg_9_210.jpg,reassign,229,audit_app,riri: →229,2026-09-24T13:52:57+00:00
210/be_016sg_9_246.jpg,reassign,229,audit_app,riri: →229,2026-09-24T13:52:57+00:00
210/be_016sg_9_298.jpg,reassign,197,audit_app,"san: →197, งเาะ: →197",2026-09-24T13:52:57+00:00
210/be_016sg_9_383.jpg,drop,,audit_app,riri: drop,2026-09-24T13:52:57+00:00
210/be_016sg_9_386.jpg,drop,,audit_app,งเาะ: drop,2026-09-24T13:52:57+00:00
210/be_016sg_9_426.jpg,reassign,230,audit_app,งเาะ: →230,2026-09-24T13:52:57+00:00
210/be_016tg_10_127.jpg,reassign,199,audit_app,งเาะ: →199,2026-09-24T13:52:57+00:00
210/be_016tg_10_157.jpg,reassign,199,audit_app,"งง: →199, งเาะ: →199",2026-09-24T13:52:57+00:00
210/be_016tg_10_201.jpg,reassign,199,audit_app,san: →199,2026-09-24T13:52:57+00:00
210/be_016tg_11_135.jpg,drop,,audit_app,งเาะ: drop,2026-09-24T13:52:57+00:00
210/be_016tg_11_152.jpg,reassign,199,audit_app,งเาะ: →199,2026-09-24T13:52:57+00:00
210/be_016tg_11_194.jpg,reassign,199,audit_app,งเาะ: →199,2026-09-24T13:52:57+00:00
210/be_016tg_11_281.jpg,reassign,199,audit_app,งเาะ: →199,2026-09-24T13:52:57+00:00
210/be_016tg_11_389.jpg,reassign,199,audit_app,งเาะ: →199,2026-09-24T13:52:57+00:00
210/be_016tg_11_403.jpg,reassign,199,audit_app,san: →199,2026-09-24T13:52:57+00:00
210/be_016tg_11_448.jpg,reassign,199,audit_app,งเาะ: →199,2026-09-24T13:52:57+00:00
210/be_016tg_11_76.jpg,drop,,audit_app,งเาะ: drop,2026-09-24T13:52:57+00:00
210/be_016tg_11_82.jpg,reassign,199,audit_app,งเาะ: →199,2026-09-24T13:52:57+00:00
210/be_016tg_11_96.jpg,reassign,199,audit_app,งเาะ: →199,2026-09-24T13:52:57+00:00
210/be_016tg_2_6.jpg,reassign,227,audit_app,งเาะ: →227,2026-09-24T13:52:57+00:00
210/be_016tg_3_6.jpg,reassign,227,audit_app,งเาะ: →227,2026-09-24T13:52:57+00:00
210/be_016tg_4_6.jpg,reassign,227,audit_app,งเาะ: →227,2026-09-24T13:52:57+00:00
210/be_016tg_8_128.jpg,reassign,199,audit_app,san: →199,2026-09-24T13:52:57+00:00
210/be_016tg_8_134.jpg,reassign,229,audit_app,riri: →229,2026-09-24T13:52:57+00:00
210/be_016tg_8_136.jpg,reassign,230,audit_app,"san: →230, งเาะ: →230",2026-09-24T13:52:57+00:00
210/be_016tg_8_235.jpg,drop,,audit_app,san: drop,2026-09-24T13:52:57+00:00
210/be_016tg_8_282.jpg,reassign,199,audit_app,san: →199,2026-09-24T13:52:57+00:00
210/be_016tg_8_322.jpg,reassign,199,audit_app,งเาะ: →199,2026-09-24T13:52:57+00:00
210/be_016tg_8_343.jpg,reassign,199,audit_app,งเาะ: →199,2026-09-24T13:52:57+00:00
210/be_016tg_8_383.jpg,reassign,199,audit_app,งเาะ: →199,2026-09-24T13:52:57+00:00
210/be_016tg_8_440.jpg,reassign,229,audit_app,"riri: →229, งง: →229",2026-09-24T13:52:57+00:00
210/be_016tg_9_182.jpg,reassign,199,audit_app,san: →199,2026-09-24T13:52:57+00:00
210/be_016tg_9_197.jpg,reassign,199,audit_app,งเาะ: →199,2026-09-24T13:52:57+00:00
210/be_016tg_9_248.jpg,reassign,229,audit_app,riri: →229,2026-09-24T13:52:57+00:00
210/be_016tg_9_345.jpg,reassign,229,audit_app,riri: →229,2026-09-24T13:52:57+00:00
210/be_016tg_9_99.jpg,reassign,199,audit_app,งเาะ: →199,2026-09-24T13:52:57+00:00
210/be_017sg_4_197.jpg,reassign,199,audit_app,san: →199,2026-09-24T13:52:57+00:00
210/be_017sg_4_230.jpg,reassign,229,audit_app,riri: →229,2026-09-24T13:52:57+00:00
210/be_017sg_4_242.jpg,reassign,227,audit_app,งเาะ: →227,2026-09-24T13:52:57+00:00
210/be_017sg_4_272.jpg,reassign,227,audit_app,งเาะ: →227,2026-09-24T13:52:57+00:00
210/be_017sg_4_353.jpg,reassign,227,audit_app,งเาะ: →227,2026-09-24T13:52:57+00:00
210/be_017sg_6_149.jpg,reassign,199,audit_app,งเาะ: →199,2026-09-24T13:52:57+00:00
210/be_017sg_6_173.jpg,reassign,227,audit_app,riri: →227,2026-09-24T13:52:57+00:00
210/be_017sg_6_279.jpg,reassign,227,audit_app,งเาะ: →227,2026-09-24T13:52:57+00:00
210/be_017sg_6_455.jpg,reassign,199,audit_app,งเาะ: →199,2026-09-24T13:52:57+00:00
210/be_017sg_7_100.jpg,reassign,227,audit_app,งเาะ: →227,2026-09-24T13:52:57+00:00
210/be_017sg_7_254.jpg,reassign,199,audit_app,งเาะ: →199,2026-09-24T13:52:57+00:00
210/be_017sg_7_485.jpg,drop,,audit_app,งเาะ: drop,2026-09-24T13:52:57+00:00
210/be_017tg_4_122.jpg,reassign,199,audit_app,งเาะ: →199,2026-09-24T13:52:57+00:00
210/be_017tg_4_151.jpg,reassign,199,audit_app,งเาะ: →199,2026-09-24T13:52:57+00:00
210/be_017tg_4_196.jpg,reassign,199,audit_app,งเาะ: →199,2026-09-24T13:52:57+00:00
210/be_017tg_4_200.jpg,reassign,199,audit_app,งเาะ: →199,2026-09-24T13:52:57+00:00
210/be_017tg_4_221.jpg,reassign,199,audit_app,riri: →199,2026-09-24T13:52:57+00:00
210/be_017tg_4_244.jpg,reassign,199,audit_app,งเาะ: →199,2026-09-24T13:52:57+00:00
210/be_017tg_4_293.jpg,reassign,168,audit_app,งเาะ: →168,2026-09-24T13:52:57+00:00
210/be_017tg_4_318.jpg,reassign,199,audit_app,งเาะ: →199,2026-09-24T13:52:57+00:00
210/be_017tg_4_361.jpg,reassign,199,audit_app,งเาะ: →199,2026-09-24T13:52:57+00:00
210/be_017tg_4_375.jpg,reassign,199,audit_app,งเาะ: →199,2026-09-24T13:52:57+00:00
210/be_017tg_4_64.jpg,reassign,199,audit_app,งเาะ: →199,2026-09-24T13:52:57+00:00
210/be_017tg_4_86.jpg,reassign,199,audit_app,san: →199,2026-09-24T13:52:57+00:00
210/be_017tg_6_108.jpg,reassign,199,audit_app,san: →199,2026-09-24T13:52:57+00:00
210/be_017tg_6_119.jpg,reassign,199,audit_app,งเาะ: →199,2026-09-24T13:52:57+00:00
210/be_017tg_6_14.jpg,reassign,199,audit_app,"งง: →199, งเาะ: →199",2026-09-24T13:52:57+00:00
210/be_017tg_6_149.jpg,reassign,199,audit_app,งเาะ: →199,2026-09-24T13:52:57+00:00
210/be_017tg_6_225.jpg,reassign,199,audit_app,งเาะ: →199,2026-09-24T13:52:57+00:00
210/be_017tg_6_239.jpg,reassign,199,audit_app,งเาะ: →199,2026-09-24T13:52:57+00:00
210/be_017tg_6_288.jpg,reassign,199,audit_app,งเาะ: →199,2026-09-24T13:52:57+00:00
210/be_017tg_6_3.jpg,reassign,199,audit_app,riri: →199,2026-09-24T13:52:57+00:00
210/be_017tg_6_318.jpg,reassign,199,audit_app,งเาะ: →199,2026-09-24T13:52:57+00:00
210/be_017tg_6_373.jpg,reassign,199,audit_app,san: →199,2026-09-24T13:52:57+00:00
210/be_017tg_6_458.jpg,reassign,199,audit_app,san: →199,2026-09-24T13:52:57+00:00
210/be_017tg_6_79.jpg,reassign,199,audit_app,"riri: →199, งเาะ: →199",2026-09-24T13:52:57+00:00
210/be_017tg_6_82.jpg,reassign,199,audit_app,งเาะ: →199,2026-09-24T13:52:57+00:00
210/be_017tg_6_95.jpg,reassign,199,audit_app,san: →199,2026-09-24T13:52:57+00:00
210/be_017tg_7_106.jpg,reassign,199,audit_app,งเาะ: →199,2026-09-24T13:52:57+00:00
210/be_017tg_7_214.jpg,reassign,199,audit_app,งเาะ: →199,2026-09-24T13:52:57+00:00
210/be_017tg_7_247.jpg,reassign,199,audit_app,งเาะ: →199,2026-09-24T13:52:57+00:00
210/be_017tg_7_255.jpg,reassign,199,audit_app,san: →199,2026-09-24T13:52:57+00:00
210/be_017tg_7_285.jpg,drop,,audit_app,san: drop,2026-09-24T13:52:57+00:00
210/be_017tg_7_318.jpg,reassign,199,audit_app,งเาะ: →199,2026-09-24T13:52:57+00:00
210/be_017tg_7_324.jpg,reassign,199,audit_app,งเาะ: →199,2026-09-24T13:52:57+00:00
210/be_017tg_7_33.jpg,reassign,199,audit_app,งเาะ: →199,2026-09-24T13:52:57+00:00
210/be_017tg_7_468.jpg,reassign,199,audit_app,งเาะ: →199,2026-09-24T13:52:57+00:00
210/be_017tg_7_54.jpg,reassign,199,audit_app,riri: →199,2026-09-24T13:52:57+00:00
210/be_018sg_3_308.jpg,reassign,229,audit_app,riri: →229,2026-09-24T13:52:57+00:00
210/be_018sg_3_343.jpg,reassign,227,audit_app,งเาะ: →227,2026-09-24T13:52:57+00:00
210/be_018sg_3_363.jpg,reassign,199,audit_app,งเาะ: →199,2026-09-24T13:52:57+00:00
210/be_018sg_3_382.jpg,reassign,227,audit_app,san: →227,2026-09-24T13:52:57+00:00
210/be_018sg_4_29.jpg,reassign,227,audit_app,"san: →227, งเาะ: →227",2026-09-24T13:52:57+00:00
210/be_018sg_4_3.jpg,reassign,228,audit_app,"san: →228, งเาะ: →228",2026-09-24T13:52:57+00:00
210/be_018sg_5_40.jpg,reassign,227,audit_app,riri: →227,2026-09-24T13:52:57+00:00
210/be_018sg_5_59.jpg,reassign,199,audit_app,งเาะ: →199,2026-09-24T13:52:57+00:00
210/be_018sg_6_186.jpg,reassign,199,audit_app,"งง: →199, งเาะ: →199",2026-09-24T13:52:57+00:00
210/be_018sg_6_270.jpg,reassign,227,audit_app,งเาะ: →227,2026-09-24T13:52:57+00:00
210/be_018sg_6_279.jpg,reassign,227,audit_app,งเาะ: →227,2026-09-24T13:52:57+00:00
210/be_018sg_6_36.jpg,reassign,229,audit_app,riri: →229,2026-09-24T13:52:57+00:00
210/be_018sg_6_68.jpg,reassign,199,audit_app,งเาะ: →199,2026-09-24T13:52:57+00:00
210/be_018sg_7_107.jpg,reassign,227,audit_app,งเาะ: →227,2026-09-24T13:52:57+00:00
210/be_018sg_7_114.jpg,reassign,199,audit_app,"san: →199, งเาะ: →199",2026-09-24T13:52:57+00:00
210/be_018sg_7_146.jpg,reassign,227,audit_app,งเาะ: →227,2026-09-24T13:52:57+00:00
210/be_018sg_7_278.jpg,reassign,227,audit_app,งเาะ: →227,2026-09-24T13:52:57+00:00
210/be_018sg_7_301.jpg,reassign,227,audit_app,งเาะ: →227,2026-09-24T13:52:57+00:00
210/be_018sg_7_313.jpg,drop,,audit_app,"san: drop, งเาะ: drop",2026-09-24T13:52:57+00:00
210/be_018sg_7_77.jpg,reassign,199,audit_app,san: →199,2026-09-24T13:52:57+00:00
210/be_018sg_7_91.jpg,reassign,227,audit_app,"san: →227, งเาะ: →227",2026-09-24T13:52:57+00:00
210/be_018sg_9_160.jpg,reassign,227,audit_app,งเาะ: →227,2026-09-24T13:52:57+00:00
210/be_018sg_9_23.jpg,reassign,227,audit_app,งเาะ: →227,2026-09-24T13:52:57+00:00
210/be_018sg_9_239.jpg,reassign,227,audit_app,riri: →227,2026-09-24T13:52:57+00:00
210/be_018sg_9_31.jpg,reassign,199,audit_app,งเาะ: →199,2026-09-24T13:52:57+00:00
210/be_018tg_3_172.jpg,reassign,199,audit_app,งเาะ: →199,2026-09-24T13:52:57+00:00
210/be_018tg_3_256.jpg,reassign,199,audit_app,san: →199,2026-09-24T13:52:57+00:00
210/be_018tg_3_26.jpg,reassign,199,audit_app,san: →199,2026-09-24T13:52:57+00:00
210/be_018tg_3_283.jpg,reassign,199,audit_app,งเาะ: →199,2026-09-24T13:52:57+00:00
210/be_018tg_3_421.jpg,reassign,199,audit_app,งเาะ: →199,2026-09-24T13:52:57+00:00
210/be_018tg_3_436.jpg,reassign,199,audit_app,"งง: →199, งเาะ: →199",2026-09-24T13:52:57+00:00
210/be_018tg_3_453.jpg,reassign,199,audit_app,san: →199,2026-09-24T13:52:57+00:00
210/be_018tg_3_9.jpg,reassign,199,audit_app,"riri: →199, งเาะ: →199",2026-09-24T13:52:57+00:00
210/be_018tg_5_25.jpg,reassign,199,audit_app,งเาะ: →199,2026-09-24T13:52:57+00:00
210/be_018tg_5_62.jpg,reassign,199,audit_app,งเาะ: →199,2026-09-24T13:52:57+00:00
210/be_018tg_6_121.jpg,reassign,199,audit_app,งเาะ: →199,2026-09-24T13:52:57+00:00
210/be_018tg_6_187.jpg,reassign,199,audit_app,งเาะ: →199,2026-09-24T13:52:57+00:00
210/be_018tg_6_201.jpg,reassign,199,audit_app,"san: →199, งง: →199",2026-09-24T13:52:57+00:00
210/be_018tg_6_256.jpg,reassign,199,audit_app,งเาะ: →199,2026-09-24T13:52:57+00:00
210/be_018tg_6_282.jpg,drop,,audit_app,งเาะ: drop,2026-09-24T13:52:57+00:00
210/be_018tg_6_301.jpg,reassign,199,audit_app,งเาะ: →199,2026-09-24T13:52:57+00:00
210/be_018tg_6_349.jpg,reassign,199,audit_app,งเาะ: →199,2026-09-24T13:52:57+00:00
210/be_018tg_6_395.jpg,reassign,227,audit_app,"san: →227, งเาะ: →227",2026-09-24T13:52:57+00:00
210/be_018tg_6_68.jpg,reassign,199,audit_app,งเาะ: →199,2026-09-24T13:52:57+00:00
210/be_018tg_6_72.jpg,reassign,199,audit_app,งเาะ: →199,2026-09-24T13:52:57+00:00
210/be_018tg_7_115.jpg,reassign,199,audit_app,"san: →199, งเาะ: →199",2026-09-24T13:52:57+00:00
210/be_018tg_7_169.jpg,reassign,199,audit_app,งเาะ: →199,2026-09-24T13:52:57+00:00
210/be_018tg_7_200.jpg,reassign,199,audit_app,งเาะ: →199,2026-09-24T13:52:57+00:00
210/be_018tg_7_208.jpg,reassign,229,audit_app,riri: →229,2026-09-24T13:52:57+00:00
210/be_018tg_7_278.jpg,reassign,199,audit_app,งเาะ: →199,2026-09-24T13:52:57+00:00
210/be_018tg_7_288.jpg,reassign,199,audit_app,riri: →199,2026-09-24T13:52:57+00:00
210/be_018tg_7_341.jpg,reassign,199,audit_app,riri: →199,2026-09-24T13:52:57+00:00
210/be_018tg_7_63.jpg,reassign,199,audit_app,san: →199,2026-09-24T13:52:57+00:00
210/be_018tg_8_45.jpg,drop,,audit_app,งเาะ: drop,2026-09-24T13:52:57+00:00
210/be_018tg_9_122.jpg,reassign,199,audit_app,san: →199,2026-09-24T13:52:57+00:00
210/be_018tg_9_136.jpg,reassign,199,audit_app,san: →199,2026-09-24T13:52:57+00:00
210/be_018tg_9_144.jpg,reassign,199,audit_app,งเาะ: →199,2026-09-24T13:52:57+00:00
210/be_018tg_9_203.jpg,reassign,199,audit_app,งเาะ: →199,2026-09-24T13:52:57+00:00
210/be_018tg_9_215.jpg,reassign,199,audit_app,งเาะ: →199,2026-09-24T13:52:57+00:00
210/be_018tg_9_232.jpg,reassign,199,audit_app,"งง: →199, งเาะ: →199",2026-09-24T13:52:57+00:00
210/be_018tg_9_271.jpg,reassign,199,audit_app,riri: →199,2026-09-24T13:52:57+00:00
210/be_018tg_9_304.jpg,reassign,199,audit_app,งเาะ: →199,2026-09-24T13:52:57+00:00
210/be_019sg_2_41.jpg,reassign,199,audit_app,งเาะ: →199,2026-09-24T13:52:57+00:00
210/be_019sg_3_169.jpg,reassign,199,audit_app,งเาะ: →199,2026-09-24T13:52:57+00:00
210/be_019sg_3_219.jpg,reassign,199,audit_app,งเาะ: →199,2026-09-24T13:52:57+00:00
210/be_019sg_3_7.jpg,reassign,227,audit_app,งเาะ: →227,2026-09-24T13:52:57+00:00
210/be_019sg_3_76.jpg,reassign,230,audit_app,งเาะ: →230,2026-09-24T13:52:57+00:00
210/be_019sg_3_87.jpg,reassign,227,audit_app,งเาะ: →227,2026-09-24T13:52:57+00:00
210/be_019sg_5_182.jpg,drop,,audit_app,san: drop,2026-09-24T13:52:57+00:00
210/be_019sg_5_212.jpg,reassign,227,audit_app,งเาะ: →227,2026-09-24T13:52:57+00:00
210/be_019sg_5_24.jpg,reassign,227,audit_app,งเาะ: →227,2026-09-24T13:52:57+00:00
210/be_019sg_5_62.jpg,reassign,227,audit_app,งเาะ: →227,2026-09-24T13:52:57+00:00
210/be_019sg_6_0.jpg,reassign,227,audit_app,san: →227,2026-09-24T13:52:57+00:00
210/be_019sg_6_167.jpg,reassign,227,audit_app,งเาะ: →227,2026-09-24T13:52:57+00:00
210/be_019sg_6_67.jpg,reassign,227,audit_app,งง: →227,2026-09-24T13:52:57+00:00
210/be_019sg_7_3.jpg,reassign,227,audit_app,"san: →227, งเาะ: →227",2026-09-24T13:52:57+00:00
210/be_019sg_8_160.jpg,reassign,227,audit_app,งเาะ: →227,2026-09-24T13:52:57+00:00
210/be_019sg_8_177.jpg,reassign,199,audit_app,san: →199,2026-09-24T13:52:57+00:00
210/be_019sg_8_59.jpg,drop,,audit_app,งเาะ: drop,2026-09-24T13:52:57+00:00
210/be_019sg_8_80.jpg,reassign,199,audit_app,งเาะ: →199,2026-09-24T13:52:57+00:00
210/be_019tg_2_86.jpg,reassign,199,audit_app,riri: →199,2026-09-24T13:52:57+00:00
210/be_019tg_3_144.jpg,reassign,199,audit_app,งเาะ: →199,2026-09-24T13:52:57+00:00
210/be_019tg_3_169.jpg,reassign,199,audit_app,งเาะ: →199,2026-09-24T13:52:57+00:00
210/be_019tg_3_219.jpg,reassign,199,audit_app,"riri: →199, งเาะ: →199",2026-09-24T13:52:57+00:00
210/be_019tg_3_277.jpg,reassign,199,audit_app,งเาะ: →199,2026-09-24T13:52:57+00:00
210/be_019tg_3_284.jpg,reassign,199,audit_app,งเาะ: →199,2026-09-24T13:52:57+00:00
210/be_019tg_3_68.jpg,reassign,199,audit_app,งเาะ: →199,2026-09-24T13:52:57+00:00
210/be_019tg_5_44.jpg,reassign,199,audit_app,งเาะ: →199,2026-09-24T13:52:57+00:00
210/be_019tg_6_288.jpg,reassign,199,audit_app,"san: →199, งเาะ: →199",2026-09-24T13:52:57+00:00
210/be_019tg_8_104.jpg,reassign,199,audit_app,งเาะ: →199,2026-09-24T13:52:57+00:00
210/be_019tg_8_116.jpg,reassign,199,audit_app,"งง: →199, งเาะ: →199",2026-09-24T13:52:57+00:00
210/be_019tg_8_179.jpg,reassign,229,audit_app,riri: →229,2026-09-24T13:52:57+00:00
210/be_019tg_8_218.jpg,reassign,199,audit_app,งเาะ: →199,2026-09-24T13:52:57+00:00
210/be_019tg_8_232.jpg,reassign,199,audit_app,งเาะ: →199,2026-09-24T13:52:57+00:00
210/be_019tg_8_59.jpg,drop,,audit_app,งเาะ: drop,2026-09-24T13:52:57+00:00
210/be_019tg_8_80.jpg,reassign,199,audit_app,งเาะ: →199,2026-09-24T13:52:57+00:00
210/be_020sg_2_280.jpg,reassign,199,audit_app,งเาะ: →199,2026-09-24T13:52:57+00:00
210/be_020sg_2_306.jpg,reassign,227,audit_app,"riri: →227, งง: →227",2026-09-24T13:52:57+00:00
210/be_020sg_2_360.jpg,reassign,227,audit_app,งเาะ: →227,2026-09-24T13:52:57+00:00
210/be_020sg_2_377.jpg,reassign,227,audit_app,งเาะ: →227,2026-09-24T13:52:57+00:00
210/be_020sg_2_429.jpg,reassign,227,audit_app,งเาะ: →227,2026-09-24T13:52:57+00:00
210/be_020sg_2_467.jpg,reassign,227,audit_app,งเาะ: →227,2026-09-24T13:52:57+00:00
210/be_020sg_4_186.jpg,reassign,227,audit_app,งเาะ: →227,2026-09-24T13:52:57+00:00
210/be_020sg_4_85.jpg,reassign,229,audit_app,"riri: →229, งง: →229",2026-09-24T13:52:57+00:00
210/be_020sg_5_136.jpg,drop,,audit_app,งเาะ: drop,2026-09-24T13:52:57+00:00
210/be_020sg_5_164.jpg,reassign,199,audit_app,งเาะ: →199,2026-09-24T13:52:57+00:00
210/be_020sg_5_213.jpg,drop,,audit_app,งเาะ: drop,2026-09-24T13:52:57+00:00
210/be_020sg_5_3.jpg,reassign,199,audit_app,งเาะ: →199,2026-09-24T13:52:57+00:00
210/be_020sg_6_112.jpg,reassign,227,audit_app,งเาะ: →227,2026-09-24T13:52:57+00:00
210/be_020sg_6_241.jpg,reassign,227,audit_app,งเาะ: →227,2026-09-24T13:52:57+00:00
210/be_020sg_6_349.jpg,reassign,227,audit_app,งเาะ: →227,2026-09-24T13:52:57+00:00
210/be_020sg_6_47.jpg,reassign,227,audit_app,งเาะ: →227,2026-09-24T13:52:57+00:00
210/be_020sg_6_49.jpg,drop,,audit_app,งเาะ: drop,2026-09-24T13:52:57+00:00
210/be_020tg_2_204.jpg,reassign,199,audit_app,งเาะ: →199,2026-09-24T13:52:57+00:00
210/be_020tg_2_281.jpg,reassign,199,audit_app,งเาะ: →199,2026-09-24T13:52:57+00:00
210/be_020tg_2_408.jpg,reassign,199,audit_app,งเาะ: →199,2026-09-24T13:52:57+00:00
210/be_020tg_2_439.jpg,reassign,229,audit_app,riri: →229,2026-09-24T13:52:57+00:00
210/be_020tg_2_456.jpg,reassign,199,audit_app,san: →199,2026-09-24T13:52:57+00:00
210/be_020tg_2_47.jpg,reassign,199,audit_app,งเาะ: →199,2026-09-24T13:52:57+00:00
210/be_020tg_2_52.jpg,reassign,199,audit_app,งเาะ: →199,2026-09-24T13:52:57+00:00
210/be_020tg_2_9.jpg,reassign,199,audit_app,san: →199,2026-09-24T13:52:57+00:00
210/be_020tg_4_128.jpg,reassign,229,audit_app,riri: →229,2026-09-24T13:52:57+00:00
210/be_020tg_4_157.jpg,reassign,199,audit_app,งเาะ: →199,2026-09-24T13:52:57+00:00
210/be_020tg_4_19.jpg,reassign,199,audit_app,งเาะ: →199,2026-09-24T13:52:57+00:00
210/be_020tg_4_212.jpg,reassign,199,audit_app,san: →199,2026-09-24T13:52:57+00:00
210/be_020tg_4_3.jpg,reassign,199,audit_app,san: →199,2026-09-24T13:52:57+00:00
210/be_020tg_5_126.jpg,reassign,199,audit_app,san: →199,2026-09-24T13:52:57+00:00
210/be_020tg_5_166.jpg,reassign,199,audit_app,งเาะ: →199,2026-09-24T13:52:57+00:00
210/be_020tg_5_214.jpg,reassign,164,audit_app,งเาะ: →164,2026-09-24T13:52:57+00:00
210/be_020tg_5_254.jpg,reassign,199,audit_app,"riri: →199, งง: →199",2026-09-24T13:52:57+00:00
210/be_020tg_5_3.jpg,reassign,199,audit_app,san: →199,2026-09-24T13:52:57+00:00
210/be_020tg_6_219.jpg,reassign,199,audit_app,งเาะ: →199,2026-09-24T13:52:57+00:00
210/be_020tg_6_231.jpg,reassign,199,audit_app,"งง: →199, งเาะ: →199",2026-09-24T13:52:57+00:00
210/be_020tg_6_444.jpg,reassign,199,audit_app,งเาะ: →199,2026-09-24T13:52:57+00:00
210/bl_001sg_3_197.jpg,reassign,195,audit_app,"riri: →195, งง: →195",2026-09-24T13:52:57+00:00
210/bl_001sg_4_1.jpg,drop,,audit_app,งเาะ: drop,2026-09-24T13:52:57+00:00
210/bl_001sg_8_212.jpg,drop,,audit_app,san: drop,2026-09-24T13:52:57+00:00
210/bl_001sg_8_274.jpg,drop,,audit_app,san: drop,2026-09-24T13:52:57+00:00
210/bl_001sg_8_473.jpg,reassign,202,audit_app,งเาะ: →202,2026-09-24T13:52:57+00:00
210/bl_001sg_8_474.jpg,reassign,199,audit_app,งเาะ: →199,2026-09-24T13:52:57+00:00
210/bl_001sg_9_10.jpg,drop,,audit_app,san: drop,2026-09-24T13:52:57+00:00
210/bl_001sg_9_257.jpg,reassign,199,audit_app,งเาะ: →199,2026-09-24T13:52:57+00:00
210/bl_001tg_8_231.jpg,reassign,168,audit_app,งเาะ: →168,2026-09-24T13:52:57+00:00
210/bl_001tg_8_478.jpg,drop,,audit_app,san: drop,2026-09-24T13:52:57+00:00
210/bl_002sg_10_239.jpg,reassign,229,audit_app,riri: →229,2026-09-24T13:52:57+00:00
210/bl_002sg_10_241.jpg,drop,,audit_app,งเาะ: drop,2026-09-24T13:52:57+00:00
210/bl_002sg_10_319.jpg,drop,,audit_app,san: drop,2026-09-24T13:52:57+00:00
210/bl_002tg_6_12.jpg,drop,,audit_app,งเาะ: drop,2026-09-24T13:52:57+00:00
210/bl_002tg_7_29.jpg,drop,,audit_app,san: drop,2026-09-24T13:52:57+00:00
210/bl_002tg_7_63.jpg,reassign,168,audit_app,งเาะ: →168,2026-09-24T13:52:57+00:00
210/bl_003sg_3_177.jpg,reassign,195,audit_app,riri: →195,2026-09-24T13:52:57+00:00
210/bl_003sg_3_207.jpg,reassign,195,audit_app,งเาะ: →195,2026-09-24T13:52:57+00:00
210/bl_003sg_5_103.jpg,drop,,audit_app,งเาะ: drop,2026-09-24T13:52:57+00:00
210/bl_003sg_5_119.jpg,reassign,168,audit_app,san: →168,2026-09-24T13:52:57+00:00
210/bl_003sg_7_144.jpg,drop,,audit_app,san: drop,2026-09-24T13:52:57+00:00
210/bl_003sg_7_450.jpg,drop,,audit_app,san: drop,2026-09-24T13:52:57+00:00
210/bl_003tg_5_121.jpg,reassign,168,audit_app,งเาะ: →168,2026-09-24T13:52:57+00:00
210/bl_003tg_5_89.jpg,reassign,199,audit_app,san: →199,2026-09-24T13:52:57+00:00
210/bl_003tg_7_229.jpg,reassign,202,audit_app,งเาะ: →202,2026-09-24T13:52:57+00:00
210/bl_003tg_7_304.jpg,reassign,199,audit_app,san: →199,2026-09-24T13:52:57+00:00
210/bl_004sg_10_1.jpg,reassign,199,audit_app,san: →199,2026-09-24T13:52:57+00:00
210/bl_004sg_4_98.jpg,drop,,audit_app,งเาะ: drop,2026-09-24T13:52:57+00:00
210/bl_004tg_1_272.jpg,drop,,audit_app,งเาะ: drop,2026-09-24T13:52:57+00:00
210/bl_005sg_7_71.jpg,drop,,audit_app,งเาะ: drop,2026-09-24T13:52:57+00:00
210/bl_005sg_9_135.jpg,reassign,168,audit_app,งเาะ: →168,2026-09-24T13:52:57+00:00
210/bl_005sg_9_193.jpg,reassign,199,audit_app,"riri: →199, งเาะ: unsure",2026-09-24T13:52:57+00:00
210/bl_005sg_9_338.jpg,drop,,audit_app,san: drop,2026-09-24T13:52:57+00:00
210/bl_005tg_9_141.jpg,reassign,168,audit_app,"riri: →168, งเาะ: →168",2026-09-24T13:52:57+00:00
210/bl_005tg_9_295.jpg,reassign,168,audit_app,งเาะ: →168,2026-09-24T13:52:57+00:00
210/bl_005tg_9_410.jpg,reassign,168,audit_app,งเาะ: →168,2026-09-24T13:52:57+00:00
210/bl_006sg_3_146.jpg,drop,,audit_app,san: drop,2026-09-24T13:52:57+00:00
210/bl_006sg_3_147.jpg,drop,,audit_app,งเาะ: drop,2026-09-24T13:52:57+00:00
210/bl_006sg_8_388.jpg,reassign,199,audit_app,งเาะ: →199,2026-09-24T13:52:57+00:00
210/bl_006tg_3_16.jpg,reassign,199,audit_app,"งง: →199, งเาะ: →199",2026-09-24T13:52:57+00:00
210/bl_007sg_3_158.jpg,drop,,audit_app,"riri: drop, งเาะ: drop",2026-09-24T13:52:57+00:00
210/bl_007sg_3_4.jpg,reassign,168,audit_app,งเาะ: →168,2026-09-24T13:52:57+00:00
210/bl_007sg_8_301.jpg,reassign,199,audit_app,riri: →199,2026-09-24T13:52:57+00:00
210/bl_007sg_8_390.jpg,drop,,audit_app,san: drop,2026-09-24T13:52:57+00:00
210/bl_007sg_8_438.jpg,drop,,audit_app,san: drop,2026-09-24T13:52:57+00:00
210/bl_007sg_8_66.jpg,drop,,audit_app,san: drop,2026-09-24T13:52:57+00:00
210/bl_007tg_8_262.jpg,reassign,168,audit_app,riri: →168,2026-09-24T13:52:57+00:00
210/bl_007tg_8_292.jpg,drop,,audit_app,san: drop,2026-09-24T13:52:57+00:00
210/bl_007tg_8_63.jpg,drop,,audit_app,san: drop,2026-09-24T13:52:57+00:00
210/bl_008sg_3_317.jpg,drop,,audit_app,riri: drop,2026-09-24T13:52:57+00:00
210/bl_009sg_3_156.jpg,reassign,168,audit_app,"san: →168, งเาะ: →168",2026-09-24T13:52:57+00:00
210/bl_009sg_3_38.jpg,reassign,168,audit_app,riri: →168,2026-09-24T13:52:57+00:00
210/bl_010sg_6_355.jpg,drop,,audit_app,งเาะ: drop,2026-09-24T13:52:57+00:00
210/bl_010sg_6_364.jpg,reassign,199,audit_app,งเาะ: →199,2026-09-24T13:52:57+00:00
210/bl_011sg_4_104.jpg,reassign,168,audit_app,งเาะ: →168,2026-09-24T13:52:57+00:00
210/bl_011sg_4_413.jpg,drop,,audit_app,งเาะ: drop,2026-09-24T13:52:57+00:00
210/bl_011tg_4_319.jpg,drop,,audit_app,งเาะ: drop,2026-09-24T13:52:57+00:00
210/bl_012sg_1_2.jpg,reassign,195,audit_app,"riri: →195, งเาะ: →195",2026-09-24T13:52:57+00:00
210/bl_012sg_1_7.jpg,reassign,195,audit_app,งเาะ: →195,2026-09-24T13:52:57+00:00
210/ce_001sg_2_119.jpg,reassign,227,audit_app,งเาะ: →227,2026-09-24T13:52:57+00:00
213/be_012sg_4_488.jpg,reassign,215,audit_app,งง: →215,2026-09-24T13:52:57+00:00
213/be_020tg_6_468.jpg,reassign,215,audit_app,งง: →215,2026-09-24T13:52:57+00:00
213/bl_003sg_7_156.jpg,reassign,215,audit_app,งง: →215,2026-09-24T13:52:57+00:00
215/bc_001tg_8_72.jpg,reassign,213,audit_app,งง: →213,2026-09-24T13:52:57+00:00
216/bc_001sg_9_336.jpg,reassign,232,audit_app,san: →232,2026-09-24T13:52:57+00:00
216/bc_001sg_9_343.jpg,reassign,232,audit_app,san: →232,2026-09-24T13:52:57+00:00
216/bc_001tg_8_362.jpg,reassign,232,audit_app,san: →232,2026-09-24T13:52:57+00:00
224/bc_001tg_8_255.jpg,drop,,audit_app,san: drop,2026-09-24T13:52:57+00:00
226/bc_016sg_5_226.jpg,reassign,227,audit_app,งง: →227,2026-09-24T13:52:57+00:00
226/bc_017sg_3_147.jpg,reassign,227,audit_app,งง: →227,2026-09-24T13:52:57+00:00
226/be_004sg_4_137.jpg,drop,,audit_app,งง: drop,2026-09-24T13:52:57+00:00
227/bc_002sg_5_200.jpg,reassign,226,audit_app,san: →226,2026-09-24T13:52:57+00:00
227/bc_007sg_6_300.jpg,reassign,226,audit_app,san: →226,2026-09-24T13:52:57+00:00
227/bc_018tg_3_301.jpg,drop,,audit_app,san: drop,2026-09-24T13:52:57+00:00
227/be_006sg_4_3.jpg,reassign,226,audit_app,san: →226,2026-09-24T13:52:57+00:00
227/be_011tg_4_132.jpg,drop,,audit_app,san: drop,2026-09-24T13:52:57+00:00
227/be_018sg_7_152.jpg,reassign,226,audit_app,san: →226,2026-09-24T13:52:57+00:00
227/bl_004sg_7_100.jpg,drop,,audit_app,san: drop,2026-09-24T13:52:57+00:00
228/bc_020tg_3_365.jpg,reassign,227,audit_app,san: →227,2026-09-24T13:52:57+00:00
228/bc_020tg_4_238.jpg,drop,,audit_app,san: drop,2026-09-24T13:52:57+00:00
228/bc_020tg_4_366.jpg,drop,,audit_app,san: drop,2026-09-24T13:52:57+00:00
228/bc_020tg_4_401.jpg,reassign,227,audit_app,san: →227,2026-09-24T13:52:57+00:00
228/bc_020tg_4_486.jpg,reassign,227,audit_app,"san: →227, งง: →227",2026-09-24T13:52:57+00:00
228/be_020tg_4_127.jpg,drop,,audit_app,san: drop,2026-09-24T13:52:57+00:00
229/be_011sg_2_439.jpg,reassign,199,audit_app,san: →199,2026-09-24T13:52:57+00:00
229/be_011tg_2_13.jpg,drop,,audit_app,"san: drop, งง: drop",2026-09-24T13:52:57+00:00
229/be_011tg_5_351.jpg,drop,,audit_app,san: drop,2026-09-24T13:52:57+00:00
231/bc_014sg_6_328.jpg,reassign,213,audit_app,san: →213,2026-09-24T13:52:57+00:00
233/bc_009sg_1_17.jpg,reassign,209,audit_app,งง: →209,2026-09-24T13:52:57+00:00
233/bc_013tg_3_30.jpg,drop,,audit_app,งง: drop,2026-09-24T13:52:57+00:00
233/bc_014sg_6_157.jpg,drop,,audit_app,งง: drop,2026-09-24T13:52:57+00:00
233/bc_014tg_5_118.jpg,drop,,audit_app,งง: drop,2026-09-24T13:52:57+00:00
233/bc_014sg_3_357.jpg,reassign,209,audit_app,งง: →209,2026-09-24T13:52:57+00:00
233/bc_015sg_3_192.jpg,reassign,209,audit_app,งง: →209,2026-09-24T13:52:57+00:00
233/bc_014sg_6_318.jpg,reassign,209,audit_app,งง: →209,2026-09-24T13:52:57+00:00
233/bc_014sg_6_449.jpg,reassign,209,audit_app,งง: →209,2026-09-24T13:52:57+00:00
233/bc_014tg_5_39.jpg,reassign,209,audit_app,งง: →209,2026-09-24T13:52:57+00:00
233/bc_014tg_5_481.jpg,reassign,209,audit_app,งง: →209,2026-09-24T13:52:57+00:00
233/bc_015sg_3_122.jpg,reassign,209,audit_app,งง: →209,2026-09-24T13:52:57+00:00
233/bc_015tg_3_377.jpg,reassign,209,audit_app,งง: →209,2026-09-24T13:52:57+00:00
233/bc_016sg_7_18.jpg,reassign,209,audit_app,งง: →209,2026-09-24T13:52:57+00:00
233/bc_016tg_3_257.jpg,reassign,209,audit_app,งง: →209,2026-09-24T13:52:57+00:00
233/bc_016tg_4_18.jpg,reassign,209,audit_app,งง: →209,2026-09-24T13:52:57+00:00
233/bc_020sg_4_227.jpg,reassign,209,audit_app,"san: →209, งง: →209",2026-09-24T13:52:57+00:00
233/be_001sg_5_159.jpg,reassign,209,audit_app,งง: →209,2026-09-24T13:52:57+00:00
236/be_008sg_6_41.jpg,drop,,audit_app,งง: drop,2026-09-24T13:52:57+00:00
236/be_008sg_6_50.jpg,drop,,audit_app,งง: drop,2026-09-24T13:52:57+00:00
236/ce_001sg_2_131.jpg,drop,,audit_app,งง: drop,2026-09-24T13:52:57+00:00
248/bc_020tg_4_0.jpg,reassign,231,audit_app,งง: →231,2026-09-24T13:52:57+00:00
249/be_004sg_7_303.jpg,reassign,233,audit_app,san: →233,2026-09-24T13:52:57+00:00
