id,path,folder_class,reviewer,verdict,proposed_class,note,created_at
1,162/bc_019sg_6_5.jpg,162,san,flag,,,2026-09-24T04:52:33+00:00
2,162/bc_019sg_6_5.jpg,162,san,clear,,,2026-09-24T04:53:43+00:00
3,162/bc_020tg_4_303.jpg,162,san,flag,,,2026-09-24T04:53:46+00:00
4,161/be_006sg_4_219.jpg,161,san,flag,,,2026-09-24T04:54:34+00:00
5,161/be_006sg_4_219.jpg,161,san,clear,,,2026-09-24T04:55:02+00:00
6,162/be_008sg_5_18.jpg,162,san,wrong_class,209.0,,2026-09-24T05:14:10+00:00
7,162/be_014sg_4_304.jpg,162,san,wrong_class,209.0,,2026-09-24T05:14:20+00:00
8,167/bc_020sg_3_174.jpg,167,san,flag,,,2026-09-24T05:15:51+00:00
9,167/bc_020sg_3_174.jpg,167,san,clear,,,2026-09-24T05:15:52+00:00
10,167/bc_020sg_3_174.jpg,167,san,flag,,,2026-09-24T05:16:00+00:00
11,167/bc_020sg_3_174.jpg,167,san,clear,,,2026-09-24T05:16:08+00:00
12,210/Copy of bc_008tg_8_312.jpg,210,san,wrong_class,168.0,,2026-09-24T05:16:44+00:00
13,210/be_002tg_7_344.jpg,210,san,wrong_class,195.0,,2026-09-24T05:16:53+00:00
14,210/bc_020tg_3_117.jpg,210,san,wrong_class,168.0,,2026-09-24T05:17:06+00:00
15,210/bc_020tg_3_150.jpg,210,san,wrong_class,199.0,,2026-09-24T05:17:40+00:00
16,210/Copy of bc_008tg_11_3.jpg,210,san,wrong_class,168.0,,2026-09-24T05:22:32+00:00
17,210/Copy of bc_008tg_11_118.jpg,210,san,wrong_class,168.0,,2026-09-24T05:51:15+00:00
18,210/bc_020sg_4_85.jpg,210,san,wrong_class,199.0,,2026-09-24T05:51:19+00:00
19,210/Copy of bc_008tg_11_31.jpg,210,san,wrong_class,168.0,,2026-09-24T05:51:24+00:00
20,210/be_018sg_7_313.jpg,210,san,drop,,,2026-09-24T05:51:39+00:00
21,210/be_016tg_8_136.jpg,210,san,wrong_class,230.0,,2026-09-24T05:51:53+00:00
22,210/be_018sg_4_3.jpg,210,san,wrong_class,228.0,,2026-09-24T05:51:59+00:00
23,210/bc_020tg_2_21.jpg,210,san,wrong_class,216.0,,2026-09-24T05:52:03+00:00
24,210/bc_020tg_3_138.jpg,210,san,wrong_class,199.0,,2026-09-24T05:52:07+00:00
25,210/be_016sg_9_298.jpg,210,san,wrong_class,197.0,,2026-09-24T05:52:12+00:00
26,210/bc_020sg_7_50.jpg,210,san,wrong_class,195.0,,2026-09-24T05:52:18+00:00
27,210/Copy of bc_008tg_11_168.jpg,210,san,wrong_class,168.0,,2026-09-24T05:52:22+00:00
28,210/bc_020tg_3_447.jpg,210,san,wrong_class,199.0,,2026-09-24T05:52:27+00:00
29,210/be_016sg_2_6.jpg,210,san,wrong_class,227.0,,2026-09-24T05:52:32+00:00
30,210/bc_020tg_3_131.jpg,210,san,wrong_class,199.0,,2026-09-24T05:54:05+00:00
31,210/bc_020tg_3_324.jpg,210,san,wrong_class,199.0,,2026-09-24T05:54:16+00:00
32,210/be_018tg_7_115.jpg,210,san,wrong_class,199.0,,2026-09-24T05:54:21+00:00
33,210/be_002tg_10_78.jpg,210,san,wrong_class,228.0,,2026-09-24T05:54:24+00:00
34,210/be_018tg_6_395.jpg,210,san,wrong_class,227.0,,2026-09-24T05:54:28+00:00
35,210/be_018sg_4_29.jpg,210,san,wrong_class,227.0,,2026-09-24T05:54:45+00:00
36,210/be_013sg_1_422.jpg,210,san,wrong_class,227.0,,2026-09-24T05:54:48+00:00
37,210/be_016sg_10_189.jpg,210,san,wrong_class,227.0,,2026-09-24T05:54:56+00:00
38,161/bc_020sg_3_480.jpg,161,riri,flag,,,2026-09-24T07:35:16+00:00
39,180/bc_020tg_3_428.jpg,180,san,wrong_class,164.0,,2026-09-24T07:39:08+00:00
40,229/ce_001sg_2_12.jpg,229,งงอะ,flag,,,2026-09-24T07:39:25+00:00
41,180/bc_020tg_3_428.jpg,180,san,flag,,,2026-09-24T07:39:27+00:00
42,180/bc_020tg_3_428.jpg,180,san,clear,,,2026-09-24T07:39:30+00:00
43,229/be_002sg_9_357.jpg,229,งงอะ,flag,,,2026-09-24T07:39:30+00:00
44,229/ce_001sg_2_12.jpg,229,งงอะ,clear,,,2026-09-24T07:39:36+00:00
45,229/ce_001sg_2_12.jpg,229,งงอะ,flag,,,2026-09-24T07:39:36+00:00
46,229/be_002sg_9_357.jpg,229,งงอะ,clear,,,2026-09-24T07:39:38+00:00
47,229/ce_001sg_2_12.jpg,229,งงอะ,clear,,,2026-09-24T07:39:41+00:00
48,180/bc_007sg_3_179.jpg,180,san,wrong_class,164.0,,2026-09-24T07:39:44+00:00
49,229/be_002sg_9_357.jpg,229,งงอะ,flag,,,2026-09-24T07:39:44+00:00
50,210/Copy of bc_008tg_8_312.jpg,210,งเาะ,wrong_class,168.0,,2026-09-24T07:42:11+00:00
51,161/bc_020sg_3_334.jpg,161,riri,wrong_class,205.0,,2026-09-24T07:42:16+00:00
52,161/bc_020sg_3_480.jpg,161,riri,wrong_class,164.0,,2026-09-24T07:42:29+00:00
53,161/bc_020sg_3_334.jpg,161,riri,wrong_class,205.0,,2026-09-24T07:43:25+00:00
54,161/bc_020tg_4_45.jpg,161,riri,unsure,,,2026-09-24T07:43:43+00:00
55,210/be_002tg_7_344.jpg,210,งเาะ,wrong_class,195.0,,2026-09-24T07:43:43+00:00
56,161/be_006sg_1_453.jpg,161,riri,wrong_class,192.0,,2026-09-24T07:44:00+00:00
57,210/bc_020tg_3_117.jpg,210,งเาะ,wrong_class,168.0,,2026-09-24T07:44:11+00:00
58,161/bc_020tg_4_65.jpg,161,riri,unsure,,,2026-09-24T07:44:14+00:00
59,161/bc_020sg_4_395.jpg,161,riri,wrong_class,164.0,,2026-09-24T07:44:36+00:00
60,161/be_006sg_8_257.jpg,161,riri,wrong_class,182.0,,2026-09-24T07:44:48+00:00
61,161/bc_012sg_4_240.jpg,161,riri,wrong_class,164.0,,2026-09-24T07:45:16+00:00
62,162/bc_009sg_1_25.jpg,162,san,wrong_class,170.0,,2026-09-24T07:45:24+00:00
63,229/be_002sg_9_357.jpg,229,งง,drop,,,2026-09-24T07:45:40+00:00
64,162/be_002sg_10_162.jpg,162,san,wrong_class,209.0,,2026-09-24T07:45:49+00:00
65,210/be_016sg_9_298.jpg,210,งเาะ,wrong_class,197.0,,2026-09-24T07:46:04+00:00
66,162/bc_019sg_6_5.jpg,162,san,wrong_class,186.0,,2026-09-24T07:46:19+00:00
67,161/be_004sg_7_328.jpg,161,riri,wrong_class,192.0,,2026-09-24T07:46:37+00:00
68,162/bc_019sg_6_450.jpg,162,san,wrong_class,170.0,,2026-09-24T07:46:47+00:00
69,161/bc_018tg_3_152.jpg,161,riri,drop,,,2026-09-24T07:47:08+00:00
70,161/bc_008sg_8_56.jpg,161,riri,drop,,,2026-09-24T07:47:24+00:00
71,170/bl_006tg_3_177.jpg,170,san,wrong_class,171.0,,2026-09-24T07:47:46+00:00
72,161/bc_020sg_4_454.jpg,161,riri,unsure,,,2026-09-24T07:48:11+00:00
73,180/be_006sg_3_439.jpg,180,san,wrong_class,164.0,,2026-09-24T07:48:20+00:00
74,180/be_002sg_7_37.jpg,180,san,wrong_class,181.0,,2026-09-24T07:48:40+00:00
75,180/be_016tg_11_330.jpg,180,san,wrong_class,181.0,,2026-09-24T07:49:05+00:00
76,180/bc_020sg_3_183.jpg,180,san,wrong_class,164.0,,2026-09-24T07:49:22+00:00
77,162/bc_009sg_1_25.jpg,162,riri,wrong_class,170.0,,2026-09-24T07:49:25+00:00
78,162/be_002sg_10_162.jpg,162,riri,wrong_class,209.0,,2026-09-24T07:49:40+00:00
79,180/be_004tg_7_36.jpg,180,san,wrong_class,181.0,,2026-09-24T07:49:48+00:00
80,210/bc_020tg_3_84.jpg,210,งเาะ,drop,,,2026-09-24T07:49:51+00:00
81,162/be_008sg_5_18.jpg,162,riri,wrong_class,209.0,,2026-09-24T07:49:56+00:00
82,180/bl_009sg_3_400.jpg,180,san,wrong_class,164.0,,2026-09-24T07:50:00+00:00
83,162/bl_008sg_3_490.jpg,162,riri,wrong_class,170.0,,2026-09-24T07:50:17+00:00
84,162/bc_018sg_4_66.jpg,162,riri,wrong_class,170.0,,2026-09-24T07:50:31+00:00
85,210/bc_020tg_4_28.jpg,210,งเาะ,drop,,,2026-09-24T07:50:33+00:00
86,162/bc_019sg_6_5.jpg,162,riri,wrong_class,186.0,,2026-09-24T07:50:44+00:00
87,249/be_004sg_7_303.jpg,249,san,wrong_class,233.0,,2026-09-24T07:51:22+00:00
88,210/Copy of bc_008tg_11_118.jpg,210,งเาะ,wrong_class,168.0,,2026-09-24T07:51:41+00:00
89,162/bc_007sg_2_9.jpg,162,riri,unsure,,,2026-09-24T07:51:49+00:00
90,162/bl_008sg_1_20.jpg,162,riri,wrong_class,170.0,,2026-09-24T07:51:58+00:00
91,229/be_011tg_2_13.jpg,229,งง,drop,,,2026-09-24T07:52:03+00:00
92,210/Copy of bc_008tg_11_3.jpg,210,งเาะ,wrong_class,168.0,,2026-09-24T07:52:07+00:00
93,210/bc_020sg_7_50.jpg,210,งเาะ,wrong_class,195.0,,2026-09-24T07:52:22+00:00
94,210/Copy of bc_008tg_11_168.jpg,210,งเาะ,wrong_class,168.0,,2026-09-24T07:52:28+00:00
95,233/bc_020sg_4_227.jpg,233,san,wrong_class,209.0,,2026-09-24T07:52:32+00:00
96,210/bc_020tg_3_447.jpg,210,งเาะ,wrong_class,199.0,,2026-09-24T07:52:35+00:00
97,210/be_016sg_2_6.jpg,210,งเาะ,wrong_class,227.0,,2026-09-24T07:52:43+00:00
98,210/bc_020tg_3_150.jpg,210,งเาะ,wrong_class,199.0,,2026-09-24T07:52:53+00:00
99,210/bc_020sg_4_85.jpg,210,งเาะ,wrong_class,199.0,,2026-09-24T07:53:02+00:00
100,210/Copy of bc_008tg_11_31.jpg,210,งเาะ,wrong_class,168.0,,2026-09-24T07:53:08+00:00
101,231/bc_014sg_6_328.jpg,231,san,wrong_class,213.0,,2026-09-24T07:53:14+00:00
102,162/bl_008tg_1_33.jpg,162,riri,wrong_class,170.0,,2026-09-24T07:53:20+00:00
103,224/bc_001tg_8_255.jpg,224,san,drop,,,2026-09-24T07:53:34+00:00
104,210/be_018sg_7_313.jpg,210,งเาะ,drop,,,2026-09-24T07:53:47+00:00
105,210/be_016tg_8_136.jpg,210,งเาะ,wrong_class,230.0,,2026-09-24T07:53:53+00:00
106,210/be_018sg_4_3.jpg,210,งเาะ,wrong_class,228.0,,2026-09-24T07:53:59+00:00
107,210/bc_020tg_2_21.jpg,210,งเาะ,drop,,,2026-09-24T07:54:08+00:00
108,210/bc_020tg_3_138.jpg,210,งเาะ,wrong_class,199.0,,2026-09-24T07:54:16+00:00
109,227/be_018sg_7_152.jpg,227,san,wrong_class,226.0,,2026-09-24T07:54:18+00:00
110,227/be_006sg_4_3.jpg,227,san,wrong_class,226.0,,2026-09-24T07:54:29+00:00
111,164/be_019sg_8_200.jpg,164,riri,wrong_class,205.0,,2026-09-24T07:54:34+00:00
112,210/bc_020tg_3_48.jpg,210,งเาะ,wrong_class,180.0,,2026-09-24T07:54:37+00:00
113,227/bl_004sg_7_100.jpg,227,san,drop,,,2026-09-24T07:54:40+00:00
114,210/be_016sg_10_156.jpg,210,งเาะ,wrong_class,199.0,,2026-09-24T07:54:42+00:00
115,164/be_017sg_7_382.jpg,164,riri,wrong_class,205.0,,2026-09-24T07:54:47+00:00
116,210/bc_020tg_4_158.jpg,210,งเาะ,wrong_class,199.0,,2026-09-24T07:54:53+00:00
117,210/be_018sg_7_114.jpg,210,งเาะ,wrong_class,199.0,,2026-09-24T07:54:58+00:00
118,164/be_017sg_4_421.jpg,164,riri,wrong_class,180.0,,2026-09-24T07:55:04+00:00
119,227/bc_007sg_6_300.jpg,227,san,wrong_class,226.0,,2026-09-24T07:55:05+00:00
120,164/bc_020sg_3_450.jpg,164,riri,unsure,,,2026-09-24T07:55:16+00:00
121,210/be_002sg_7_125.jpg,210,งเาะ,wrong_class,227.0,,2026-09-24T07:55:19+00:00
122,227/bc_002sg_5_200.jpg,227,san,wrong_class,226.0,,2026-09-24T07:55:20+00:00
123,210/be_016sg_8_171.jpg,210,งเาะ,wrong_class,227.0,,2026-09-24T07:55:28+00:00
124,210/be_018sg_9_31.jpg,210,งเาะ,wrong_class,199.0,,2026-09-24T07:55:45+00:00
125,227/be_011tg_4_132.jpg,227,san,drop,,,2026-09-24T07:55:45+00:00
126,210/be_016sg_8_129.jpg,210,งเาะ,wrong_class,227.0,,2026-09-24T07:55:51+00:00
127,164/bc_014sg_2_26.jpg,164,riri,wrong_class,180.0,,2026-09-24T07:55:53+00:00
128,210/be_018tg_9_215.jpg,210,งเาะ,wrong_class,199.0,,2026-09-24T07:55:57+00:00
129,164/bc_020tg_3_25.jpg,164,riri,wrong_class,180.0,,2026-09-24T07:56:13+00:00
130,164/bc_005sg_8_92.jpg,164,riri,unsure,,,2026-09-24T07:56:43+00:00
131,228/bc_020tg_4_366.jpg,228,san,drop,,,2026-09-24T07:56:45+00:00
132,164/bc_006sg_3_405.jpg,164,riri,unsure,,,2026-09-24T07:56:49+00:00
133,228/bc_020tg_3_365.jpg,228,san,wrong_class,227.0,,2026-09-24T07:56:54+00:00
134,228/bc_020tg_4_401.jpg,228,san,wrong_class,227.0,,2026-09-24T07:57:01+00:00
135,210/be_002tg_10_78.jpg,210,งเาะ,wrong_class,228.0,,2026-09-24T07:57:05+00:00
136,164/bc_006sg_2_0.jpg,164,riri,unsure,,,2026-09-24T07:57:11+00:00
137,210/be_002tg_10_78.jpg,210,งเาะ,wrong_class,228.0,,2026-09-24T07:57:12+00:00
138,228/bc_020tg_4_486.jpg,228,san,wrong_class,227.0,,2026-09-24T07:57:14+00:00
139,210/be_002tg_10_78.jpg,210,งเาะ,wrong_class,228.0,,2026-09-24T07:57:19+00:00
140,164/bc_006sg_2_0.jpg,164,riri,drop,,,2026-09-24T07:57:24+00:00
141,228/bc_020tg_4_238.jpg,228,san,drop,,,2026-09-24T07:57:27+00:00
142,210/be_018tg_6_395.jpg,210,งเาะ,wrong_class,227.0,,2026-09-24T07:57:28+00:00
143,228/be_020tg_4_127.jpg,228,san,drop,,,2026-09-24T07:57:46+00:00
144,164/bc_005tg_1_9.jpg,164,riri,drop,,,2026-09-24T07:57:55+00:00
145,164/bc_006sg_3_457.jpg,164,riri,unsure,,,2026-09-24T07:58:08+00:00
146,164/bc_007sg_8_18.jpg,164,riri,drop,,,2026-09-24T07:58:47+00:00
147,164/bc_018sg_6_17.jpg,164,riri,drop,,,2026-09-24T07:58:58+00:00
148,210/bc_020tg_3_14.jpg,210,งเาะ,drop,,,2026-09-24T07:59:12+00:00
149,210/bc_020tg_3_131.jpg,210,งเาะ,wrong_class,199.0,,2026-09-24T07:59:17+00:00
150,210/bc_020tg_3_324.jpg,210,งเาะ,wrong_class,199.0,,2026-09-24T07:59:26+00:00
151,210/be_018tg_7_115.jpg,210,งเาะ,wrong_class,199.0,,2026-09-24T07:59:36+00:00
152,210/bc_020tg_3_438.jpg,210,งเาะ,wrong_class,199.0,,2026-09-24T07:59:49+00:00
153,210/bc_020tg_4_24.jpg,210,งเาะ,drop,,,2026-09-24T08:00:02+00:00
154,194/bl_003sg_3_159.jpg,194,san,wrong_class,209.0,,2026-09-24T08:00:02+00:00
155,164/bc_005sg_4_89.jpg,164,riri,unsure,,,2026-09-24T08:00:17+00:00
156,194/bl_003tg_1_11.jpg,194,san,wrong_class,205.0,,2026-09-24T08:00:19+00:00
157,164/bc_007sg_6_279.jpg,164,riri,unsure,,,2026-09-24T08:01:01+00:00
158,194/bl_003tg_1_11.jpg,194,san,wrong_class,205.0,,2026-09-24T08:01:17+00:00
159,164/bl_011sg_4_486.jpg,164,riri,wrong_class,180.0,,2026-09-24T08:01:56+00:00
160,194/bc_020sg_4_39.jpg,194,san,drop,,,2026-09-24T08:02:04+00:00
161,164/bc_005sg_4_237.jpg,164,riri,drop,,,2026-09-24T08:02:23+00:00
162,164/bc_007sg_6_301.jpg,164,riri,unsure,,,2026-09-24T08:02:49+00:00
163,194/bc_007sg_3_89.jpg,194,san,drop,,,2026-09-24T08:03:03+00:00
164,194/be_018tg_11_26.jpg,194,san,wrong_class,201.0,,2026-09-24T08:03:17+00:00
165,168/be_013tg_1_140.jpg,168,san,flag,,,2026-09-24T08:04:44+00:00
166,168/be_013tg_1_140.jpg,168,san,clear,,,2026-09-24T08:04:49+00:00
167,168/bc_020sg_4_13.jpg,168,san,flag,,,2026-09-24T08:08:28+00:00
168,168/bc_020sg_4_13.jpg,168,san,clear,,,2026-09-24T08:08:33+00:00
169,164/be_020tg_2_287.jpg,164,riri,flag,,,2026-09-24T08:08:36+00:00
170,168/bc_020sg_4_13.jpg,168,san,wrong_class,216.0,,2026-09-24T08:08:42+00:00
171,164/be_020tg_2_287.jpg,164,riri,clear,,,2026-09-24T08:09:02+00:00
172,164/be_020tg_2_287.jpg,164,riri,flag,,,2026-09-24T08:09:04+00:00
173,168/be_011sg_5_54.jpg,168,san,wrong_class,217.0,,2026-09-24T08:09:26+00:00
174,164/be_020tg_2_287.jpg,164,riri,wrong_class,205.0,,2026-09-24T08:09:30+00:00
175,210/be_018sg_7_91.jpg,210,งเาะ,wrong_class,227.0,,2026-09-24T08:09:33+00:00
176,210/bc_009sg_2_246.jpg,210,งเาะ,wrong_class,168.0,,2026-09-24T08:09:41+00:00
177,168/be_013tg_1_308.jpg,168,san,wrong_class,162.0,,2026-09-24T08:09:49+00:00
178,164/bc_008sg_11_240.jpg,164,riri,wrong_class,181.0,,2026-09-24T08:09:54+00:00
179,210/be_006tg_3_13.jpg,210,งเาะ,wrong_class,199.0,,2026-09-24T08:09:57+00:00
180,210/be_018tg_6_349.jpg,210,งเาะ,wrong_class,199.0,,2026-09-24T08:10:08+00:00
181,168/be_013tg_1_140.jpg,168,san,wrong_class,162.0,,2026-09-24T08:10:14+00:00
182,164/bl_009sg_3_314.jpg,164,riri,wrong_class,181.0,,2026-09-24T08:10:20+00:00
183,210/be_018tg_6_256.jpg,210,งเาะ,wrong_class,199.0,,2026-09-24T08:10:23+00:00
184,210/be_018tg_6_187.jpg,210,งเาะ,wrong_class,199.0,,2026-09-24T08:10:39+00:00
185,210/be_002tg_9_465.jpg,210,งเาะ,wrong_class,199.0,,2026-09-24T08:10:50+00:00
186,164/bc_005sg_7_14.jpg,164,riri,drop,,,2026-09-24T08:10:55+00:00
187,210/be_002tg_10_176.jpg,210,งเาะ,wrong_class,199.0,,2026-09-24T08:11:01+00:00
188,210/be_013sg_1_422.jpg,210,งเาะ,wrong_class,227.0,,2026-09-24T08:11:09+00:00
189,164/bc_006sg_3_417.jpg,164,riri,unsure,,,2026-09-24T08:11:16+00:00
190,210/be_015sg_2_192.jpg,210,งเาะ,wrong_class,227.0,,2026-09-24T08:11:16+00:00
191,210/be_018sg_7_301.jpg,210,งเาะ,wrong_class,227.0,,2026-09-24T08:11:24+00:00
192,210/be_003sg_4_440.jpg,210,งเาะ,wrong_class,227.0,,2026-09-24T08:11:32+00:00
193,180/be_016sg_11_199.jpg,180,san,wrong_class,181.0,,2026-09-24T08:11:36+00:00
194,164/bc_014sg_3_469.jpg,164,riri,wrong_class,180.0,,2026-09-24T08:11:39+00:00
195,180/be_002sg_9_226.jpg,180,san,wrong_class,181.0,,2026-09-24T08:11:42+00:00
196,180/bc_020sg_3_362.jpg,180,san,wrong_class,164.0,,2026-09-24T08:11:57+00:00
197,164/bc_018tg_3_288.jpg,164,riri,wrong_class,180.0,,2026-09-24T08:11:58+00:00
198,164/bc_007tg_9_9.jpg,164,riri,wrong_class,180.0,,2026-09-24T08:12:12+00:00
199,210/be_019tg_6_288.jpg,210,งเาะ,wrong_class,199.0,,2026-09-24T08:12:24+00:00
200,164/bc_015sg_5_265.jpg,164,riri,wrong_class,180.0,,2026-09-24T08:12:30+00:00
201,210/be_004tg_2_126.jpg,210,งเาะ,wrong_class,199.0,,2026-09-24T08:12:32+00:00
202,180/be_018sg_3_28.jpg,180,san,wrong_class,181.0,,2026-09-24T08:12:38+00:00
203,164/bc_005sg_4_67.jpg,164,riri,unsure,,,2026-09-24T08:12:40+00:00
204,210/be_018tg_9_203.jpg,210,งเาะ,wrong_class,199.0,,2026-09-24T08:12:41+00:00
205,180/be_016tg_8_264.jpg,180,san,wrong_class,181.0,,2026-09-24T08:12:48+00:00
206,210/be_006tg_1_231.jpg,210,งเาะ,wrong_class,199.0,,2026-09-24T08:12:51+00:00
207,210/be_018sg_3_343.jpg,210,งเาะ,wrong_class,227.0,,2026-09-24T08:13:01+00:00
208,164/bl_003sg_2_5.jpg,164,riri,wrong_class,180.0,,2026-09-24T08:13:18+00:00
209,210/bc_020tg_4_414.jpg,210,งเาะ,wrong_class,199.0,,2026-09-24T08:13:23+00:00
210,248/bc_020tg_4_0.jpg,248,งง,wrong_class,231.0,,2026-09-24T08:13:27+00:00
211,180/be_007sg_7_311.jpg,180,san,wrong_class,181.0,,2026-09-24T08:13:30+00:00
212,180/be_016sg_8_351.jpg,180,san,ok,,,2026-09-24T08:13:34+00:00
213,164/bc_004sg_3_245.jpg,164,riri,unsure,,,2026-09-24T08:13:42+00:00
214,180/be_007sg_6_405.jpg,180,san,wrong_class,181.0,,2026-09-24T08:13:44+00:00
215,180/be_007sg_6_405.jpg,180,san,clear,,,2026-09-24T08:13:54+00:00
216,210/be_016sg_9_386.jpg,210,งเาะ,drop,,,2026-09-24T08:13:56+00:00
217,210/be_017sg_6_455.jpg,210,งเาะ,wrong_class,199.0,,2026-09-24T08:14:05+00:00
218,180/be_016sg_8_351.jpg,180,san,clear,,,2026-09-24T08:14:07+00:00
219,164/bc_018sg_5_39.jpg,164,riri,wrong_class,180.0,,2026-09-24T08:14:10+00:00
220,210/be_018sg_3_363.jpg,210,งเาะ,wrong_class,199.0,,2026-09-24T08:14:13+00:00
221,180/be_018sg_3_28.jpg,180,san,clear,,,2026-09-24T08:14:15+00:00
222,210/be_006tg_3_403.jpg,210,งเาะ,wrong_class,199.0,,2026-09-24T08:14:24+00:00
223,210/be_016sg_9_165.jpg,210,งเาะ,wrong_class,227.0,,2026-09-24T08:14:30+00:00
224,210/be_003tg_8_128.jpg,210,งเาะ,wrong_class,199.0,,2026-09-24T08:14:37+00:00
225,164/bc_007sg_5_218.jpg,164,riri,unsure,,,2026-09-24T08:14:38+00:00
226,210/be_019sg_5_24.jpg,210,งเาะ,wrong_class,227.0,,2026-09-24T08:14:43+00:00
227,210/be_018sg_6_279.jpg,210,งเาะ,wrong_class,227.0,,2026-09-24T08:14:51+00:00
228,210/be_018tg_3_436.jpg,210,งเาะ,wrong_class,199.0,,2026-09-24T08:14:58+00:00
229,182/bc_020sg_4_22.jpg,182,san,wrong_class,161.0,,2026-09-24T08:15:02+00:00
230,210/be_002sg_5_89.jpg,210,งเาะ,wrong_class,199.0,,2026-09-24T08:15:11+00:00
231,164/bl_009sg_3_121.jpg,164,riri,wrong_class,180.0,,2026-09-24T08:15:16+00:00
232,210/be_018sg_6_186.jpg,210,งเาะ,wrong_class,199.0,,2026-09-24T08:15:22+00:00
233,210/be_003sg_9_135.jpg,210,งเาะ,wrong_class,227.0,,2026-09-24T08:15:44+00:00
234,210/be_018sg_7_146.jpg,210,งเาะ,wrong_class,227.0,,2026-09-24T08:15:52+00:00
235,231/bc_011sg_3_485.jpg,231,งง,wrong_class,248.0,,2026-09-24T08:15:57+00:00
236,210/be_016sg_9_426.jpg,210,งเาะ,wrong_class,230.0,,2026-09-24T08:16:02+00:00
237,164/bl_009tg_3_178.jpg,164,riri,unsure,,,2026-09-24T08:16:08+00:00
238,210/be_018tg_6_72.jpg,210,งเาะ,wrong_class,199.0,,2026-09-24T08:16:13+00:00
239,210/be_011sg_2_231.jpg,210,งเาะ,wrong_class,199.0,,2026-09-24T08:16:19+00:00
240,210/be_002tg_4_34.jpg,210,งเาะ,wrong_class,199.0,,2026-09-24T08:16:26+00:00
241,210/bc_020tg_4_214.jpg,210,งเาะ,drop,,,2026-09-24T08:16:35+00:00
242,164/bc_015tg_5_259.jpg,164,riri,wrong_class,180.0,,2026-09-24T08:16:39+00:00
243,210/be_013tg_2_420.jpg,210,งเาะ,wrong_class,199.0,,2026-09-24T08:16:44+00:00
244,164/bc_007sg_6_203.jpg,164,riri,unsure,,,2026-09-24T08:17:07+00:00
245,210/be_002tg_7_273.jpg,210,งเาะ,drop,,,2026-09-24T08:17:10+00:00
246,210/be_014sg_4_7.jpg,210,งเาะ,wrong_class,227.0,,2026-09-24T08:17:19+00:00
247,210/be_018sg_6_270.jpg,210,งเาะ,wrong_class,227.0,,2026-09-24T08:17:25+00:00
248,229/be_011tg_5_351.jpg,229,san,drop,,,2026-09-24T08:17:35+00:00
249,210/be_007sg_4_122.jpg,210,งเาะ,wrong_class,227.0,,2026-09-24T08:17:37+00:00
250,210/be_003sg_4_167.jpg,210,งเาะ,wrong_class,199.0,,2026-09-24T08:17:43+00:00
251,164/bc_007sg_6_115.jpg,164,riri,drop,,,2026-09-24T08:17:49+00:00
252,210/be_019sg_3_87.jpg,210,งเาะ,wrong_class,227.0,,2026-09-24T08:17:52+00:00
253,164/bl_011sg_4_130.jpg,164,riri,wrong_class,180.0,,2026-09-24T08:17:59+00:00
254,210/bl_004tg_1_272.jpg,210,งเาะ,drop,,,2026-09-24T08:18:11+00:00
255,229/be_011sg_2_439.jpg,229,san,wrong_class,199.0,,2026-09-24T08:18:14+00:00
256,210/be_015tg_1_382.jpg,210,งเาะ,wrong_class,199.0,,2026-09-24T08:18:32+00:00
257,210/be_019tg_3_284.jpg,210,งเาะ,wrong_class,199.0,,2026-09-24T08:18:38+00:00
258,210/be_016sg_10_42.jpg,210,งเาะ,wrong_class,227.0,,2026-09-24T08:18:43+00:00
259,164/bc_007sg_6_115.jpg,164,riri,drop,,,2026-09-24T08:18:48+00:00
260,210/be_006tg_3_66.jpg,210,งเาะ,wrong_class,199.0,,2026-09-24T08:18:50+00:00
261,210/be_006tg_3_234.jpg,210,งเาะ,wrong_class,199.0,,2026-09-24T08:18:55+00:00
262,210/be_014tg_4_398.jpg,210,งเาะ,wrong_class,199.0,,2026-09-24T08:19:00+00:00
263,210/be_018tg_3_172.jpg,210,งเาะ,wrong_class,199.0,,2026-09-24T08:19:18+00:00
264,210/be_007tg_3_26.jpg,210,งเาะ,wrong_class,199.0,,2026-09-24T08:19:32+00:00
265,210/be_020sg_6_241.jpg,210,งเาะ,wrong_class,227.0,,2026-09-24T08:19:48+00:00
266,210/be_019tg_3_277.jpg,210,งเาะ,wrong_class,199.0,,2026-09-24T08:19:53+00:00
267,210/be_016sg_10_200.jpg,210,งเาะ,wrong_class,199.0,,2026-09-24T08:20:05+00:00
268,210/be_019sg_6_167.jpg,210,งเาะ,wrong_class,227.0,,2026-09-24T08:20:14+00:00
269,210/be_007tg_4_14.jpg,210,งเาะ,wrong_class,199.0,,2026-09-24T08:20:32+00:00
270,229/be_011tg_2_13.jpg,229,san,drop,,,2026-09-24T08:20:52+00:00
271,210/be_016tg_2_6.jpg,210,งเาะ,wrong_class,227.0,,2026-09-24T08:20:52+00:00
272,229/be_011tg_2_13.jpg,229,san,drop,,,2026-09-24T08:21:00+00:00
273,210/be_016tg_3_6.jpg,210,งเาะ,wrong_class,227.0,,2026-09-24T08:21:07+00:00
274,210/be_003tg_2_111.jpg,210,งเาะ,wrong_class,199.0,,2026-09-24T08:21:24+00:00
275,210/be_003sg_7_77.jpg,210,งเาะ,wrong_class,227.0,,2026-09-24T08:21:35+00:00
276,210/be_016tg_9_99.jpg,210,งเาะ,wrong_class,199.0,,2026-09-24T08:21:44+00:00
277,210/be_002sg_6_260.jpg,210,งเาะ,wrong_class,227.0,,2026-09-24T08:21:53+00:00
278,210/bc_020tg_3_6.jpg,210,งเาะ,drop,,,2026-09-24T08:22:01+00:00
279,210/be_008sg_4_242.jpg,210,งเาะ,wrong_class,199.0,,2026-09-24T08:22:09+00:00
280,210/be_007tg_6_149.jpg,210,งเาะ,wrong_class,199.0,,2026-09-24T08:22:20+00:00
281,210/be_006tg_3_384.jpg,210,งเาะ,wrong_class,199.0,,2026-09-24T08:22:27+00:00
282,210/be_007tg_3_290.jpg,210,งเาะ,wrong_class,199.0,,2026-09-24T08:22:36+00:00
283,210/be_018sg_5_59.jpg,210,งเาะ,wrong_class,199.0,,2026-09-24T08:22:48+00:00
284,210/be_017tg_7_214.jpg,210,งเาะ,wrong_class,199.0,,2026-09-24T08:23:01+00:00
285,210/be_013tg_2_5.jpg,210,งเาะ,wrong_class,199.0,,2026-09-24T08:23:16+00:00
286,210/be_020tg_2_52.jpg,210,งเาะ,wrong_class,199.0,,2026-09-24T08:23:27+00:00
287,210/be_011sg_2_210.jpg,210,งเาะ,wrong_class,227.0,,2026-09-24T08:23:43+00:00
288,210/bc_012sg_2_255.jpg,210,งเาะ,wrong_class,199.0,,2026-09-24T08:23:50+00:00
289,210/be_003sg_9_25.jpg,210,งเาะ,wrong_class,227.0,,2026-09-24T08:24:03+00:00
290,210/be_006tg_4_68.jpg,210,งเาะ,wrong_class,199.0,,2026-09-24T08:24:14+00:00
291,210/be_007tg_4_115.jpg,210,งเาะ,wrong_class,199.0,,2026-09-24T08:24:59+00:00
292,210/be_018tg_8_45.jpg,210,งเาะ,drop,,,2026-09-24T08:25:22+00:00
293,210/be_008tg_7_460.jpg,210,งเาะ,wrong_class,199.0,,2026-09-24T08:25:29+00:00
294,210/be_007tg_6_48.jpg,210,งเาะ,wrong_class,199.0,,2026-09-24T08:25:43+00:00
295,210/be_007tg_6_48.jpg,210,งเาะ,wrong_class,199.0,,2026-09-24T08:25:56+00:00
296,210/bc_015tg_3_147.jpg,210,งเาะ,wrong_class,199.0,,2026-09-24T08:26:05+00:00
297,210/be_015tg_1_412.jpg,210,งเาะ,wrong_class,199.0,,2026-09-24T08:26:13+00:00
298,210/be_015tg_2_73.jpg,210,งเาะ,wrong_class,199.0,,2026-09-24T08:26:24+00:00
299,210/be_015tg_1_222.jpg,210,งเาะ,wrong_class,199.0,,2026-09-24T08:26:38+00:00
300,199/bl_004sg_7_113.jpg,199,san,wrong_class,195.0,,2026-09-24T08:27:20+00:00
301,199/bc_020tg_3_195.jpg,199,san,wrong_class,210.0,,2026-09-24T08:27:25+00:00
302,199/bc_020tg_3_195.jpg,199,san,wrong_class,195.0,,2026-09-24T08:27:35+00:00
303,210/be_018sg_4_29.jpg,210,งเาะ,wrong_class,227.0,,2026-09-24T08:27:56+00:00
304,199/be_011sg_1_127.jpg,199,san,wrong_class,209.0,,2026-09-24T08:28:01+00:00
305,210/bc_018sg_4_440.jpg,210,งเาะ,wrong_class,199.0,,2026-09-24T08:28:19+00:00
306,170/be_006sg_4_84.jpg,170,riri,wrong_class,162.0,,2026-09-24T08:28:24+00:00
307,210/be_016sg_10_189.jpg,210,งเาะ,wrong_class,227.0,,2026-09-24T08:28:28+00:00
308,210/be_016tg_4_6.jpg,210,งเาะ,wrong_class,227.0,,2026-09-24T08:28:34+00:00
309,170/be_016sg_11_83.jpg,170,riri,wrong_class,162.0,,2026-09-24T08:28:37+00:00
310,199/bc_011sg_1_6.jpg,199,san,wrong_class,195.0,,2026-09-24T08:28:43+00:00
311,210/be_016sg_8_140.jpg,210,งเาะ,drop,,,2026-09-24T08:28:46+00:00
312,199/bc_020tg_3_17.jpg,199,san,wrong_class,195.0,,2026-09-24T08:28:50+00:00
313,170/bl_004tg_5_112.jpg,170,riri,wrong_class,171.0,,2026-09-24T08:28:55+00:00
314,210/be_005sg_2_267.jpg,210,งเาะ,wrong_class,227.0,,2026-09-24T08:29:07+00:00
315,170/bc_016tg_7_133.jpg,170,riri,wrong_class,162.0,,2026-09-24T08:29:15+00:00
316,170/bl_005tg_9_170.jpg,170,riri,wrong_class,171.0,,2026-09-24T08:29:32+00:00
317,210/be_007tg_7_243.jpg,210,งเาะ,wrong_class,199.0,,2026-09-24T08:29:37+00:00
318,170/bl_006sg_8_101.jpg,170,riri,wrong_class,171.0,,2026-09-24T08:29:45+00:00
319,210/be_016tg_10_157.jpg,210,งเาะ,wrong_class,199.0,,2026-09-24T08:29:45+00:00
320,210/be_002sg_7_9.jpg,210,งเาะ,wrong_class,227.0,,2026-09-24T08:29:53+00:00
321,210/be_006tg_3_155.jpg,210,งเาะ,wrong_class,199.0,,2026-09-24T08:29:58+00:00
322,170/be_012sg_3_349.jpg,170,riri,wrong_class,171.0,,2026-09-24T08:30:06+00:00
323,210/be_012sg_4_77.jpg,210,งเาะ,wrong_class,227.0,,2026-09-24T08:30:07+00:00
324,170/bc_008tg_8_265.jpg,170,riri,wrong_class,171.0,,2026-09-24T08:30:17+00:00
325,210/be_016sg_8_3.jpg,210,งเาะ,wrong_class,199.0,,2026-09-24T08:30:23+00:00
326,210/bl_004sg_4_98.jpg,210,งเาะ,drop,,,2026-09-24T08:30:27+00:00
327,231/bc_008sg_8_312.jpg,231,งง,wrong_class,248.0,,2026-09-24T08:30:28+00:00
328,210/be_014tg_2_106.jpg,210,งเาะ,wrong_class,199.0,,2026-09-24T08:30:32+00:00
329,210/be_019sg_8_80.jpg,210,งเาะ,wrong_class,199.0,,2026-09-24T08:30:38+00:00
330,170/bl_007sg_8_343.jpg,170,riri,wrong_class,171.0,,2026-09-24T08:30:48+00:00
331,170/bc_014tg_6_267.jpg,170,riri,wrong_class,171.0,,2026-09-24T08:30:59+00:00
332,199/bc_011sg_1_3.jpg,199,san,wrong_class,195.0,,2026-09-24T08:31:07+00:00
333,170/bl_001sg_8_206.jpg,170,riri,wrong_class,162.0,,2026-09-24T08:31:21+00:00
334,231/bc_008tg_14_60.jpg,231,งง,wrong_class,248.0,,2026-09-24T08:31:34+00:00
335,210/be_002tg_7_91.jpg,210,งเาะ,unsure,,,2026-09-24T08:31:39+00:00
336,170/bl_002sg_10_197.jpg,170,riri,wrong_class,162.0,,2026-09-24T08:31:46+00:00
337,170/be_018sg_6_395.jpg,170,riri,ok,,,2026-09-24T08:31:52+00:00
338,170/bc_001sg_9_347.jpg,170,riri,ok,,,2026-09-24T08:31:52+00:00
339,170/bc_014tg_6_132.jpg,170,riri,ok,,,2026-09-24T08:31:52+00:00
340,170/bl_005sg_9_44.jpg,170,riri,ok,,,2026-09-24T08:31:52+00:00
341,170/bl_001tg_1_8.jpg,170,riri,ok,,,2026-09-24T08:31:52+00:00
342,170/bc_020sg_4_378.jpg,170,riri,ok,,,2026-09-24T08:31:52+00:00
343,170/bc_005sg_7_12.jpg,170,riri,ok,,,2026-09-24T08:31:52+00:00
344,170/bc_019tg_5_43.jpg,170,riri,ok,,,2026-09-24T08:31:52+00:00
345,170/bc_020sg_3_315.jpg,170,riri,ok,,,2026-09-24T08:31:52+00:00
346,170/bc_005sg_1_8.jpg,170,riri,ok,,,2026-09-24T08:31:52+00:00
347,170/be_013tg_1_163.jpg,170,riri,ok,,,2026-09-24T08:31:52+00:00
348,170/bc_007tg_9_165.jpg,170,riri,ok,,,2026-09-24T08:31:52+00:00
349,170/bc_006tg_2_11.jpg,170,riri,ok,,,2026-09-24T08:31:52+00:00
350,170/bc_008sg_8_81.jpg,170,riri,ok,,,2026-09-24T08:31:52+00:00
351,170/bc_020sg_4_450.jpg,170,riri,ok,,,2026-09-24T08:31:52+00:00
352,170/bc_012tg_2_328.jpg,170,riri,ok,,,2026-09-24T08:31:52+00:00
353,170/be_001sg_2_415.jpg,170,riri,ok,,,2026-09-24T08:31:52+00:00
354,170/bc_019sg_6_301.jpg,170,riri,ok,,,2026-09-24T08:31:52+00:00
355,170/bl_005sg_9_308.jpg,170,riri,ok,,,2026-09-24T08:31:52+00:00
356,170/bl_005sg_3_97.jpg,170,riri,ok,,,2026-09-24T08:31:52+00:00
357,210/be_012sg_3_451.jpg,210,งเาะ,wrong_class,227.0,,2026-09-24T08:31:57+00:00
358,210/be_019sg_5_212.jpg,210,งเาะ,wrong_class,227.0,,2026-09-24T08:32:06+00:00
359,210/be_007tg_7_322.jpg,210,งเาะ,wrong_class,199.0,,2026-09-24T08:32:12+00:00
360,210/be_014tg_3_193.jpg,210,งเาะ,wrong_class,199.0,,2026-09-24T08:32:17+00:00
361,210/be_005sg_2_186.jpg,210,งเาะ,wrong_class,199.0,,2026-09-24T08:32:21+00:00
362,231/bc_008sg_6_214.jpg,231,งง,wrong_class,248.0,,2026-09-24T08:32:26+00:00
363,210/bc_015tg_4_19.jpg,210,งเาะ,wrong_class,199.0,,2026-09-24T08:32:29+00:00
364,210/be_011sg_1_359.jpg,210,งเาะ,wrong_class,199.0,,2026-09-24T08:32:42+00:00
365,210/be_008sg_4_338.jpg,210,งเาะ,wrong_class,199.0,,2026-09-24T08:33:01+00:00
366,210/be_020sg_5_3.jpg,210,งเาะ,wrong_class,199.0,,2026-09-24T08:33:07+00:00
367,210/be_018tg_5_62.jpg,210,งเาะ,wrong_class,199.0,,2026-09-24T08:33:14+00:00
368,210/be_009sg_3_428.jpg,210,งเาะ,wrong_class,199.0,,2026-09-24T08:33:20+00:00
369,199/bl_003tg_3_94.jpg,199,san,drop,,,2026-09-24T08:33:24+00:00
370,231/bc_014sg_6_328.jpg,231,งง,wrong_class,213.0,,2026-09-24T08:33:35+00:00
371,199/bl_007sg_3_219.jpg,199,san,wrong_class,195.0,,2026-09-24T08:33:41+00:00
372,199/bl_002sg_3_93.jpg,199,san,wrong_class,195.0,,2026-09-24T08:33:59+00:00
373,210/be_017tg_6_82.jpg,210,งเาะ,wrong_class,199.0,,2026-09-24T08:34:06+00:00
374,231/bc_011sg_3_171.jpg,231,งง,unsure,,,2026-09-24T08:34:12+00:00
375,170/be_008sg_4_95.jpg,170,riri,wrong_class,171.0,,2026-09-24T08:34:14+00:00
376,210/be_012tg_4_99.jpg,210,งเาะ,wrong_class,199.0,,2026-09-24T08:34:16+00:00
377,199/bl_001sg_3_58.jpg,199,san,wrong_class,195.0,,2026-09-24T08:34:24+00:00
378,210/be_002sg_6_201.jpg,210,งเาะ,wrong_class,199.0,,2026-09-24T08:34:25+00:00
379,231/bc_009sg_2_131.jpg,231,งง,unsure,,,2026-09-24T08:34:29+00:00
380,210/be_019sg_3_219.jpg,210,งเาะ,wrong_class,199.0,,2026-09-24T08:34:31+00:00
381,170/bl_011sg_4_58.jpg,170,riri,wrong_class,162.0,,2026-09-24T08:34:34+00:00
382,210/be_019sg_3_219.jpg,210,งเาะ,wrong_class,199.0,,2026-09-24T08:34:51+00:00
383,210/be_007sg_4_265.jpg,210,งเาะ,wrong_class,227.0,,2026-09-24T08:34:58+00:00
384,210/be_001sg_5_199.jpg,210,งเาะ,wrong_class,199.0,,2026-09-24T08:35:08+00:00
385,210/be_018tg_9_144.jpg,210,งเาะ,wrong_class,199.0,,2026-09-24T08:35:21+00:00
386,199/bl_005sg_9_252.jpg,199,san,drop,,,2026-09-24T08:35:32+00:00
387,170/bl_011sg_3_7.jpg,170,riri,unsure,,,2026-09-24T08:35:35+00:00
388,210/be_009sg_4_229.jpg,210,งเาะ,wrong_class,199.0,,2026-09-24T08:35:35+00:00
389,231/bc_014sg_6_293.jpg,231,งง,drop,,,2026-09-24T08:35:42+00:00
390,210/bl_008tg_3_329.jpg,210,งเาะ,unsure,,,2026-09-24T08:35:53+00:00
391,231/bc_014sg_6_420.jpg,231,งง,drop,,,2026-09-24T08:35:56+00:00
392,210/be_016tg_11_194.jpg,210,งเาะ,wrong_class,199.0,,2026-09-24T08:36:00+00:00
393,210/be_016sg_11_485.jpg,210,งเาะ,wrong_class,227.0,,2026-09-24T08:36:07+00:00
394,210/be_004sg_2_29.jpg,210,งเาะ,wrong_class,199.0,,2026-09-24T08:36:17+00:00
395,231/bc_011sg_6_18.jpg,231,งง,unsure,,,2026-09-24T08:36:22+00:00
396,210/be_018sg_9_23.jpg,210,งเาะ,wrong_class,227.0,,2026-09-24T08:36:27+00:00
397,171/bl_004tg_11_281.jpg,171,riri,wrong_class,170.0,,2026-09-24T08:36:32+00:00
398,199/bl_005sg_11_9.jpg,199,san,wrong_class,240.0,,2026-09-24T08:36:34+00:00
399,210/be_011sg_2_55.jpg,210,งเาะ,wrong_class,227.0,,2026-09-24T08:36:35+00:00
400,210/be_019tg_8_104.jpg,210,งเาะ,wrong_class,199.0,,2026-09-24T08:36:41+00:00
401,171/bl_003tg_7_448.jpg,171,riri,wrong_class,170.0,,2026-09-24T08:36:46+00:00
402,210/be_009sg_3_160.jpg,210,งเาะ,wrong_class,199.0,,2026-09-24T08:36:48+00:00
403,231/bc_006sg_3_68.jpg,231,งง,drop,,,2026-09-24T08:36:48+00:00
404,199/be_020sg_5_215.jpg,199,san,unsure,,,2026-09-24T08:36:53+00:00
405,231/bc_014sg_6_20.jpg,231,งง,drop,,,2026-09-24T08:37:01+00:00
406,171/bl_001sg_9_115.jpg,171,riri,wrong_class,170.0,,2026-09-24T08:37:03+00:00
407,210/be_013tg_2_9.jpg,210,งเาะ,wrong_class,199.0,,2026-09-24T08:37:03+00:00
408,171/bl_007tg_8_131.jpg,171,riri,wrong_class,170.0,,2026-09-24T08:37:11+00:00
409,171/bl_007tg_8_438.jpg,171,riri,wrong_class,170.0,,2026-09-24T08:37:21+00:00
410,171/bl_006tg_3_136.jpg,171,riri,wrong_class,170.0,,2026-09-24T08:37:29+00:00
411,210/be_014tg_2_458.jpg,210,งเาะ,wrong_class,199.0,,2026-09-24T08:37:29+00:00
412,199/bc_011sg_1_11.jpg,199,san,wrong_class,195.0,,2026-09-24T08:37:35+00:00
413,210/be_014tg_2_52.jpg,210,งเาะ,wrong_class,199.0,,2026-09-24T08:37:46+00:00
414,231/bc_006sg_6_276.jpg,231,งง,unsure,,,2026-09-24T08:37:55+00:00
415,199/bc_020tg_3_431.jpg,199,san,drop,,,2026-09-24T08:38:04+00:00
416,210/be_003tg_9_63.jpg,210,งเาะ,wrong_class,199.0,,2026-09-24T08:38:08+00:00
417,231/bc_014sg_6_20.jpg,231,งง,unsure,,,2026-09-24T08:38:10+00:00
418,199/bc_017sg_3_207.jpg,199,san,unsure,,,2026-09-24T08:38:28+00:00
419,231/bc_007tg_3_20.jpg,231,งง,unsure,,,2026-09-24T08:38:32+00:00
420,210/be_020sg_2_377.jpg,210,งเาะ,wrong_class,227.0,,2026-09-24T08:38:35+00:00
421,171/be_008tg_5_62.jpg,171,riri,wrong_class,170.0,,2026-09-24T08:38:41+00:00
422,210/bc_005sg_8_17.jpg,210,งเาะ,wrong_class,168.0,,2026-09-24T08:38:48+00:00
423,210/bl_006sg_8_388.jpg,210,งเาะ,wrong_class,199.0,,2026-09-24T08:39:00+00:00
424,171/bl_006tg_3_34.jpg,171,riri,wrong_class,170.0,,2026-09-24T08:39:01+00:00
425,231/bc_011tg_6_77.jpg,231,งง,unsure,,,2026-09-24T08:39:02+00:00
426,210/be_007tg_4_303.jpg,210,งเาะ,wrong_class,199.0,,2026-09-24T08:39:13+00:00
427,171/bl_005tg_9_47.jpg,171,riri,wrong_class,170.0,,2026-09-24T08:39:18+00:00
428,210/be_020sg_2_280.jpg,210,งเาะ,wrong_class,199.0,,2026-09-24T08:39:24+00:00
429,210/be_012sg_4_273.jpg,210,งเาะ,wrong_class,227.0,,2026-09-24T08:39:36+00:00
430,210/be_013sg_2_260.jpg,210,งเาะ,unsure,,,2026-09-24T08:39:45+00:00
431,210/bl_005tg_9_295.jpg,210,งเาะ,wrong_class,168.0,,2026-09-24T08:39:53+00:00
432,210/be_002tg_9_225.jpg,210,งเาะ,wrong_class,199.0,,2026-09-24T08:40:07+00:00
433,171/bc_014sg_3_257.jpg,171,riri,wrong_class,170.0,,2026-09-24T08:40:10+00:00
434,210/be_006tg_8_223.jpg,210,งเาะ,wrong_class,199.0,,2026-09-24T08:40:21+00:00
435,231/bc_007sg_3_18.jpg,231,งง,wrong_class,236.0,,2026-09-24T08:40:23+00:00
436,210/be_004sg_2_372.jpg,210,งเาะ,wrong_class,199.0,,2026-09-24T08:40:36+00:00
437,171/bc_008tg_11_114.jpg,171,riri,wrong_class,170.0,,2026-09-24T08:40:50+00:00
438,210/be_020sg_6_349.jpg,210,งเาะ,wrong_class,227.0,,2026-09-24T08:40:51+00:00
439,171/bc_018sg_3_271.jpg,171,riri,wrong_class,170.0,,2026-09-24T08:41:02+00:00
440,171/bc_011sg_6_67.jpg,171,riri,wrong_class,170.0,,2026-09-24T08:41:11+00:00
441,210/be_020tg_6_231.jpg,210,งเาะ,wrong_class,199.0,,2026-09-24T08:41:12+00:00
442,231/bc_005sg_8_62.jpg,231,งง,unsure,,,2026-09-24T08:41:15+00:00
443,171/be_020sg_5_137.jpg,171,riri,wrong_class,170.0,,2026-09-24T08:41:21+00:00
444,210/be_018tg_9_232.jpg,210,งเาะ,wrong_class,199.0,,2026-09-24T08:41:26+00:00
445,171/bl_011sg_4_362.jpg,171,riri,wrong_class,170.0,,2026-09-24T08:41:29+00:00
446,210/be_001tg_5_67.jpg,210,งเาะ,wrong_class,199.0,,2026-09-24T08:41:44+00:00
447,171/bc_004sg_6_91.jpg,171,riri,unsure,,,2026-09-24T08:41:57+00:00
448,210/be_017tg_6_14.jpg,210,งเาะ,wrong_class,199.0,,2026-09-24T08:42:06+00:00
449,171/bc_017tg_3_55.jpg,171,riri,wrong_class,170.0,,2026-09-24T08:42:08+00:00
450,231/bc_007sg_3_18.jpg,231,งง,drop,,,2026-09-24T08:42:08+00:00
451,231/bc_005sg_8_62.jpg,231,งง,unsure,,,2026-09-24T08:42:19+00:00
452,210/be_015tg_2_448.jpg,210,งเาะ,wrong_class,199.0,,2026-09-24T08:42:23+00:00
453,231/bc_007sg_6_305.jpg,231,งง,unsure,,,2026-09-24T08:42:27+00:00
454,231/bc_009sg_2_161.jpg,231,งง,unsure,,,2026-09-24T08:42:38+00:00
455,210/bl_006tg_3_16.jpg,210,งเาะ,wrong_class,199.0,,2026-09-24T08:42:42+00:00
456,231/bc_006sg_6_242.jpg,231,งง,unsure,,,2026-09-24T08:42:48+00:00
457,210/be_019tg_8_116.jpg,210,งเาะ,wrong_class,199.0,,2026-09-24T08:42:55+00:00
458,231/bc_014sg_6_418.jpg,231,งง,unsure,,,2026-09-24T08:42:58+00:00
459,210/be_020sg_4_125.jpg,210,งเาะ,unsure,,,2026-09-24T08:43:05+00:00
460,171/be_007sg_3_0.jpg,171,riri,wrong_class,170.0,,2026-09-24T08:43:38+00:00
461,210/bl_003tg_5_121.jpg,210,งเาะ,wrong_class,168.0,,2026-09-24T08:43:46+00:00
462,231/bc_001sg_3_141.jpg,231,งง,unsure,,,2026-09-24T08:43:51+00:00
463,171/bc_018sg_6_31.jpg,171,riri,wrong_class,170.0,,2026-09-24T08:43:56+00:00
464,210/be_006tg_3_169.jpg,210,งเาะ,wrong_class,199.0,,2026-09-24T08:44:03+00:00
465,231/bc_002sg_3_38.jpg,231,งง,unsure,,,2026-09-24T08:44:08+00:00
466,171/bl_001tg_9_285.jpg,171,riri,wrong_class,170.0,,2026-09-24T08:44:12+00:00
467,231/bc_007sg_3_162.jpg,231,งง,unsure,,,2026-09-24T08:44:14+00:00
468,231/bc_005sg_4_225.jpg,231,งง,unsure,,,2026-09-24T08:44:36+00:00
469,210/be_002tg_7_105.jpg,210,งเาะ,wrong_class,199.0,,2026-09-24T08:44:39+00:00
470,171/be_008sg_7_138.jpg,171,riri,wrong_class,170.0,,2026-09-24T08:44:40+00:00
471,210/be_002tg_7_105.jpg,210,งเาะ,wrong_class,199.0,,2026-09-24T08:44:55+00:00
472,171/bc_015sg_3_282.jpg,171,riri,wrong_class,170.0,,2026-09-24T08:44:56+00:00
473,210/be_014sg_4_284.jpg,210,งเาะ,wrong_class,199.0,,2026-09-24T08:45:10+00:00
474,171/be_008sg_7_0.jpg,171,riri,wrong_class,170.0,,2026-09-24T08:45:13+00:00
475,210/be_007sg_7_212.jpg,210,งเาะ,wrong_class,227.0,,2026-09-24T08:45:26+00:00
476,171/ce_001sg_2_111.jpg,171,riri,wrong_class,170.0,,2026-09-24T08:45:32+00:00
477,210/be_004tg_2_372.jpg,210,งเาะ,wrong_class,199.0,,2026-09-24T08:45:39+00:00
478,210/bc_008sg_1_113.jpg,210,งเาะ,wrong_class,195.0,,2026-09-24T08:45:52+00:00
479,171/ce_001sg_2_111.jpg,171,riri,clear,,,2026-09-24T08:46:04+00:00
480,210/be_003tg_4_127.jpg,210,งเาะ,wrong_class,199.0,,2026-09-24T08:46:07+00:00
481,216/bc_001sg_9_336.jpg,216,san,wrong_class,232.0,,2026-09-24T08:46:17+00:00
482,210/be_016tg_11_281.jpg,210,งเาะ,wrong_class,199.0,,2026-09-24T08:46:18+00:00
483,216/bc_001sg_9_343.jpg,216,san,wrong_class,232.0,,2026-09-24T08:46:26+00:00
484,216/bc_001tg_8_362.jpg,216,san,wrong_class,232.0,,2026-09-24T08:46:38+00:00
485,171/bl_004tg_3_40.jpg,171,riri,wrong_class,170.0,,2026-09-24T08:46:39+00:00
486,210/bc_008sg_1_169.jpg,210,งเาะ,wrong_class,199.0,,2026-09-24T08:46:39+00:00
487,171/bl_004tg_7_121.jpg,171,riri,wrong_class,170.0,,2026-09-24T08:46:48+00:00
488,210/be_012sg_3_137.jpg,210,งเาะ,wrong_class,227.0,,2026-09-24T08:46:55+00:00
489,171/bc_011tg_6_63.jpg,171,riri,wrong_class,170.0,,2026-09-24T08:46:56+00:00
490,171/bc_008tg_1_37.jpg,171,riri,wrong_class,170.0,,2026-09-24T08:47:05+00:00
491,210/bc_019tg_6_3.jpg,210,งเาะ,wrong_class,227.0,,2026-09-24T08:47:20+00:00
492,210/be_017sg_7_254.jpg,210,งเาะ,wrong_class,199.0,,2026-09-24T08:47:37+00:00
493,171/bl_005tg_9_156.jpg,171,riri,wrong_class,170.0,,2026-09-24T08:47:44+00:00
494,210/bc_007sg_6_155.jpg,210,งเาะ,drop,,,2026-09-24T08:47:51+00:00
495,171/be_008tg_5_0.jpg,171,riri,wrong_class,170.0,,2026-09-24T08:48:01+00:00
496,210/be_007sg_7_473.jpg,210,san,wrong_class,227.0,,2026-09-24T08:48:04+00:00
497,210/be_008sg_5_253.jpg,210,งเาะ,wrong_class,199.0,,2026-09-24T08:48:07+00:00
498,210/be_007sg_6_438.jpg,210,san,wrong_class,227.0,,2026-09-24T08:48:25+00:00
499,210/be_019sg_5_62.jpg,210,งเาะ,wrong_class,227.0,,2026-09-24T08:48:49+00:00
500,210/bl_003sg_5_119.jpg,210,san,wrong_class,168.0,,2026-09-24T08:48:55+00:00
501,210/be_019sg_5_62.jpg,210,งเาะ,wrong_class,227.0,,2026-09-24T08:49:09+00:00
502,210/bl_009sg_3_156.jpg,210,san,wrong_class,168.0,,2026-09-24T08:49:26+00:00
503,168/be_005tg_4_58.jpg,168,งง,wrong_class,217.0,,2026-09-24T08:49:27+00:00
504,210/be_004tg_6_463.jpg,210,งเาะ,wrong_class,199.0,,2026-09-24T08:49:35+00:00
505,210/bc_019tg_6_238.jpg,210,san,wrong_class,199.0,,2026-09-24T08:49:50+00:00
506,168/be_013tg_1_140.jpg,168,งง,wrong_class,162.0,,2026-09-24T08:49:51+00:00
507,210/be_013tg_1_149.jpg,210,งเาะ,wrong_class,199.0,,2026-09-24T08:49:55+00:00
508,210/be_004tg_6_463.jpg,210,san,wrong_class,199.0,,2026-09-24T08:50:14+00:00
509,168/be_011sg_5_54.jpg,168,งง,drop,,,2026-09-24T08:50:25+00:00
510,210/be_009sg_4_404.jpg,210,san,drop,,,2026-09-24T08:50:26+00:00
511,168/bc_019sg_5_93.jpg,168,งง,wrong_class,169.0,,2026-09-24T08:50:36+00:00
512,210/bl_009sg_3_156.jpg,210,งเาะ,wrong_class,168.0,,2026-09-24T08:50:41+00:00
513,210/be_019sg_7_3.jpg,210,san,wrong_class,227.0,,2026-09-24T08:50:49+00:00
514,210/be_019sg_7_3.jpg,210,งเาะ,wrong_class,227.0,,2026-09-24T08:50:55+00:00
515,168/be_011sg_5_72.jpg,168,งง,wrong_class,217.0,,2026-09-24T08:50:58+00:00
516,210/bc_019tg_6_238.jpg,210,งเาะ,wrong_class,199.0,,2026-09-24T08:51:11+00:00
517,171/bc_018tg_5_50.jpg,171,riri,wrong_class,170.0,,2026-09-24T08:51:22+00:00
518,210/be_006tg_8_220.jpg,210,งเาะ,wrong_class,199.0,,2026-09-24T08:51:25+00:00
519,171/bc_016sg_3_381.jpg,171,riri,wrong_class,170.0,,2026-09-24T08:51:31+00:00
520,210/be_020tg_5_166.jpg,210,งเาะ,wrong_class,199.0,,2026-09-24T08:51:35+00:00
521,210/bl_006sg_3_146.jpg,210,san,drop,,,2026-09-24T08:51:37+00:00
522,168/be_013tg_1_308.jpg,168,งง,wrong_class,162.0,,2026-09-24T08:51:37+00:00
523,171/bc_018sg_4_363.jpg,171,riri,wrong_class,170.0,,2026-09-24T08:51:45+00:00
524,210/be_019sg_2_41.jpg,210,งเาะ,wrong_class,199.0,,2026-09-24T08:51:49+00:00
525,210/bc_020tg_7_116.jpg,210,san,drop,,,2026-09-24T08:51:50+00:00
526,168/ce_001sg_2_27.jpg,168,งง,drop,,,2026-09-24T08:51:51+00:00
527,210/be_007sg_3_223.jpg,210,san,wrong_class,227.0,,2026-09-24T08:52:06+00:00
528,210/bl_011tg_4_319.jpg,210,งเาะ,drop,,,2026-09-24T08:52:09+00:00
529,210/be_008tg_7_404.jpg,210,งเาะ,wrong_class,199.0,,2026-09-24T08:52:27+00:00
530,171/bc_018sg_4_134.jpg,171,riri,wrong_class,170.0,,2026-09-24T08:52:31+00:00
531,210/bc_015tg_3_201.jpg,210,งเาะ,wrong_class,199.0,,2026-09-24T08:52:50+00:00
532,210/bl_003sg_3_207.jpg,210,งเาะ,wrong_class,195.0,,2026-09-24T08:53:03+00:00
533,210/be_011sg_2_158.jpg,210,งเาะ,wrong_class,199.0,,2026-09-24T08:53:16+00:00
534,210/bc_020tg_3_48.jpg,210,san,unsure,,,2026-09-24T08:53:25+00:00
535,210/be_001sg_2_261.jpg,210,งเาะ,wrong_class,199.0,,2026-09-24T08:53:30+00:00
536,210/be_016sg_10_156.jpg,210,san,wrong_class,199.0,,2026-09-24T08:53:34+00:00
537,210/be_007tg_4_203.jpg,210,งเาะ,wrong_class,199.0,,2026-09-24T08:53:40+00:00
538,210/bc_020tg_4_158.jpg,210,san,wrong_class,199.0,,2026-09-24T08:53:48+00:00
539,171/bc_018tg_6_31.jpg,171,riri,wrong_class,170.0,,2026-09-24T08:53:59+00:00
540,210/be_003tg_8_209.jpg,210,งเาะ,wrong_class,199.0,,2026-09-24T08:54:00+00:00
541,210/be_016sg_8_140.jpg,210,san,drop,,,2026-09-24T08:54:01+00:00
542,210/be_003sg_4_440.jpg,210,san,wrong_class,227.0,,2026-09-24T08:54:16+00:00
543,171/be_006sg_6_17.jpg,171,riri,wrong_class,170.0,,2026-09-24T08:54:20+00:00
544,210/be_006tg_6_43.jpg,210,san,wrong_class,199.0,,2026-09-24T08:54:25+00:00
545,210/be_019tg_6_288.jpg,210,san,wrong_class,199.0,,2026-09-24T08:54:35+00:00
546,210/be_007sg_7_210.jpg,210,งเาะ,wrong_class,199.0,,2026-09-24T08:54:41+00:00
547,210/bc_018sg_4_440.jpg,210,san,wrong_class,199.0,,2026-09-24T08:55:10+00:00
548,210/be_008tg_7_208.jpg,210,งเาะ,wrong_class,199.0,,2026-09-24T08:55:10+00:00
549,210/be_016tg_11_96.jpg,210,งเาะ,wrong_class,199.0,,2026-09-24T08:55:40+00:00
550,210/be_012tg_3_226.jpg,210,งเาะ,wrong_class,199.0,,2026-09-24T08:55:56+00:00
551,210/be_004tg_2_99.jpg,210,งเาะ,wrong_class,199.0,,2026-09-24T08:56:07+00:00
552,210/be_016tg_8_440.jpg,210,riri,wrong_class,229.0,,2026-09-24T08:56:11+00:00
553,210/be_016tg_11_448.jpg,210,งเาะ,wrong_class,199.0,,2026-09-24T08:56:36+00:00
554,210/be_002tg_6_129.jpg,210,riri,wrong_class,229.0,,2026-09-24T08:56:38+00:00
555,210/be_020sg_4_85.jpg,210,riri,wrong_class,229.0,,2026-09-24T08:56:45+00:00
556,210/be_011sg_2_386.jpg,210,งเาะ,wrong_class,227.0,,2026-09-24T08:56:48+00:00
557,210/be_008tg_7_97.jpg,210,งเาะ,wrong_class,199.0,,2026-09-24T08:56:56+00:00
558,210/bc_020sg_3_444.jpg,210,riri,wrong_class,199.0,,2026-09-24T08:57:00+00:00
559,210/be_016sg_9_210.jpg,210,riri,wrong_class,229.0,,2026-09-24T08:57:10+00:00
560,210/bl_011sg_4_104.jpg,210,งเาะ,wrong_class,168.0,,2026-09-24T08:57:15+00:00
561,210/be_020sg_6_47.jpg,210,งเาะ,wrong_class,227.0,,2026-09-24T08:57:26+00:00
562,210/be_013sg_2_485.jpg,210,riri,wrong_class,229.0,,2026-09-24T08:57:34+00:00
563,210/be_013tg_2_81.jpg,210,งเาะ,wrong_class,199.0,,2026-09-24T08:57:41+00:00
564,210/be_006sg_4_361.jpg,210,riri,wrong_class,229.0,,2026-09-24T08:57:44+00:00
565,210/be_008tg_7_55.jpg,210,งเาะ,wrong_class,199.0,,2026-09-24T08:57:51+00:00
566,210/be_001sg_4_74.jpg,210,riri,wrong_class,229.0,,2026-09-24T08:57:54+00:00
567,210/be_003sg_9_24.jpg,210,riri,wrong_class,229.0,,2026-09-24T08:58:03+00:00
568,210/be_006sg_1_454.jpg,210,riri,wrong_class,229.0,,2026-09-24T08:58:36+00:00
569,210/be_018sg_7_114.jpg,210,san,wrong_class,199.0,,2026-09-24T08:58:46+00:00
570,210/be_020sg_6_112.jpg,210,งเาะ,wrong_class,227.0,,2026-09-24T08:58:52+00:00
571,210/be_006tg_3_476.jpg,210,riri,wrong_class,229.0,,2026-09-24T08:58:52+00:00
572,210/be_018tg_7_208.jpg,210,riri,wrong_class,229.0,,2026-09-24T08:59:08+00:00
573,210/bc_020tg_3_14.jpg,210,san,unsure,,,2026-09-24T08:59:08+00:00
574,210/be_003sg_7_24.jpg,210,งเาะ,wrong_class,227.0,,2026-09-24T08:59:10+00:00
575,210/bc_020tg_3_438.jpg,210,san,wrong_class,199.0,,2026-09-24T08:59:20+00:00
576,210/be_006tg_1_394.jpg,210,riri,wrong_class,229.0,,2026-09-24T08:59:22+00:00
577,210/be_013tg_2_316.jpg,210,งเาะ,wrong_class,199.0,,2026-09-24T08:59:25+00:00
578,210/be_002sg_9_75.jpg,210,riri,wrong_class,229.0,,2026-09-24T08:59:38+00:00
579,210/be_009sg_4_250.jpg,210,งเาะ,wrong_class,199.0,,2026-09-24T08:59:41+00:00
580,210/be_016sg_8_129.jpg,210,san,wrong_class,227.0,,2026-09-24T08:59:44+00:00
581,210/be_008tg_4_258.jpg,210,งเาะ,wrong_class,199.0,,2026-09-24T08:59:48+00:00
582,210/be_018sg_7_91.jpg,210,san,wrong_class,227.0,,2026-09-24T08:59:59+00:00
583,210/be_020tg_2_204.jpg,210,งเาะ,wrong_class,199.0,,2026-09-24T08:59:59+00:00
584,210/be_005sg_3_161.jpg,210,riri,wrong_class,229.0,,2026-09-24T09:00:03+00:00
585,210/be_016tg_9_345.jpg,210,riri,wrong_class,229.0,,2026-09-24T09:00:09+00:00
586,210/be_004tg_4_226.jpg,210,งเาะ,wrong_class,199.0,,2026-09-24T09:00:09+00:00
587,210/bc_009sg_2_246.jpg,210,san,wrong_class,168.0,,2026-09-24T09:00:10+00:00
588,210/be_008tg_4_482.jpg,210,งเาะ,wrong_class,199.0,,2026-09-24T09:00:20+00:00
589,210/be_002tg_7_325.jpg,210,riri,wrong_class,227.0,,2026-09-24T09:00:28+00:00
590,210/be_008tg_4_482.jpg,210,งเาะ,wrong_class,199.0,,2026-09-24T09:00:28+00:00
591,210/be_014tg_2_222.jpg,210,งเาะ,wrong_class,199.0,,2026-09-24T09:00:38+00:00
592,210/be_002tg_7_325.jpg,210,riri,wrong_class,229.0,,2026-09-24T09:00:50+00:00
593,210/be_013sg_2_312.jpg,210,งเาะ,wrong_class,199.0,,2026-09-24T09:00:50+00:00
594,210/be_004tg_6_389.jpg,210,งเาะ,wrong_class,199.0,,2026-09-24T09:01:03+00:00
595,210/be_012sg_3_211.jpg,210,riri,wrong_class,199.0,,2026-09-24T09:01:04+00:00
596,210/be_014sg_2_64.jpg,210,san,drop,,,2026-09-24T09:01:13+00:00
597,210/be_018sg_3_308.jpg,210,riri,wrong_class,229.0,,2026-09-24T09:01:23+00:00
598,210/be_018tg_7_278.jpg,210,งเาะ,wrong_class,199.0,,2026-09-24T09:01:23+00:00
599,210/be_014sg_2_64.jpg,210,san,wrong_class,199.0,,2026-09-24T09:01:26+00:00
600,210/be_013tg_2_353.jpg,210,riri,wrong_class,229.0,,2026-09-24T09:01:31+00:00
601,210/be_020sg_2_467.jpg,210,งเาะ,wrong_class,227.0,,2026-09-24T09:01:37+00:00
602,210/be_007sg_7_242.jpg,210,riri,wrong_class,199.0,,2026-09-24T09:01:43+00:00
603,210/be_009sg_4_192.jpg,210,งเาะ,wrong_class,199.0,,2026-09-24T09:01:46+00:00
604,210/be_017sg_6_149.jpg,210,งเาะ,wrong_class,199.0,,2026-09-24T09:01:59+00:00
605,210/be_014sg_3_268.jpg,210,งเาะ,wrong_class,199.0,,2026-09-24T09:02:15+00:00
606,210/be_003tg_9_122.jpg,210,งเาะ,wrong_class,199.0,,2026-09-24T09:02:26+00:00
607,210/bc_007sg_5_153.jpg,210,งเาะ,wrong_class,168.0,,2026-09-24T09:02:39+00:00
608,210/bl_001sg_9_257.jpg,210,งเาะ,wrong_class,199.0,,2026-09-24T09:02:53+00:00
609,210/be_006tg_8_1.jpg,210,san,wrong_class,199.0,,2026-09-24T09:02:56+00:00
610,210/be_008sg_5_208.jpg,210,งเาะ,wrong_class,199.0,,2026-09-24T09:03:07+00:00
611,210/be_018sg_9_239.jpg,210,riri,wrong_class,227.0,,2026-09-24T09:03:09+00:00
612,210/be_016tg_11_403.jpg,210,san,wrong_class,199.0,,2026-09-24T09:03:22+00:00
613,210/be_002tg_9_171.jpg,210,งเาะ,unsure,,,2026-09-24T09:03:24+00:00
614,210/be_011sg_2_380.jpg,210,riri,wrong_class,229.0,,2026-09-24T09:03:24+00:00
615,210/be_020sg_5_164.jpg,210,งเาะ,wrong_class,199.0,,2026-09-24T09:03:38+00:00
616,210/be_002sg_6_45.jpg,210,riri,wrong_class,229.0,,2026-09-24T09:03:39+00:00
617,210/be_018tg_3_421.jpg,210,งเาะ,wrong_class,199.0,,2026-09-24T09:03:49+00:00
618,210/bc_008sg_13_21.jpg,210,riri,wrong_class,229.0,,2026-09-24T09:03:52+00:00
619,210/be_008sg_5_383.jpg,210,งเาะ,wrong_class,227.0,,2026-09-24T09:03:59+00:00
620,210/be_013tg_2_20.jpg,210,riri,wrong_class,229.0,,2026-09-24T09:04:16+00:00
621,210/be_018tg_7_341.jpg,210,riri,wrong_class,199.0,,2026-09-24T09:04:35+00:00
622,210/be_018sg_7_107.jpg,210,งเาะ,wrong_class,227.0,,2026-09-24T09:04:44+00:00
623,210/be_018sg_6_374.jpg,210,san,ok,,,2026-09-24T09:04:51+00:00
624,210/be_002tg_9_284.jpg,210,san,ok,,,2026-09-24T09:04:51+00:00
625,210/be_006tg_1_330.jpg,210,san,ok,,,2026-09-24T09:04:51+00:00
626,210/be_016tg_9_74.jpg,210,san,ok,,,2026-09-24T09:04:51+00:00
627,210/be_006tg_1_203.jpg,210,san,ok,,,2026-09-24T09:04:51+00:00
628,210/be_018tg_6_36.jpg,210,san,ok,,,2026-09-24T09:04:51+00:00
629,210/be_002tg_10_139.jpg,210,san,ok,,,2026-09-24T09:04:51+00:00
630,210/be_016tg_9_338.jpg,210,san,ok,,,2026-09-24T09:04:51+00:00
631,210/be_006sg_4_209.jpg,210,san,ok,,,2026-09-24T09:04:51+00:00
632,210/be_016tg_8_412.jpg,210,san,ok,,,2026-09-24T09:04:51+00:00
633,210/be_002sg_7_82.jpg,210,san,ok,,,2026-09-24T09:04:51+00:00
634,210/be_016tg_11_336.jpg,210,san,ok,,,2026-09-24T09:04:51+00:00
635,210/be_005tg_5_156.jpg,210,san,ok,,,2026-09-24T09:04:51+00:00
636,210/be_018tg_6_4.jpg,210,san,ok,,,2026-09-24T09:04:51+00:00
637,210/be_002tg_9_98.jpg,210,san,ok,,,2026-09-24T09:04:51+00:00
638,210/be_016tg_9_175.jpg,210,san,ok,,,2026-09-24T09:04:51+00:00
639,210/bc_009sg_4_20.jpg,210,san,ok,,,2026-09-24T09:04:51+00:00
640,210/be_005tg_5_57.jpg,210,san,ok,,,2026-09-24T09:04:51+00:00
641,210/be_006sg_1_77.jpg,210,san,ok,,,2026-09-24T09:04:51+00:00
642,210/be_018tg_9_92.jpg,210,san,ok,,,2026-09-24T09:04:51+00:00
643,210/be_002tg_10_91.jpg,210,san,ok,,,2026-09-24T09:04:51+00:00
644,210/be_005tg_2_274.jpg,210,san,ok,,,2026-09-24T09:04:51+00:00
645,210/be_006sg_8_138.jpg,210,san,ok,,,2026-09-24T09:04:51+00:00
646,210/be_006tg_4_384.jpg,210,san,ok,,,2026-09-24T09:04:51+00:00
647,210/be_016tg_11_3.jpg,210,san,ok,,,2026-09-24T09:04:51+00:00
648,210/be_016sg_8_181.jpg,210,san,ok,,,2026-09-24T09:04:51+00:00
649,210/be_018sg_7_116.jpg,210,san,ok,,,2026-09-24T09:04:51+00:00
650,210/be_018tg_6_212.jpg,210,san,ok,,,2026-09-24T09:04:51+00:00
651,210/be_002tg_9_472.jpg,210,san,ok,,,2026-09-24T09:04:51+00:00
652,210/be_005sg_7_22.jpg,210,san,ok,,,2026-09-24T09:04:51+00:00
653,210/be_007sg_7_22.jpg,210,san,ok,,,2026-09-24T09:04:51+00:00
654,210/be_019sg_8_414.jpg,210,san,ok,,,2026-09-24T09:04:51+00:00
655,210/be_006tg_1_130.jpg,210,san,ok,,,2026-09-24T09:04:51+00:00
656,210/be_013sg_2_192.jpg,210,san,ok,,,2026-09-24T09:04:51+00:00
657,210/be_019tg_5_171.jpg,210,san,ok,,,2026-09-24T09:04:51+00:00
658,210/be_006tg_4_2.jpg,210,san,ok,,,2026-09-24T09:04:51+00:00
659,210/be_018tg_9_308.jpg,210,san,ok,,,2026-09-24T09:04:51+00:00
660,210/be_018sg_3_415.jpg,210,san,ok,,,2026-09-24T09:04:51+00:00
661,210/be_007tg_3_287.jpg,210,san,ok,,,2026-09-24T09:04:51+00:00
662,210/be_014tg_4_361.jpg,210,san,ok,,,2026-09-24T09:04:51+00:00
663,210/be_005sg_2_56.jpg,210,san,ok,,,2026-09-24T09:04:51+00:00
664,210/be_013tg_2_60.jpg,210,san,ok,,,2026-09-24T09:04:51+00:00
665,210/be_015tg_2_167.jpg,210,san,ok,,,2026-09-24T09:04:51+00:00
666,210/be_002tg_10_185.jpg,210,san,ok,,,2026-09-24T09:04:51+00:00
667,210/be_001sg_2_345.jpg,210,san,ok,,,2026-09-24T09:04:51+00:00
668,210/be_018tg_7_97.jpg,210,san,ok,,,2026-09-24T09:04:51+00:00
669,210/be_016sg_8_17.jpg,210,san,ok,,,2026-09-24T09:04:51+00:00
670,210/be_017tg_6_249.jpg,210,san,ok,,,2026-09-24T09:04:51+00:00
671,210/be_020tg_2_387.jpg,210,san,ok,,,2026-09-24T09:04:51+00:00
672,210/be_002tg_9_85.jpg,210,san,ok,,,2026-09-24T09:04:51+00:00
673,210/be_006sg_1_5.jpg,210,san,ok,,,2026-09-24T09:04:51+00:00
674,210/be_018tg_7_151.jpg,210,san,ok,,,2026-09-24T09:04:51+00:00
675,210/be_012sg_3_1.jpg,210,san,ok,,,2026-09-24T09:04:51+00:00
676,210/be_017tg_6_386.jpg,210,san,ok,,,2026-09-24T09:04:51+00:00
677,210/be_005sg_5_233.jpg,210,san,ok,,,2026-09-24T09:04:51+00:00
678,210/be_003sg_9_274.jpg,210,san,ok,,,2026-09-24T09:04:51+00:00
679,210/be_013tg_1_414.jpg,210,san,ok,,,2026-09-24T09:04:51+00:00
680,210/be_019tg_8_167.jpg,210,san,ok,,,2026-09-24T09:04:51+00:00
681,210/be_006tg_3_146.jpg,210,san,ok,,,2026-09-24T09:04:51+00:00
682,210/be_016tg_11_489.jpg,210,san,ok,,,2026-09-24T09:04:51+00:00
683,210/be_011sg_1_34.jpg,210,san,ok,,,2026-09-24T09:04:51+00:00
684,210/be_020tg_5_8.jpg,210,san,ok,,,2026-09-24T09:04:51+00:00
685,210/be_012tg_4_72.jpg,210,san,ok,,,2026-09-24T09:04:51+00:00
686,210/be_012sg_3_29.jpg,210,san,ok,,,2026-09-24T09:04:51+00:00
687,210/be_015tg_1_393.jpg,210,san,ok,,,2026-09-24T09:04:51+00:00
688,210/be_007tg_3_328.jpg,210,san,ok,,,2026-09-24T09:04:51+00:00
689,210/be_018sg_6_275.jpg,210,san,ok,,,2026-09-24T09:04:51+00:00
690,210/be_002tg_4_109.jpg,210,san,ok,,,2026-09-24T09:04:51+00:00
691,210/be_004sg_2_51.jpg,210,san,ok,,,2026-09-24T09:04:51+00:00
692,210/bl_006tg_3_79.jpg,210,san,ok,,,2026-09-24T09:04:51+00:00
693,210/be_008tg_4_193.jpg,210,san,ok,,,2026-09-24T09:04:51+00:00
694,210/be_003tg_8_178.jpg,210,san,ok,,,2026-09-24T09:04:51+00:00
695,210/be_007tg_4_141.jpg,210,san,ok,,,2026-09-24T09:04:51+00:00
696,210/be_020tg_6_91.jpg,210,san,ok,,,2026-09-24T09:04:51+00:00
697,210/be_006sg_6_9.jpg,210,san,ok,,,2026-09-24T09:04:51+00:00
698,210/be_016sg_9_173.jpg,210,san,ok,,,2026-09-24T09:04:51+00:00
699,210/be_007tg_3_333.jpg,210,san,ok,,,2026-09-24T09:04:51+00:00
700,210/be_012tg_3_152.jpg,210,san,ok,,,2026-09-24T09:04:51+00:00
701,210/be_003tg_8_245.jpg,210,san,ok,,,2026-09-24T09:04:51+00:00
702,210/be_016sg_11_232.jpg,210,san,ok,,,2026-09-24T09:04:51+00:00
703,210/be_002tg_4_88.jpg,210,san,ok,,,2026-09-24T09:04:51+00:00
704,210/be_018sg_6_313.jpg,210,san,ok,,,2026-09-24T09:04:51+00:00
705,210/be_005sg_5_274.jpg,210,san,ok,,,2026-09-24T09:04:51+00:00
706,210/be_016sg_8_461.jpg,210,san,ok,,,2026-09-24T09:04:51+00:00
707,210/bl_003sg_5_114.jpg,210,san,ok,,,2026-09-24T09:04:51+00:00
708,210/be_002sg_6_2.jpg,210,san,ok,,,2026-09-24T09:04:51+00:00
709,210/be_013sg_1_27.jpg,210,san,ok,,,2026-09-24T09:04:51+00:00
710,210/be_006sg_1_87.jpg,210,san,ok,,,2026-09-24T09:04:51+00:00
711,210/be_016sg_9_399.jpg,210,san,ok,,,2026-09-24T09:04:51+00:00
712,210/be_017tg_4_274.jpg,210,san,ok,,,2026-09-24T09:04:51+00:00
713,210/be_020sg_6_292.jpg,210,san,ok,,,2026-09-24T09:04:51+00:00
714,210/be_007tg_6_250.jpg,210,san,ok,,,2026-09-24T09:04:51+00:00
715,210/be_012tg_4_124.jpg,210,san,ok,,,2026-09-24T09:04:51+00:00
716,210/be_012tg_3_480.jpg,210,san,ok,,,2026-09-24T09:04:51+00:00
717,210/be_001sg_4_23.jpg,210,san,ok,,,2026-09-24T09:04:51+00:00
718,210/be_016sg_9_248.jpg,210,san,ok,,,2026-09-24T09:04:51+00:00
719,210/be_013sg_1_99.jpg,210,san,ok,,,2026-09-24T09:04:51+00:00
720,210/be_017tg_4_164.jpg,210,san,ok,,,2026-09-24T09:04:51+00:00
721,210/be_013sg_6_176.jpg,210,riri,wrong_class,229.0,,2026-09-24T09:04:56+00:00
722,210/be_012sg_4_145.jpg,210,งเาะ,wrong_class,227.0,,2026-09-24T09:05:02+00:00
723,210/be_018tg_3_256.jpg,210,san,wrong_class,199.0,,2026-09-24T09:05:10+00:00
724,210/be_001sg_2_199.jpg,210,งเาะ,wrong_class,199.0,,2026-09-24T09:05:13+00:00
725,210/be_006tg_3_9.jpg,210,san,wrong_class,199.0,,2026-09-24T09:05:17+00:00
726,210/bc_019tg_8_119.jpg,210,san,wrong_class,199.0,,2026-09-24T09:05:24+00:00
727,210/be_007tg_7_318.jpg,210,งเาะ,wrong_class,199.0,,2026-09-24T09:05:27+00:00
728,210/bc_015sg_1_10.jpg,210,san,unsure,,,2026-09-24T09:05:39+00:00
729,210/be_013sg_2_412.jpg,210,riri,wrong_class,229.0,,2026-09-24T09:05:44+00:00
730,210/be_002sg_10_126.jpg,210,san,ok,,,2026-09-24T09:05:52+00:00
731,210/be_017sg_6_225.jpg,210,san,ok,,,2026-09-24T09:05:52+00:00
732,210/bl_007sg_8_298.jpg,210,san,ok,,,2026-09-24T09:05:52+00:00
733,210/be_011sg_2_348.jpg,210,san,ok,,,2026-09-24T09:05:52+00:00
734,210/be_014sg_2_286.jpg,210,san,ok,,,2026-09-24T09:05:52+00:00
735,210/be_002sg_10_102.jpg,210,san,ok,,,2026-09-24T09:05:52+00:00
736,210/be_007tg_6_146.jpg,210,san,ok,,,2026-09-24T09:05:52+00:00
737,210/bl_002tg_7_244.jpg,210,san,ok,,,2026-09-24T09:05:52+00:00
738,210/bc_011tg_6_2.jpg,210,san,ok,,,2026-09-24T09:05:52+00:00
739,210/be_018sg_2_17.jpg,210,san,ok,,,2026-09-24T09:05:52+00:00
740,210/be_016tg_3_10.jpg,210,san,ok,,,2026-09-24T09:05:52+00:00
741,210/be_017tg_4_62.jpg,210,san,ok,,,2026-09-24T09:05:52+00:00
742,210/bl_006sg_8_108.jpg,210,san,ok,,,2026-09-24T09:05:52+00:00
743,210/be_013sg_2_57.jpg,210,san,ok,,,2026-09-24T09:05:52+00:00
744,210/be_018sg_9_49.jpg,210,san,ok,,,2026-09-24T09:05:52+00:00
745,210/be_004tg_2_208.jpg,210,san,ok,,,2026-09-24T09:05:52+00:00
746,210/be_014tg_3_179.jpg,210,san,ok,,,2026-09-24T09:05:52+00:00
747,210/be_016sg_10_45.jpg,210,san,ok,,,2026-09-24T09:05:52+00:00
748,210/be_014tg_4_105.jpg,210,san,ok,,,2026-09-24T09:05:52+00:00
749,210/be_017sg_7_135.jpg,210,san,ok,,,2026-09-24T09:05:52+00:00
750,210/be_019sg_3_169.jpg,210,งเาะ,wrong_class,199.0,,2026-09-24T09:05:57+00:00
751,210/be_017sg_4_197.jpg,210,san,wrong_class,199.0,,2026-09-24T09:06:05+00:00
752,210/be_008tg_7_223.jpg,210,riri,wrong_class,199.0,,2026-09-24T09:06:10+00:00
753,210/be_006tg_3_229.jpg,210,งเาะ,wrong_class,199.0,,2026-09-24T09:06:12+00:00
754,210/be_019sg_8_177.jpg,210,san,wrong_class,199.0,,2026-09-24T09:06:16+00:00
755,170/be_016sg_11_83.jpg,170,งง,wrong_class,162.0,,2026-09-24T09:06:21+00:00
756,210/bl_007sg_3_4.jpg,210,งเาะ,wrong_class,168.0,,2026-09-24T09:06:25+00:00
757,210/bl_005tg_9_306.jpg,210,san,ok,,,2026-09-24T09:06:27+00:00
758,210/be_015sg_1_368.jpg,210,san,ok,,,2026-09-24T09:06:27+00:00
759,210/bc_002tg_10_83.jpg,210,san,ok,,,2026-09-24T09:06:27+00:00
760,210/be_003sg_5_23.jpg,210,san,ok,,,2026-09-24T09:06:27+00:00
761,210/be_003sg_2_87.jpg,210,san,ok,,,2026-09-24T09:06:27+00:00
762,210/be_018tg_5_19.jpg,210,san,ok,,,2026-09-24T09:06:27+00:00
763,210/be_016tg_9_343.jpg,210,san,ok,,,2026-09-24T09:06:27+00:00
764,210/be_001sg_2_320.jpg,210,san,ok,,,2026-09-24T09:06:27+00:00
765,210/be_001tg_4_23.jpg,210,san,ok,,,2026-09-24T09:06:27+00:00
766,210/be_017tg_7_172.jpg,210,san,ok,,,2026-09-24T09:06:27+00:00
767,210/be_014sg_3_230.jpg,210,san,ok,,,2026-09-24T09:06:27+00:00
768,210/be_009sg_4_142.jpg,210,san,ok,,,2026-09-24T09:06:27+00:00
769,210/bl_007tg_8_152.jpg,210,san,ok,,,2026-09-24T09:06:27+00:00
770,210/be_003tg_4_40.jpg,210,san,ok,,,2026-09-24T09:06:27+00:00
771,210/be_007sg_3_136.jpg,210,san,ok,,,2026-09-24T09:06:27+00:00
772,210/be_009sg_4_71.jpg,210,san,ok,,,2026-09-24T09:06:27+00:00
773,210/be_001sg_2_212.jpg,210,san,ok,,,2026-09-24T09:06:27+00:00
774,210/be_020sg_4_71.jpg,210,san,ok,,,2026-09-24T09:06:27+00:00
775,210/be_002tg_7_264.jpg,210,san,ok,,,2026-09-24T09:06:27+00:00
776,210/bl_003sg_7_223.jpg,210,san,ok,,,2026-09-24T09:06:27+00:00
777,210/be_016tg_11_114.jpg,210,san,ok,,,2026-09-24T09:06:27+00:00
778,210/bl_002tg_3_133.jpg,210,san,ok,,,2026-09-24T09:06:27+00:00
779,210/be_015sg_1_182.jpg,210,riri,wrong_class,199.0,,2026-09-24T09:06:32+00:00
780,210/be_007sg_7_322.jpg,210,san,wrong_class,199.0,,2026-09-24T09:06:44+00:00
781,210/be_006tg_3_173.jpg,210,san,wrong_class,199.0,,2026-09-24T09:07:05+00:00
782,210/be_020tg_5_254.jpg,210,riri,wrong_class,199.0,,2026-09-24T09:07:05+00:00
783,210/be_008tg_7_397.jpg,210,งเาะ,wrong_class,199.0,,2026-09-24T09:07:08+00:00
784,210/bl_001sg_3_197.jpg,210,riri,wrong_class,195.0,,2026-09-24T09:07:21+00:00
785,210/be_005sg_2_59.jpg,210,งเาะ,wrong_class,227.0,,2026-09-24T09:07:26+00:00
786,210/be_015sg_2_204.jpg,210,riri,wrong_class,227.0,,2026-09-24T09:07:34+00:00
787,170/be_006sg_4_84.jpg,170,งง,flag,,,2026-09-24T09:07:38+00:00
788,170/be_006sg_4_84.jpg,170,งง,clear,,,2026-09-24T09:07:39+00:00
789,210/be_006tg_3_336.jpg,210,riri,wrong_class,199.0,,2026-09-24T09:07:53+00:00
790,210/be_004tg_6_72.jpg,210,งเาะ,wrong_class,199.0,,2026-09-24T09:07:58+00:00
791,210/be_003tg_9_229.jpg,210,งเาะ,wrong_class,199.0,,2026-09-24T09:08:09+00:00
792,210/bl_003tg_5_163.jpg,210,riri,wrong_class,168.0,,2026-09-24T09:08:10+00:00
793,210/be_003tg_8_338.jpg,210,งเาะ,wrong_class,199.0,,2026-09-24T09:08:18+00:00
794,210/be_019tg_3_219.jpg,210,งเาะ,wrong_class,199.0,,2026-09-24T09:08:29+00:00
795,210/be_018tg_9_271.jpg,210,riri,wrong_class,199.0,,2026-09-24T09:08:47+00:00
796,210/be_017tg_4_244.jpg,210,งเาะ,wrong_class,199.0,,2026-09-24T09:09:02+00:00
797,210/be_019tg_3_219.jpg,210,riri,wrong_class,199.0,,2026-09-24T09:09:05+00:00
798,210/be_013tg_1_413.jpg,210,งเาะ,wrong_class,199.0,,2026-09-24T09:09:16+00:00
799,210/be_013tg_1_413.jpg,210,riri,wrong_class,199.0,,2026-09-24T09:09:26+00:00
800,210/be_014tg_2_443.jpg,210,riri,wrong_class,199.0,,2026-09-24T09:09:45+00:00
801,210/be_018sg_6_36.jpg,210,riri,wrong_class,229.0,,2026-09-24T09:10:03+00:00
802,210/be_014tg_2_443.jpg,210,งเาะ,wrong_class,199.0,,2026-09-24T09:10:13+00:00
803,210/be_019tg_8_179.jpg,210,riri,wrong_class,229.0,,2026-09-24T09:10:30+00:00
804,210/be_005sg_3_90.jpg,210,riri,wrong_class,227.0,,2026-09-24T09:10:49+00:00
805,170/bl_004sg_7_119.jpg,170,งง,wrong_class,171.0,,2026-09-24T09:10:50+00:00
806,210/bl_005sg_9_193.jpg,210,งเาะ,unsure,,,2026-09-24T09:10:56+00:00
807,210/bl_003sg_3_177.jpg,210,riri,wrong_class,195.0,,2026-09-24T09:11:05+00:00
808,210/be_013tg_2_447.jpg,210,งเาะ,wrong_class,199.0,,2026-09-24T09:11:28+00:00
809,210/bl_005sg_9_193.jpg,210,riri,wrong_class,199.0,,2026-09-24T09:11:30+00:00
810,210/be_001sg_2_182.jpg,210,riri,wrong_class,199.0,,2026-09-24T09:11:53+00:00
811,210/be_015sg_2_219.jpg,210,riri,wrong_class,227.0,,2026-09-24T09:12:16+00:00
812,210/bc_019sg_6_65.jpg,210,งเาะ,wrong_class,195.0,,2026-09-24T09:12:17+00:00
813,210/be_013sg_2_305.jpg,210,riri,wrong_class,228.0,,2026-09-24T09:12:32+00:00
814,210/be_013sg_2_305.jpg,210,งเาะ,wrong_class,228.0,,2026-09-24T09:12:33+00:00
815,210/be_017tg_7_468.jpg,210,งเาะ,wrong_class,199.0,,2026-09-24T09:12:52+00:00
816,210/be_018tg_3_9.jpg,210,riri,wrong_class,199.0,,2026-09-24T09:12:57+00:00
817,210/be_018tg_3_9.jpg,210,งเาะ,wrong_class,199.0,,2026-09-24T09:13:07+00:00
818,210/bc_019sg_6_65.jpg,210,riri,wrong_class,195.0,,2026-09-24T09:13:20+00:00
819,210/be_009tg_2_443.jpg,210,งเาะ,wrong_class,199.0,,2026-09-24T09:13:31+00:00
820,170/bl_004sg_7_119.jpg,170,งง,unsure,,,2026-09-24T09:13:44+00:00
821,210/bl_002sg_6_1.jpg,210,riri,unsure,,,2026-09-24T09:13:53+00:00
822,210/bl_007sg_3_158.jpg,210,งเาะ,drop,,,2026-09-24T09:13:53+00:00
823,170/bl_005tg_9_239.jpg,170,งง,unsure,,,2026-09-24T09:14:01+00:00
824,210/be_007tg_6_416.jpg,210,งเาะ,wrong_class,199.0,,2026-09-24T09:14:05+00:00
825,210/bl_007sg_8_301.jpg,210,riri,wrong_class,199.0,,2026-09-24T09:14:09+00:00
826,210/be_019tg_3_169.jpg,210,งเาะ,wrong_class,199.0,,2026-09-24T09:14:15+00:00
827,170/bc_016tg_7_133.jpg,170,งง,wrong_class,162.0,,2026-09-24T09:14:28+00:00
828,210/be_016tg_8_134.jpg,210,riri,wrong_class,229.0,,2026-09-24T09:14:33+00:00
829,210/bl_007sg_3_158.jpg,210,riri,drop,,,2026-09-24T09:14:42+00:00
830,210/be_009tg_2_443.jpg,210,riri,wrong_class,199.0,,2026-09-24T09:14:56+00:00
831,170/bc_008sg_11_112.jpg,170,งง,unsure,,,2026-09-24T09:14:57+00:00
832,210/be_017tg_4_293.jpg,210,งเาะ,wrong_class,168.0,,2026-09-24T09:15:17+00:00
833,210/be_017sg_4_230.jpg,210,riri,wrong_class,229.0,,2026-09-24T09:15:26+00:00
834,210/be_018sg_9_160.jpg,210,งเาะ,wrong_class,227.0,,2026-09-24T09:15:29+00:00
835,210/be_019tg_3_144.jpg,210,งเาะ,wrong_class,199.0,,2026-09-24T09:15:38+00:00
836,170/bc_008sg_1_37.jpg,170,งง,unsure,,,2026-09-24T09:15:45+00:00
837,210/be_011sg_2_111.jpg,210,riri,wrong_class,227.0,,2026-09-24T09:15:49+00:00
838,210/be_003tg_8_164.jpg,210,งเาะ,wrong_class,199.0,,2026-09-24T09:15:53+00:00
839,199/be_006tg_1_129.jpg,199,san,ok,,,2026-09-24T09:16:43+00:00
840,199/be_018tg_7_259.jpg,199,san,ok,,,2026-09-24T09:16:43+00:00
841,199/be_006sg_8_215.jpg,199,san,ok,,,2026-09-24T09:16:43+00:00
842,199/be_016tg_11_145.jpg,199,san,ok,,,2026-09-24T09:16:43+00:00
843,199/be_002tg_10_67.jpg,199,san,ok,,,2026-09-24T09:16:43+00:00
844,199/be_006sg_4_394.jpg,199,san,ok,,,2026-09-24T09:16:43+00:00
845,199/be_006tg_6_24.jpg,199,san,ok,,,2026-09-24T09:16:43+00:00
846,199/be_006sg_3_381.jpg,199,san,ok,,,2026-09-24T09:16:43+00:00
847,199/bl_004tg_4_22.jpg,199,san,ok,,,2026-09-24T09:16:43+00:00
848,199/bl_004sg_2_86.jpg,199,san,ok,,,2026-09-24T09:16:43+00:00
849,199/be_002sg_7_169.jpg,199,san,ok,,,2026-09-24T09:16:43+00:00
850,199/be_006tg_4_396.jpg,199,san,ok,,,2026-09-24T09:16:43+00:00
851,199/be_006sg_1_311.jpg,199,san,ok,,,2026-09-24T09:16:43+00:00
852,199/bl_004tg_6_12.jpg,199,san,ok,,,2026-09-24T09:16:43+00:00
853,199/be_016tg_11_297.jpg,199,san,ok,,,2026-09-24T09:16:43+00:00
854,199/be_006sg_8_223.jpg,199,san,ok,,,2026-09-24T09:16:43+00:00
855,199/be_006tg_1_126.jpg,199,san,ok,,,2026-09-24T09:16:43+00:00
856,199/be_003sg_7_241.jpg,199,san,ok,,,2026-09-24T09:16:43+00:00
857,199/be_016tg_8_3.jpg,199,san,ok,,,2026-09-24T09:16:43+00:00
858,199/bc_020sg_3_484.jpg,199,san,ok,,,2026-09-24T09:16:43+00:00
859,199/bl_005sg_6_45.jpg,199,san,ok,,,2026-09-24T09:16:43+00:00
860,199/be_006sg_3_396.jpg,199,san,ok,,,2026-09-24T09:16:43+00:00
861,199/be_014tg_2_322.jpg,199,san,ok,,,2026-09-24T09:16:43+00:00
862,199/bl_003sg_4_1.jpg,199,san,ok,,,2026-09-24T09:16:43+00:00
863,199/be_006tg_6_47.jpg,199,san,ok,,,2026-09-24T09:16:56+00:00
864,199/be_003tg_9_242.jpg,199,san,ok,,,2026-09-24T09:16:56+00:00
865,199/be_016sg_11_108.jpg,199,san,ok,,,2026-09-24T09:16:56+00:00
866,199/be_005sg_5_364.jpg,199,san,ok,,,2026-09-24T09:16:56+00:00
867,199/bl_004tg_10_1.jpg,199,san,ok,,,2026-09-24T09:16:56+00:00
868,199/be_013tg_2_19.jpg,199,san,ok,,,2026-09-24T09:16:56+00:00
869,199/be_016tg_11_108.jpg,199,san,ok,,,2026-09-24T09:16:56+00:00
870,199/be_003sg_7_228.jpg,199,san,ok,,,2026-09-24T09:16:56+00:00
871,199/be_013tg_2_292.jpg,199,san,ok,,,2026-09-24T09:16:56+00:00
872,199/be_005sg_5_437.jpg,199,san,ok,,,2026-09-24T09:16:56+00:00
873,199/bc_020sg_3_226.jpg,199,san,ok,,,2026-09-24T09:16:56+00:00
874,199/be_005tg_3_75.jpg,199,san,ok,,,2026-09-24T09:16:56+00:00
875,199/be_018tg_7_211.jpg,199,san,ok,,,2026-09-24T09:16:56+00:00
876,199/be_008tg_7_254.jpg,199,san,ok,,,2026-09-24T09:16:56+00:00
877,199/be_016sg_11_82.jpg,199,san,ok,,,2026-09-24T09:16:56+00:00
878,199/bl_002sg_1_60.jpg,199,san,ok,,,2026-09-24T09:16:56+00:00
879,199/be_020tg_2_68.jpg,199,san,ok,,,2026-09-24T09:16:56+00:00
880,199/be_016tg_8_116.jpg,199,san,ok,,,2026-09-24T09:16:56+00:00
881,199/be_007sg_4_301.jpg,199,san,ok,,,2026-09-24T09:16:56+00:00
882,199/be_018tg_3_367.jpg,199,san,ok,,,2026-09-24T09:16:56+00:00
883,199/be_005tg_4_246.jpg,199,san,ok,,,2026-09-24T09:16:56+00:00
884,199/be_016sg_11_407.jpg,199,san,ok,,,2026-09-24T09:16:56+00:00
885,199/be_006tg_8_116.jpg,199,san,ok,,,2026-09-24T09:16:56+00:00
886,199/be_004sg_2_99.jpg,199,san,ok,,,2026-09-24T09:16:56+00:00
887,210/bl_005sg_9_135.jpg,210,งเาะ,wrong_class,168.0,,2026-09-24T09:16:57+00:00
888,210/be_013sg_5_92.jpg,210,งเาะ,wrong_class,199.0,,2026-09-24T09:17:14+00:00
889,210/be_014tg_2_299.jpg,210,riri,wrong_class,229.0,,2026-09-24T09:17:16+00:00
890,199/be_018sg_6_348.jpg,199,san,ok,,,2026-09-24T09:17:17+00:00
891,199/be_018tg_6_35.jpg,199,san,ok,,,2026-09-24T09:17:17+00:00
892,199/be_016sg_11_96.jpg,199,san,ok,,,2026-09-24T09:17:17+00:00
893,199/be_005tg_2_95.jpg,199,san,ok,,,2026-09-24T09:17:17+00:00
894,199/bl_001tg_4_1.jpg,199,san,ok,,,2026-09-24T09:17:17+00:00
895,199/be_016tg_8_291.jpg,199,san,ok,,,2026-09-24T09:17:17+00:00
896,199/be_015tg_1_291.jpg,199,san,ok,,,2026-09-24T09:17:17+00:00
897,199/be_016sg_11_191.jpg,199,san,ok,,,2026-09-24T09:17:17+00:00
898,199/be_005tg_5_282.jpg,199,san,ok,,,2026-09-24T09:17:17+00:00
899,199/be_020sg_4_3.jpg,199,san,ok,,,2026-09-24T09:17:17+00:00
900,199/bl_002tg_6_1.jpg,199,san,ok,,,2026-09-24T09:17:17+00:00
901,199/be_003sg_7_13.jpg,199,san,ok,,,2026-09-24T09:17:17+00:00
902,199/be_007tg_3_152.jpg,199,san,ok,,,2026-09-24T09:17:17+00:00
903,199/be_006sg_4_100.jpg,199,san,ok,,,2026-09-24T09:17:17+00:00
904,199/be_004tg_2_29.jpg,199,san,ok,,,2026-09-24T09:17:17+00:00
905,199/be_005tg_3_101.jpg,199,san,ok,,,2026-09-24T09:17:17+00:00
906,199/bc_020sg_4_393.jpg,199,san,ok,,,2026-09-24T09:17:17+00:00
907,199/bl_003tg_5_154.jpg,199,san,ok,,,2026-09-24T09:17:17+00:00
908,199/be_005sg_4_258.jpg,199,san,ok,,,2026-09-24T09:17:17+00:00
909,199/be_008sg_5_11.jpg,199,san,ok,,,2026-09-24T09:17:17+00:00
910,199/bl_005sg_8_3.jpg,199,san,ok,,,2026-09-24T09:17:17+00:00
911,199/be_008tg_7_407.jpg,199,san,ok,,,2026-09-24T09:17:17+00:00
912,199/be_017tg_6_88.jpg,199,san,ok,,,2026-09-24T09:17:17+00:00
913,199/be_006sg_3_227.jpg,199,san,ok,,,2026-09-24T09:17:17+00:00
914,210/be_002tg_7_353.jpg,210,riri,wrong_class,199.0,,2026-09-24T09:17:28+00:00
915,210/be_004sg_4_138.jpg,210,งเาะ,wrong_class,227.0,,2026-09-24T09:17:30+00:00
916,199/bl_005sg_3_125.jpg,199,san,wrong_class,195.0,,2026-09-24T09:17:34+00:00
917,210/be_016sg_9_246.jpg,210,riri,wrong_class,229.0,,2026-09-24T09:17:41+00:00
918,210/be_003tg_4_188.jpg,210,งเาะ,wrong_class,199.0,,2026-09-24T09:17:42+00:00
919,199/be_016sg_9_96.jpg,199,san,ok,,,2026-09-24T09:17:47+00:00
920,199/be_016sg_8_439.jpg,199,san,ok,,,2026-09-24T09:17:47+00:00
921,199/be_009tg_4_160.jpg,199,san,ok,,,2026-09-24T09:17:47+00:00
922,199/bc_020tg_3_266.jpg,199,san,ok,,,2026-09-24T09:17:47+00:00
923,199/be_005tg_2_189.jpg,199,san,ok,,,2026-09-24T09:17:47+00:00
924,199/be_019tg_6_281.jpg,199,san,ok,,,2026-09-24T09:17:47+00:00
925,199/be_017sg_7_323.jpg,199,san,ok,,,2026-09-24T09:17:47+00:00
926,199/bc_008sg_14_89.jpg,199,san,ok,,,2026-09-24T09:17:47+00:00
927,199/be_005tg_4_261.jpg,199,san,ok,,,2026-09-24T09:17:47+00:00
928,199/bl_005sg_2_30.jpg,199,san,ok,,,2026-09-24T09:17:47+00:00
929,199/bc_012sg_4_172.jpg,199,san,ok,,,2026-09-24T09:17:47+00:00
930,199/be_004sg_7_140.jpg,199,san,ok,,,2026-09-24T09:17:47+00:00
931,199/bc_012sg_4_105.jpg,199,san,ok,,,2026-09-24T09:17:47+00:00
932,199/be_003tg_8_387.jpg,199,san,ok,,,2026-09-24T09:17:47+00:00
933,199/be_004tg_4_231.jpg,199,san,ok,,,2026-09-24T09:17:47+00:00
934,199/bc_020tg_3_248.jpg,199,san,ok,,,2026-09-24T09:17:47+00:00
935,199/be_005tg_2_163.jpg,199,san,ok,,,2026-09-24T09:17:47+00:00
936,199/bl_005tg_9_129.jpg,199,san,ok,,,2026-09-24T09:17:47+00:00
937,199/be_018tg_9_84.jpg,199,san,ok,,,2026-09-24T09:17:47+00:00
938,199/bl_001sg_1_7.jpg,199,san,ok,,,2026-09-24T09:17:47+00:00
939,199/bl_006sg_4_1.jpg,199,san,ok,,,2026-09-24T09:17:47+00:00
940,199/be_002sg_9_491.jpg,199,san,ok,,,2026-09-24T09:17:47+00:00
941,199/be_019sg_5_1.jpg,199,san,ok,,,2026-09-24T09:17:47+00:00
942,210/bl_012sg_1_2.jpg,210,งเาะ,wrong_class,195.0,,2026-09-24T09:18:00+00:00
943,199/be_014tg_4_389.jpg,199,san,ok,,,2026-09-24T09:18:02+00:00
944,199/be_017sg_6_82.jpg,199,san,ok,,,2026-09-24T09:18:02+00:00
945,199/be_004tg_7_40.jpg,199,san,ok,,,2026-09-24T09:18:02+00:00
946,199/be_004tg_6_240.jpg,199,san,ok,,,2026-09-24T09:18:02+00:00
947,199/be_003sg_4_185.jpg,199,san,ok,,,2026-09-24T09:18:02+00:00
948,199/bc_020sg_4_122.jpg,199,san,ok,,,2026-09-24T09:18:02+00:00
949,199/be_016sg_10_126.jpg,199,san,ok,,,2026-09-24T09:18:02+00:00
950,199/bc_008sg_6_241.jpg,199,san,ok,,,2026-09-24T09:18:02+00:00
951,199/bl_004sg_6_26.jpg,199,san,ok,,,2026-09-24T09:18:02+00:00
952,199/be_019tg_8_187.jpg,199,san,ok,,,2026-09-24T09:18:02+00:00
953,199/bl_004tg_5_73.jpg,199,san,ok,,,2026-09-24T09:18:02+00:00
954,199/be_018tg_9_295.jpg,199,san,ok,,,2026-09-24T09:18:02+00:00
955,199/bl_007tg_1_5.jpg,199,san,ok,,,2026-09-24T09:18:02+00:00
956,199/be_006tg_3_273.jpg,199,san,ok,,,2026-09-24T09:18:02+00:00
957,199/be_015tg_1_392.jpg,199,san,ok,,,2026-09-24T09:18:02+00:00
958,199/bl_007sg_7_1.jpg,199,san,ok,,,2026-09-24T09:18:02+00:00
959,199/be_004tg_7_97.jpg,199,san,ok,,,2026-09-24T09:18:02+00:00
960,199/be_006tg_6_145.jpg,199,san,ok,,,2026-09-24T09:18:02+00:00
961,199/bc_020sg_3_434.jpg,199,san,ok,,,2026-09-24T09:18:02+00:00
962,199/be_006sg_8_245.jpg,199,san,ok,,,2026-09-24T09:18:02+00:00
963,199/be_014tg_3_269.jpg,199,san,ok,,,2026-09-24T09:18:02+00:00
964,199/be_017sg_4_357.jpg,199,san,ok,,,2026-09-24T09:18:02+00:00
965,199/bc_020tg_3_280.jpg,199,san,ok,,,2026-09-24T09:18:02+00:00
966,199/be_014tg_4_222.jpg,199,san,ok,,,2026-09-24T09:18:02+00:00
967,210/bl_012sg_1_2.jpg,210,riri,wrong_class,195.0,,2026-09-24T09:18:05+00:00
968,210/bl_005tg_9_141.jpg,210,งเาะ,wrong_class,168.0,,2026-09-24T09:18:09+00:00
969,210/bl_005tg_9_141.jpg,210,riri,wrong_class,168.0,,2026-09-24T09:18:13+00:00
970,199/bc_009sg_2_463.jpg,199,san,ok,,,2026-09-24T09:18:14+00:00
971,199/be_005tg_5_108.jpg,199,san,ok,,,2026-09-24T09:18:14+00:00
972,199/be_017tg_4_268.jpg,199,san,ok,,,2026-09-24T09:18:14+00:00
973,199/bc_015tg_5_218.jpg,199,san,ok,,,2026-09-24T09:18:14+00:00
974,199/be_016sg_8_382.jpg,199,san,ok,,,2026-09-24T09:18:14+00:00
975,199/be_007sg_6_218.jpg,199,san,ok,,,2026-09-24T09:18:14+00:00
976,199/bc_020sg_3_230.jpg,199,san,ok,,,2026-09-24T09:18:14+00:00
977,199/be_007tg_4_214.jpg,199,san,ok,,,2026-09-24T09:18:14+00:00
978,199/be_009sg_3_268.jpg,199,san,ok,,,2026-09-24T09:18:14+00:00
979,199/be_017tg_6_359.jpg,199,san,ok,,,2026-09-24T09:18:14+00:00
980,199/be_018tg_9_31.jpg,199,san,ok,,,2026-09-24T09:18:14+00:00
981,199/bc_020tg_3_103.jpg,199,san,ok,,,2026-09-24T09:18:14+00:00
982,199/be_008tg_7_68.jpg,199,san,ok,,,2026-09-24T09:18:14+00:00
983,199/be_017sg_7_213.jpg,199,san,ok,,,2026-09-24T09:18:14+00:00
984,199/be_005tg_5_247.jpg,199,san,ok,,,2026-09-24T09:18:14+00:00
985,199/be_004sg_7_125.jpg,199,san,ok,,,2026-09-24T09:18:14+00:00
986,199/be_007tg_3_294.jpg,199,san,ok,,,2026-09-24T09:18:14+00:00
987,199/be_006sg_6_43.jpg,199,san,ok,,,2026-09-24T09:18:14+00:00
988,199/be_016tg_9_13.jpg,199,san,ok,,,2026-09-24T09:18:14+00:00
989,199/be_018tg_7_134.jpg,199,san,ok,,,2026-09-24T09:18:14+00:00
990,199/bc_020tg_7_121.jpg,199,san,ok,,,2026-09-24T09:18:14+00:00
991,199/be_005sg_4_262.jpg,199,san,ok,,,2026-09-24T09:18:14+00:00
992,199/bc_015sg_3_249.jpg,199,san,ok,,,2026-09-24T09:18:14+00:00
993,199/be_006tg_6_90.jpg,199,san,ok,,,2026-09-24T09:18:14+00:00
994,210/be_012sg_4_270.jpg,210,งเาะ,wrong_class,227.0,,2026-09-24T09:18:21+00:00
995,199/be_013tg_6_39.jpg,199,san,ok,,,2026-09-24T09:18:28+00:00
996,199/be_018tg_3_1.jpg,199,san,ok,,,2026-09-24T09:18:28+00:00
997,199/bc_009tg_2_297.jpg,199,san,ok,,,2026-09-24T09:18:28+00:00
998,199/be_005tg_5_116.jpg,199,san,ok,,,2026-09-24T09:18:28+00:00
999,199/be_005tg_3_141.jpg,199,san,ok,,,2026-09-24T09:18:28+00:00
1000,199/be_019sg_3_17.jpg,199,san,ok,,,2026-09-24T09:18:28+00:00
1001,199/be_005tg_5_485.jpg,199,san,ok,,,2026-09-24T09:18:28+00:00
1002,199/be_011sg_5_174.jpg,199,san,ok,,,2026-09-24T09:18:28+00:00
1003,199/bc_020sg_4_81.jpg,199,san,ok,,,2026-09-24T09:18:28+00:00
1004,199/bl_003sg_7_63.jpg,199,san,ok,,,2026-09-24T09:18:28+00:00
1005,199/be_019tg_3_17.jpg,199,san,ok,,,2026-09-24T09:18:28+00:00
1006,199/be_016sg_8_289.jpg,199,san,ok,,,2026-09-24T09:18:28+00:00
1007,199/be_018sg_6_255.jpg,199,san,ok,,,2026-09-24T09:18:28+00:00
1008,199/be_007tg_6_75.jpg,199,san,ok,,,2026-09-24T09:18:28+00:00
1009,199/be_014sg_4_307.jpg,199,san,ok,,,2026-09-24T09:18:28+00:00
1010,199/be_020tg_2_91.jpg,199,san,ok,,,2026-09-24T09:18:28+00:00
1011,199/be_005tg_7_89.jpg,199,san,ok,,,2026-09-24T09:18:28+00:00
1012,199/bl_004sg_7_102.jpg,199,san,ok,,,2026-09-24T09:18:28+00:00
1013,199/bc_020tg_4_27.jpg,199,san,ok,,,2026-09-24T09:18:28+00:00
1014,199/be_005tg_2_257.jpg,199,san,ok,,,2026-09-24T09:18:28+00:00
1015,199/be_003sg_7_122.jpg,199,san,ok,,,2026-09-24T09:18:28+00:00
1016,199/bl_007sg_3_201.jpg,199,san,ok,,,2026-09-24T09:18:28+00:00
1017,199/be_005tg_3_12.jpg,199,san,ok,,,2026-09-24T09:18:28+00:00
1018,199/be_012tg_3_399.jpg,199,san,ok,,,2026-09-24T09:18:28+00:00
1019,210/be_012sg_4_270.jpg,210,riri,wrong_class,227.0,,2026-09-24T09:18:33+00:00
1020,210/be_001sg_5_66.jpg,210,งเาะ,wrong_class,199.0,,2026-09-24T09:18:37+00:00
1021,199/be_005tg_5_459.jpg,199,san,ok,,,2026-09-24T09:18:43+00:00
1022,199/bc_020sg_3_128.jpg,199,san,ok,,,2026-09-24T09:18:43+00:00
1023,199/be_001sg_5_71.jpg,199,san,ok,,,2026-09-24T09:18:43+00:00
1024,199/bc_008sg_8_280.jpg,199,san,ok,,,2026-09-24T09:18:43+00:00
1025,199/bc_020tg_2_32.jpg,199,san,ok,,,2026-09-24T09:18:43+00:00
1026,199/be_017sg_4_85.jpg,199,san,ok,,,2026-09-24T09:18:43+00:00
1027,199/be_004tg_7_12.jpg,199,san,ok,,,2026-09-24T09:18:43+00:00
1028,199/bl_005tg_3_48.jpg,199,san,ok,,,2026-09-24T09:18:43+00:00
1029,199/be_006sg_8_220.jpg,199,san,ok,,,2026-09-24T09:18:43+00:00
1030,199/be_001sg_2_72.jpg,199,san,ok,,,2026-09-24T09:18:43+00:00
1031,199/bc_020sg_3_407.jpg,199,san,ok,,,2026-09-24T09:18:43+00:00
1032,199/be_019tg_3_126.jpg,199,san,ok,,,2026-09-24T09:18:43+00:00
1033,199/be_007tg_3_254.jpg,199,san,ok,,,2026-09-24T09:18:43+00:00
1034,199/bc_020sg_4_149.jpg,199,san,ok,,,2026-09-24T09:18:43+00:00
1035,199/be_016tg_11_410.jpg,199,san,ok,,,2026-09-24T09:18:43+00:00
1036,199/be_019tg_8_177.jpg,199,san,ok,,,2026-09-24T09:18:43+00:00
1037,199/be_005tg_5_195.jpg,199,san,ok,,,2026-09-24T09:18:43+00:00
1038,199/be_014sg_3_192.jpg,199,san,ok,,,2026-09-24T09:18:43+00:00
1039,199/be_011sg_1_58.jpg,199,san,ok,,,2026-09-24T09:18:43+00:00
1040,199/be_004sg_5_40.jpg,199,san,ok,,,2026-09-24T09:18:43+00:00
1041,199/bc_016sg_7_28.jpg,199,san,ok,,,2026-09-24T09:18:43+00:00
1042,199/bc_020tg_4_468.jpg,199,san,ok,,,2026-09-24T09:18:43+00:00
1043,199/be_007tg_3_267.jpg,199,san,ok,,,2026-09-24T09:18:43+00:00
1044,199/be_014sg_3_205.jpg,199,san,ok,,,2026-09-24T09:18:43+00:00
1045,210/be_011sg_1_138.jpg,210,riri,wrong_class,229.0,,2026-09-24T09:18:55+00:00
1046,210/be_018tg_7_169.jpg,210,งเาะ,wrong_class,199.0,,2026-09-24T09:19:00+00:00
1047,199/bc_018tg_5_34.jpg,199,san,ok,,,2026-09-24T09:19:02+00:00
1048,199/be_006sg_3_62.jpg,199,san,ok,,,2026-09-24T09:19:02+00:00
1049,199/be_001sg_5_55.jpg,199,san,ok,,,2026-09-24T09:19:02+00:00
1050,199/be_005tg_4_127.jpg,199,san,ok,,,2026-09-24T09:19:02+00:00
1051,199/bc_008sg_8_265.jpg,199,san,ok,,,2026-09-24T09:19:02+00:00
1052,199/be_006sg_4_75.jpg,199,san,ok,,,2026-09-24T09:19:02+00:00
1053,199/be_008sg_7_92.jpg,199,san,ok,,,2026-09-24T09:19:02+00:00
1054,199/be_018tg_9_108.jpg,199,san,ok,,,2026-09-24T09:19:02+00:00
1055,199/bc_015tg_3_367.jpg,199,san,ok,,,2026-09-24T09:19:02+00:00
1056,199/bc_020sg_4_340.jpg,199,san,ok,,,2026-09-24T09:19:02+00:00
1057,199/bc_019sg_6_229.jpg,199,san,ok,,,2026-09-24T09:19:02+00:00
1058,199/bc_020tg_4_112.jpg,199,san,ok,,,2026-09-24T09:19:02+00:00
1059,199/bc_016tg_5_284.jpg,199,san,ok,,,2026-09-24T09:19:02+00:00
1060,199/bc_015tg_3_222.jpg,199,san,ok,,,2026-09-24T09:19:02+00:00
1061,199/be_017sg_4_218.jpg,199,san,ok,,,2026-09-24T09:19:02+00:00
1062,199/bl_007sg_3_133.jpg,199,san,ok,,,2026-09-24T09:19:02+00:00
1063,199/bc_009sg_2_52.jpg,199,san,ok,,,2026-09-24T09:19:02+00:00
1064,199/be_018sg_8_23.jpg,199,san,ok,,,2026-09-24T09:19:02+00:00
1065,199/be_011sg_4_69.jpg,199,san,ok,,,2026-09-24T09:19:02+00:00
1066,199/be_018sg_9_141.jpg,199,san,ok,,,2026-09-24T09:19:02+00:00
1067,199/bc_014tg_6_474.jpg,199,san,ok,,,2026-09-24T09:19:02+00:00
1068,199/bc_019sg_3_9.jpg,199,san,ok,,,2026-09-24T09:19:02+00:00
1069,199/be_002tg_4_90.jpg,199,san,ok,,,2026-09-24T09:19:02+00:00
1070,199/be_003sg_9_128.jpg,199,san,ok,,,2026-09-24T09:19:02+00:00
1071,210/be_001sg_5_66.jpg,210,riri,wrong_class,199.0,,2026-09-24T09:19:11+00:00
1072,199/be_019tg_3_10.jpg,199,san,ok,,,2026-09-24T09:19:15+00:00
1073,199/be_017sg_4_120.jpg,199,san,ok,,,2026-09-24T09:19:15+00:00
1074,199/be_005tg_2_29.jpg,199,san,ok,,,2026-09-24T09:19:15+00:00
1075,199/be_017sg_7_106.jpg,199,san,ok,,,2026-09-24T09:19:15+00:00
1076,199/be_014sg_4_387.jpg,199,san,ok,,,2026-09-24T09:19:15+00:00
1077,199/be_007sg_6_481.jpg,199,san,ok,,,2026-09-24T09:19:15+00:00
1078,199/bc_008sg_14_404.jpg,199,san,ok,,,2026-09-24T09:19:15+00:00
1079,199/be_014tg_3_53.jpg,199,san,ok,,,2026-09-24T09:19:15+00:00
1080,199/bc_020sg_3_442.jpg,199,san,ok,,,2026-09-24T09:19:15+00:00
1081,199/be_018sg_9_268.jpg,199,san,ok,,,2026-09-24T09:19:15+00:00
1082,199/be_013tg_7_4.jpg,199,san,ok,,,2026-09-24T09:19:15+00:00
1083,199/bc_018sg_3_204.jpg,199,san,ok,,,2026-09-24T09:19:15+00:00
1084,199/be_014sg_2_323.jpg,199,san,ok,,,2026-09-24T09:19:15+00:00
1085,199/bc_020tg_3_471.jpg,199,san,ok,,,2026-09-24T09:19:15+00:00
1086,199/be_019tg_2_1.jpg,199,san,ok,,,2026-09-24T09:19:15+00:00
1087,199/be_009sg_4_440.jpg,199,san,ok,,,2026-09-24T09:19:15+00:00
1088,199/bl_002sg_3_30.jpg,199,san,ok,,,2026-09-24T09:19:15+00:00
1089,199/be_001sg_4_2.jpg,199,san,ok,,,2026-09-24T09:19:15+00:00
1090,199/be_007tg_3_100.jpg,199,san,ok,,,2026-09-24T09:19:15+00:00
1091,199/be_017sg_6_14.jpg,199,san,ok,,,2026-09-24T09:19:15+00:00
1092,199/be_005tg_5_295.jpg,199,san,ok,,,2026-09-24T09:19:15+00:00
1093,199/be_011sg_2_169.jpg,199,san,ok,,,2026-09-24T09:19:15+00:00
1094,199/be_019sg_6_287.jpg,199,san,ok,,,2026-09-24T09:19:15+00:00
1095,199/be_011sg_1_363.jpg,199,san,ok,,,2026-09-24T09:19:15+00:00
1096,210/be_007sg_7_290.jpg,210,riri,wrong_class,229.0,,2026-09-24T09:19:23+00:00
1097,199/bc_015sg_3_195.jpg,199,san,ok,,,2026-09-24T09:19:27+00:00
1098,199/be_017sg_6_108.jpg,199,san,ok,,,2026-09-24T09:19:27+00:00
1099,199/bc_019sg_3_78.jpg,199,san,ok,,,2026-09-24T09:19:27+00:00
1100,199/bc_008sg_1_157.jpg,199,san,ok,,,2026-09-24T09:19:27+00:00
1101,199/bc_008sg_6_168.jpg,199,san,ok,,,2026-09-24T09:19:27+00:00
1102,199/bc_011tg_6_32.jpg,199,san,ok,,,2026-09-24T09:19:27+00:00
1103,199/be_013sg_1_409.jpg,199,san,ok,,,2026-09-24T09:19:27+00:00
1104,199/be_014sg_2_222.jpg,199,san,ok,,,2026-09-24T09:19:27+00:00
1105,199/bc_015sg_5_98.jpg,199,san,ok,,,2026-09-24T09:19:27+00:00
1106,199/bc_019tg_7_208.jpg,199,san,ok,,,2026-09-24T09:19:27+00:00
1107,199/bc_008tg_8_172.jpg,199,san,ok,,,2026-09-24T09:19:27+00:00
1108,199/bc_014sg_3_341.jpg,199,san,ok,,,2026-09-24T09:19:27+00:00
1109,199/be_008sg_4_481.jpg,199,san,ok,,,2026-09-24T09:19:27+00:00
1110,199/be_015sg_1_389.jpg,199,san,ok,,,2026-09-24T09:19:27+00:00
1111,199/bc_020sg_4_12.jpg,199,san,ok,,,2026-09-24T09:19:27+00:00
1112,199/be_006sg_8_130.jpg,199,san,ok,,,2026-09-24T09:19:27+00:00
1113,199/be_005tg_5_190.jpg,199,san,ok,,,2026-09-24T09:19:27+00:00
1114,199/be_009sg_3_122.jpg,199,san,ok,,,2026-09-24T09:19:27+00:00
1115,199/be_005sg_3_155.jpg,199,san,ok,,,2026-09-24T09:19:27+00:00
1116,199/bc_017tg_5_430.jpg,199,san,ok,,,2026-09-24T09:19:27+00:00
1117,199/bc_011tg_3_475.jpg,199,san,ok,,,2026-09-24T09:19:27+00:00
1118,199/be_013tg_5_2.jpg,199,san,ok,,,2026-09-24T09:19:27+00:00
1119,199/be_011sg_7_4.jpg,199,san,ok,,,2026-09-24T09:19:27+00:00
1120,199/bc_020tg_4_276.jpg,199,san,ok,,,2026-09-24T09:19:27+00:00
1121,210/be_002sg_9_170.jpg,210,งเาะ,drop,,,2026-09-24T09:19:35+00:00
1122,199/bc_012tg_2_127.jpg,199,san,ok,,,2026-09-24T09:19:38+00:00
1123,199/be_005tg_4_215.jpg,199,san,ok,,,2026-09-24T09:19:38+00:00
1124,199/be_003sg_9_339.jpg,199,san,ok,,,2026-09-24T09:19:38+00:00
1125,199/be_014tg_3_196.jpg,199,san,ok,,,2026-09-24T09:19:38+00:00
1126,199/bl_003sg_3_119.jpg,199,san,ok,,,2026-09-24T09:19:38+00:00
1127,199/bc_020sg_3_278.jpg,199,san,ok,,,2026-09-24T09:19:38+00:00
1128,199/bl_003sg_3_189.jpg,199,san,ok,,,2026-09-24T09:19:38+00:00
1129,199/be_018tg_3_43.jpg,199,san,ok,,,2026-09-24T09:19:38+00:00
1130,199/be_008sg_5_462.jpg,199,san,ok,,,2026-09-24T09:19:38+00:00
1131,199/be_013tg_2_352.jpg,199,san,ok,,,2026-09-24T09:19:38+00:00
1132,199/be_006sg_8_169.jpg,199,san,ok,,,2026-09-24T09:19:38+00:00
1133,199/be_016sg_8_115.jpg,199,san,ok,,,2026-09-24T09:19:38+00:00
1134,199/bc_015tg_5_128.jpg,199,san,ok,,,2026-09-24T09:19:38+00:00
1135,199/be_019sg_6_280.jpg,199,san,ok,,,2026-09-24T09:19:38+00:00
1136,199/bl_003sg_5_154.jpg,199,san,ok,,,2026-09-24T09:19:38+00:00
1137,199/bc_008sg_1_42.jpg,199,san,ok,,,2026-09-24T09:19:38+00:00
1138,199/be_013tg_2_190.jpg,199,san,ok,,,2026-09-24T09:19:38+00:00
1139,199/bc_014sg_6_92.jpg,199,san,ok,,,2026-09-24T09:19:38+00:00
1140,199/be_019tg_5_12.jpg,199,san,ok,,,2026-09-24T09:19:38+00:00
1141,199/bl_002tg_7_250.jpg,199,san,ok,,,2026-09-24T09:19:38+00:00
1142,199/be_014sg_4_365.jpg,199,san,ok,,,2026-09-24T09:19:38+00:00
1143,199/bc_020tg_4_188.jpg,199,san,ok,,,2026-09-24T09:19:38+00:00
1144,199/bc_019tg_6_99.jpg,199,san,ok,,,2026-09-24T09:19:38+00:00
1145,199/be_013tg_5_92.jpg,199,san,ok,,,2026-09-24T09:19:38+00:00
1146,210/be_009sg_4_323.jpg,210,riri,drop,,,2026-09-24T09:19:43+00:00
1147,199/bc_014sg_2_28.jpg,199,san,unsure,,,2026-09-24T09:19:55+00:00
1148,210/be_007sg_3_42.jpg,210,งเาะ,wrong_class,227.0,,2026-09-24T09:19:55+00:00
1149,199/bl_003tg_7_385.jpg,199,san,ok,,,2026-09-24T09:20:04+00:00
1150,199/be_013tg_1_458.jpg,199,san,ok,,,2026-09-24T09:20:04+00:00
1151,199/be_013sg_6_221.jpg,199,san,ok,,,2026-09-24T09:20:04+00:00
1152,199/be_002tg_7_173.jpg,199,san,ok,,,2026-09-24T09:20:04+00:00
1153,199/bc_018sg_4_253.jpg,199,san,ok,,,2026-09-24T09:20:04+00:00
1154,199/bc_008sg_8_374.jpg,199,san,ok,,,2026-09-24T09:20:04+00:00
1155,199/bl_007sg_8_126.jpg,199,san,ok,,,2026-09-24T09:20:04+00:00
1156,199/be_006sg_8_116.jpg,199,san,ok,,,2026-09-24T09:20:04+00:00
1157,199/bc_014tg_6_321.jpg,199,san,ok,,,2026-09-24T09:20:04+00:00
1158,199/be_003sg_4_390.jpg,199,san,ok,,,2026-09-24T09:20:04+00:00
1159,199/be_017tg_7_148.jpg,199,san,ok,,,2026-09-24T09:20:04+00:00
1160,199/be_002sg_9_462.jpg,199,san,ok,,,2026-09-24T09:20:04+00:00
1161,199/bc_020sg_4_345.jpg,199,san,ok,,,2026-09-24T09:20:04+00:00
1162,199/bc_019tg_3_78.jpg,199,san,ok,,,2026-09-24T09:20:04+00:00
1163,199/be_018tg_4_10.jpg,199,san,ok,,,2026-09-24T09:20:04+00:00
1164,199/be_005tg_4_265.jpg,199,san,ok,,,2026-09-24T09:20:04+00:00
1165,199/be_003sg_9_85.jpg,199,san,ok,,,2026-09-24T09:20:04+00:00
1166,199/bc_009tg_2_460.jpg,199,san,ok,,,2026-09-24T09:20:04+00:00
1167,199/bc_008tg_1_183.jpg,199,san,ok,,,2026-09-24T09:20:04+00:00
1168,199/bc_014sg_3_305.jpg,199,san,ok,,,2026-09-24T09:20:04+00:00
1169,199/be_019sg_8_116.jpg,199,san,ok,,,2026-09-24T09:20:04+00:00
1170,199/be_007tg_6_482.jpg,199,san,ok,,,2026-09-24T09:20:04+00:00
1171,199/bc_015sg_5_233.jpg,199,san,ok,,,2026-09-24T09:20:04+00:00
1172,210/be_020tg_2_408.jpg,210,งเาะ,wrong_class,199.0,,2026-09-24T09:20:09+00:00
1173,210/be_004sg_2_141.jpg,210,riri,wrong_class,229.0,,2026-09-24T09:20:15+00:00
1174,210/bc_018sg_4_169.jpg,210,งเาะ,wrong_class,168.0,,2026-09-24T09:20:20+00:00
1175,199/be_003sg_4_245.jpg,199,san,ok,,,2026-09-24T09:20:21+00:00
1176,199/be_005sg_4_126.jpg,199,san,ok,,,2026-09-24T09:20:21+00:00
1177,199/bc_015sg_3_144.jpg,199,san,ok,,,2026-09-24T09:20:21+00:00
1178,199/bc_018sg_4_388.jpg,199,san,ok,,,2026-09-24T09:20:21+00:00
1179,199/be_006sg_1_126.jpg,199,san,ok,,,2026-09-24T09:20:21+00:00
1180,199/be_006sg_4_339.jpg,199,san,ok,,,2026-09-24T09:20:21+00:00
1181,199/be_002tg_9_333.jpg,199,san,ok,,,2026-09-24T09:20:21+00:00
1182,199/be_013tg_2_297.jpg,199,san,ok,,,2026-09-24T09:20:21+00:00
1183,199/be_007sg_3_287.jpg,199,san,ok,,,2026-09-24T09:20:21+00:00
1184,199/bc_020sg_3_375.jpg,199,san,ok,,,2026-09-24T09:20:21+00:00
1185,199/bl_003tg_3_122.jpg,199,san,ok,,,2026-09-24T09:20:21+00:00
1186,199/be_002tg_10_183.jpg,199,san,ok,,,2026-09-24T09:20:21+00:00
1187,199/be_007tg_3_34.jpg,199,san,ok,,,2026-09-24T09:20:21+00:00
1188,199/bl_003tg_3_105.jpg,199,san,ok,,,2026-09-24T09:20:21+00:00
1189,199/bl_007sg_8_396.jpg,199,san,ok,,,2026-09-24T09:20:21+00:00
1190,199/bc_014tg_6_369.jpg,199,san,ok,,,2026-09-24T09:20:21+00:00
1191,199/bc_018tg_4_329.jpg,199,san,ok,,,2026-09-24T09:20:21+00:00
1192,199/bc_019tg_6_383.jpg,199,san,ok,,,2026-09-24T09:20:21+00:00
1193,199/bc_020sg_3_333.jpg,199,san,ok,,,2026-09-24T09:20:21+00:00
1194,199/be_007tg_3_22.jpg,199,san,ok,,,2026-09-24T09:20:21+00:00
1195,199/be_011sg_1_330.jpg,199,san,ok,,,2026-09-24T09:20:21+00:00
1196,199/be_008sg_4_52.jpg,199,san,ok,,,2026-09-24T09:20:21+00:00
1197,199/be_008sg_4_257.jpg,199,san,ok,,,2026-09-24T09:20:21+00:00
1198,199/be_005tg_2_51.jpg,199,san,ok,,,2026-09-24T09:20:21+00:00
1199,210/be_006tg_8_269.jpg,210,riri,wrong_class,199.0,,2026-09-24T09:20:33+00:00
1200,199/bc_011tg_3_312.jpg,199,san,ok,,,2026-09-24T09:20:33+00:00
1201,199/ce_001sg_2_154.jpg,199,san,ok,,,2026-09-24T09:20:33+00:00
1202,199/be_011sg_5_123.jpg,199,san,ok,,,2026-09-24T09:20:33+00:00
1203,199/bc_019tg_8_223.jpg,199,san,ok,,,2026-09-24T09:20:33+00:00
1204,199/be_006sg_6_143.jpg,199,san,ok,,,2026-09-24T09:20:33+00:00
1205,199/be_003tg_4_230.jpg,199,san,ok,,,2026-09-24T09:20:33+00:00
1206,199/bc_008tg_11_268.jpg,199,san,ok,,,2026-09-24T09:20:33+00:00
1207,199/bc_008tg_14_89.jpg,199,san,ok,,,2026-09-24T09:20:33+00:00
1208,199/bc_020sg_7_79.jpg,199,san,ok,,,2026-09-24T09:20:33+00:00
1209,199/bc_018tg_4_436.jpg,199,san,ok,,,2026-09-24T09:20:33+00:00
1210,199/be_015tg_2_1.jpg,199,san,ok,,,2026-09-24T09:20:33+00:00
1211,199/be_014sg_4_95.jpg,199,san,ok,,,2026-09-24T09:20:33+00:00
1212,199/be_018sg_6_300.jpg,199,san,ok,,,2026-09-24T09:20:33+00:00
1213,199/bc_020tg_3_271.jpg,199,san,ok,,,2026-09-24T09:20:33+00:00
1214,199/be_013tg_2_368.jpg,199,san,ok,,,2026-09-24T09:20:33+00:00
1215,199/bc_020sg_3_112.jpg,199,san,ok,,,2026-09-24T09:20:33+00:00
1216,199/be_003sg_7_154.jpg,199,san,ok,,,2026-09-24T09:20:33+00:00
1217,199/bc_019tg_3_81.jpg,199,san,ok,,,2026-09-24T09:20:33+00:00
1218,199/be_013sg_2_442.jpg,199,san,ok,,,2026-09-24T09:20:33+00:00
1219,199/bc_015tg_5_9.jpg,199,san,ok,,,2026-09-24T09:20:33+00:00
1220,199/bl_009sg_3_463.jpg,199,san,ok,,,2026-09-24T09:20:33+00:00
1221,199/be_005tg_4_222.jpg,199,san,ok,,,2026-09-24T09:20:33+00:00
1222,199/bc_018sg_4_394.jpg,199,san,ok,,,2026-09-24T09:20:33+00:00
1223,199/be_003sg_7_144.jpg,199,san,ok,,,2026-09-24T09:20:33+00:00
1224,210/be_002sg_7_89.jpg,210,งเาะ,drop,,,2026-09-24T09:20:40+00:00
1225,210/be_009sg_3_46.jpg,210,riri,wrong_class,199.0,,2026-09-24T09:20:47+00:00
1226,210/be_015sg_2_84.jpg,210,riri,wrong_class,227.0,,2026-09-24T09:21:03+00:00
1227,229/ce_001sg_2_12.jpg,229,san,ok,,,2026-09-24T09:21:03+00:00
1228,229/be_002tg_6_185.jpg,229,san,ok,,,2026-09-24T09:21:03+00:00
1229,229/ce_001sg_2_8.jpg,229,san,ok,,,2026-09-24T09:21:03+00:00
1230,229/be_018tg_2_15.jpg,229,san,ok,,,2026-09-24T09:21:03+00:00
1231,229/be_002tg_9_404.jpg,229,san,ok,,,2026-09-24T09:21:03+00:00
1232,229/be_002tg_9_246.jpg,229,san,ok,,,2026-09-24T09:21:03+00:00
1233,229/bc_001sg_9_27.jpg,229,san,ok,,,2026-09-24T09:21:03+00:00
1234,229/be_018sg_9_291.jpg,229,san,ok,,,2026-09-24T09:21:03+00:00
1235,229/be_018tg_3_357.jpg,229,san,ok,,,2026-09-24T09:21:03+00:00
1236,229/be_016tg_8_100.jpg,229,san,ok,,,2026-09-24T09:21:03+00:00
1237,229/be_018sg_11_6.jpg,229,san,ok,,,2026-09-24T09:21:03+00:00
1238,229/be_018tg_9_216.jpg,229,san,ok,,,2026-09-24T09:21:03+00:00
1239,229/be_002sg_6_24.jpg,229,san,ok,,,2026-09-24T09:21:03+00:00
1240,229/be_002tg_9_303.jpg,229,san,ok,,,2026-09-24T09:21:03+00:00
1241,229/be_016tg_8_63.jpg,229,san,ok,,,2026-09-24T09:21:03+00:00
1242,229/be_018sg_6_235.jpg,229,san,ok,,,2026-09-24T09:21:03+00:00
1243,229/be_006sg_1_204.jpg,229,san,ok,,,2026-09-24T09:21:03+00:00
1244,229/be_002sg_10_78.jpg,229,san,ok,,,2026-09-24T09:21:03+00:00
1245,229/be_016sg_8_174.jpg,229,san,ok,,,2026-09-24T09:21:03+00:00
1246,229/be_004sg_7_315.jpg,229,san,ok,,,2026-09-24T09:21:03+00:00
1247,229/be_018sg_7_182.jpg,229,san,ok,,,2026-09-24T09:21:03+00:00
1248,229/be_017tg_4_233.jpg,229,san,ok,,,2026-09-24T09:21:03+00:00
1249,229/be_013sg_2_27.jpg,229,san,ok,,,2026-09-24T09:21:03+00:00
1250,229/be_006tg_6_132.jpg,229,san,ok,,,2026-09-24T09:21:03+00:00
1251,210/be_008tg_6_459.jpg,210,งเาะ,unsure,,,2026-09-24T09:21:12+00:00
1252,210/be_016sg_9_383.jpg,210,riri,drop,,,2026-09-24T09:21:13+00:00
1253,210/bc_020tg_3_231.jpg,210,งเาะ,unsure,,,2026-09-24T09:21:32+00:00
1254,210/be_018sg_5_40.jpg,210,riri,wrong_class,227.0,,2026-09-24T09:21:35+00:00
1255,229/bc_020sg_2_1.jpg,229,san,unsure,,,2026-09-24T09:21:36+00:00
1256,229/be_004tg_4_54.jpg,229,san,ok,,,2026-09-24T09:21:41+00:00
1257,229/be_017sg_6_72.jpg,229,san,ok,,,2026-09-24T09:21:41+00:00
1258,229/be_014tg_4_73.jpg,229,san,ok,,,2026-09-24T09:21:41+00:00
1259,229/be_005tg_3_32.jpg,229,san,ok,,,2026-09-24T09:21:41+00:00
1260,229/be_006sg_1_462.jpg,229,san,ok,,,2026-09-24T09:21:41+00:00
1261,229/be_002sg_5_106.jpg,229,san,ok,,,2026-09-24T09:21:41+00:00
1262,229/bc_020sg_3_355.jpg,229,san,ok,,,2026-09-24T09:21:41+00:00
1263,229/be_017sg_6_8.jpg,229,san,ok,,,2026-09-24T09:21:41+00:00
1264,229/be_013sg_3_23.jpg,229,san,ok,,,2026-09-24T09:21:41+00:00
1265,229/be_018tg_7_80.jpg,229,san,ok,,,2026-09-24T09:21:41+00:00
1266,229/be_002sg_9_417.jpg,229,san,ok,,,2026-09-24T09:21:41+00:00
1267,229/be_003tg_2_19.jpg,229,san,ok,,,2026-09-24T09:21:41+00:00
1268,229/be_020sg_3_13.jpg,229,san,ok,,,2026-09-24T09:21:41+00:00
1269,229/be_002tg_7_82.jpg,229,san,ok,,,2026-09-24T09:21:41+00:00
1270,229/be_011sg_7_17.jpg,229,san,ok,,,2026-09-24T09:21:41+00:00
1271,229/be_002sg_7_64.jpg,229,san,ok,,,2026-09-24T09:21:41+00:00
1272,229/be_015sg_2_475.jpg,229,san,ok,,,2026-09-24T09:21:41+00:00
1273,229/be_001sg_2_15.jpg,229,san,ok,,,2026-09-24T09:21:41+00:00
1274,229/bc_001sg_9_270.jpg,229,san,ok,,,2026-09-24T09:21:41+00:00
1275,229/be_019sg_6_300.jpg,229,san,ok,,,2026-09-24T09:21:41+00:00
1276,229/be_020tg_4_73.jpg,229,san,ok,,,2026-09-24T09:21:41+00:00
1277,229/be_005sg_2_266.jpg,229,san,ok,,,2026-09-24T09:21:41+00:00
1278,229/be_006sg_3_240.jpg,229,san,ok,,,2026-09-24T09:21:41+00:00
1279,210/be_002sg_7_321.jpg,210,riri,wrong_class,229.0,,2026-09-24T09:21:46+00:00
1280,210/be_017tg_4_64.jpg,210,งเาะ,wrong_class,199.0,,2026-09-24T09:21:48+00:00
1281,229/be_006tg_4_251.jpg,229,san,ok,,,2026-09-24T09:21:50+00:00
1282,229/be_009tg_4_107.jpg,229,san,ok,,,2026-09-24T09:21:50+00:00
1283,229/be_006tg_4_241.jpg,229,san,ok,,,2026-09-24T09:21:50+00:00
1284,229/be_020sg_2_145.jpg,229,san,ok,,,2026-09-24T09:21:50+00:00
1285,229/be_005tg_7_36.jpg,229,san,ok,,,2026-09-24T09:21:50+00:00
1286,229/be_015tg_2_443.jpg,229,san,ok,,,2026-09-24T09:21:50+00:00
1287,229/be_002sg_6_60.jpg,229,san,ok,,,2026-09-24T09:21:50+00:00
1288,229/be_016sg_11_194.jpg,229,san,ok,,,2026-09-24T09:21:50+00:00
1289,229/be_009sg_4_172.jpg,229,san,ok,,,2026-09-24T09:21:50+00:00
1290,229/be_018sg_6_12.jpg,229,san,ok,,,2026-09-24T09:21:50+00:00
1291,229/be_016sg_8_308.jpg,229,san,ok,,,2026-09-24T09:21:50+00:00
1292,229/be_013sg_1_258.jpg,229,san,ok,,,2026-09-24T09:21:50+00:00
1293,229/be_004sg_7_95.jpg,229,san,ok,,,2026-09-24T09:21:50+00:00
1294,229/bl_002sg_10_10.jpg,229,san,ok,,,2026-09-24T09:21:50+00:00
1295,229/be_016sg_8_440.jpg,229,san,ok,,,2026-09-24T09:21:50+00:00
1296,229/be_020sg_5_102.jpg,229,san,ok,,,2026-09-24T09:21:50+00:00
1297,229/be_009sg_4_76.jpg,229,san,ok,,,2026-09-24T09:21:50+00:00
1298,229/be_018tg_6_327.jpg,229,san,ok,,,2026-09-24T09:21:50+00:00
1299,229/be_006tg_6_15.jpg,229,san,ok,,,2026-09-24T09:21:50+00:00
1300,229/be_004sg_7_37.jpg,229,san,ok,,,2026-09-24T09:21:50+00:00
1301,229/be_009sg_4_443.jpg,229,san,ok,,,2026-09-24T09:21:50+00:00
1302,229/be_018tg_3_248.jpg,229,san,ok,,,2026-09-24T09:21:50+00:00
1303,229/be_016tg_8_4.jpg,229,san,ok,,,2026-09-24T09:21:50+00:00
1304,229/be_015sg_1_188.jpg,229,san,ok,,,2026-09-24T09:21:50+00:00
1305,229/be_007sg_6_58.jpg,229,san,ok,,,2026-09-24T09:21:59+00:00
1306,229/be_007sg_7_155.jpg,229,san,ok,,,2026-09-24T09:21:59+00:00
1307,229/be_008tg_5_133.jpg,229,san,ok,,,2026-09-24T09:21:59+00:00
1308,229/be_008tg_5_56.jpg,229,san,ok,,,2026-09-24T09:21:59+00:00
1309,229/be_015tg_2_197.jpg,229,san,ok,,,2026-09-24T09:21:59+00:00
1310,229/be_007sg_4_98.jpg,229,san,ok,,,2026-09-24T09:21:59+00:00
1311,229/be_018tg_3_116.jpg,229,san,ok,,,2026-09-24T09:21:59+00:00
1312,229/be_002sg_6_143.jpg,229,san,ok,,,2026-09-24T09:21:59+00:00
1313,229/be_006tg_4_342.jpg,229,san,ok,,,2026-09-24T09:21:59+00:00
1314,229/be_001sg_5_28.jpg,229,san,ok,,,2026-09-24T09:21:59+00:00
1315,229/be_005sg_4_224.jpg,229,san,ok,,,2026-09-24T09:21:59+00:00
1316,229/be_004sg_2_35.jpg,229,san,ok,,,2026-09-24T09:21:59+00:00
1317,229/ce_001sg_2_172.jpg,229,san,ok,,,2026-09-24T09:21:59+00:00
1318,229/be_004sg_7_465.jpg,229,san,ok,,,2026-09-24T09:21:59+00:00
1319,229/be_016sg_8_99.jpg,229,san,ok,,,2026-09-24T09:21:59+00:00
1320,229/be_015sg_1_456.jpg,229,san,ok,,,2026-09-24T09:21:59+00:00
1321,229/be_018tg_6_324.jpg,229,san,ok,,,2026-09-24T09:21:59+00:00
1322,229/be_014tg_3_235.jpg,229,san,ok,,,2026-09-24T09:21:59+00:00
1323,229/be_011tg_3_22.jpg,229,san,ok,,,2026-09-24T09:21:59+00:00
1324,229/be_016tg_9_390.jpg,229,san,ok,,,2026-09-24T09:21:59+00:00
1325,229/be_001sg_2_237.jpg,229,san,ok,,,2026-09-24T09:21:59+00:00
1326,229/bl_005sg_7_67.jpg,229,san,ok,,,2026-09-24T09:21:59+00:00
1327,229/be_018tg_7_306.jpg,229,san,ok,,,2026-09-24T09:21:59+00:00
1328,229/bc_011sg_1_35.jpg,229,san,ok,,,2026-09-24T09:21:59+00:00
1329,210/be_014sg_3_195.jpg,210,งเาะ,wrong_class,199.0,,2026-09-24T09:22:00+00:00
1330,210/be_003tg_9_144.jpg,210,riri,wrong_class,199.0,,2026-09-24T09:22:02+00:00
1331,229/be_018tg_3_2.jpg,229,san,ok,,,2026-09-24T09:22:10+00:00
1332,229/be_019sg_8_464.jpg,229,san,ok,,,2026-09-24T09:22:10+00:00
1333,229/be_008tg_5_7.jpg,229,san,ok,,,2026-09-24T09:22:10+00:00
1334,229/be_008sg_7_103.jpg,229,san,ok,,,2026-09-24T09:22:10+00:00
1335,229/be_013sg_2_40.jpg,229,san,ok,,,2026-09-24T09:22:10+00:00
1336,229/be_006tg_3_338.jpg,229,san,ok,,,2026-09-24T09:22:10+00:00
1337,229/be_017sg_7_151.jpg,229,san,ok,,,2026-09-24T09:22:10+00:00
1338,229/be_005sg_4_22.jpg,229,san,ok,,,2026-09-24T09:22:10+00:00
1339,229/be_018tg_3_427.jpg,229,san,ok,,,2026-09-24T09:22:10+00:00
1340,229/be_008tg_4_75.jpg,229,san,ok,,,2026-09-24T09:22:10+00:00
1341,229/be_009tg_4_228.jpg,229,san,ok,,,2026-09-24T09:22:10+00:00
1342,229/be_017tg_6_147.jpg,229,san,ok,,,2026-09-24T09:22:10+00:00
1343,229/be_006sg_1_79.jpg,229,san,ok,,,2026-09-24T09:22:10+00:00
1344,229/be_018sg_5_57.jpg,229,san,ok,,,2026-09-24T09:22:10+00:00
1345,229/be_018sg_7_331.jpg,229,san,ok,,,2026-09-24T09:22:10+00:00
1346,229/be_006tg_8_189.jpg,229,san,ok,,,2026-09-24T09:22:10+00:00
1347,229/be_011sg_2_445.jpg,229,san,ok,,,2026-09-24T09:22:10+00:00
1348,229/be_002sg_9_362.jpg,229,san,ok,,,2026-09-24T09:22:10+00:00
1349,229/be_006tg_3_140.jpg,229,san,ok,,,2026-09-24T09:22:10+00:00
1350,229/bc_004tg_6_38.jpg,229,san,ok,,,2026-09-24T09:22:10+00:00
1351,229/be_006tg_8_79.jpg,229,san,ok,,,2026-09-24T09:22:10+00:00
1352,229/be_006tg_6_126.jpg,229,san,ok,,,2026-09-24T09:22:10+00:00
1353,229/be_019sg_2_71.jpg,229,san,ok,,,2026-09-24T09:22:10+00:00
1354,229/be_009tg_4_123.jpg,229,san,ok,,,2026-09-24T09:22:10+00:00
1355,210/bl_001sg_8_474.jpg,210,งเาะ,wrong_class,199.0,,2026-09-24T09:22:14+00:00
1356,210/be_006tg_8_141.jpg,210,riri,wrong_class,199.0,,2026-09-24T09:22:17+00:00
1357,229/be_018sg_6_180.jpg,229,san,ok,,,2026-09-24T09:22:17+00:00
1358,229/be_006tg_3_243.jpg,229,san,ok,,,2026-09-24T09:22:17+00:00
1359,229/be_014sg_2_89.jpg,229,san,ok,,,2026-09-24T09:22:17+00:00
1360,229/be_006tg_6_40.jpg,229,san,ok,,,2026-09-24T09:22:17+00:00
1361,229/be_008tg_7_340.jpg,229,san,ok,,,2026-09-24T09:22:17+00:00
1362,229/be_006tg_8_56.jpg,229,san,ok,,,2026-09-24T09:22:17+00:00
1363,229/be_003tg_9_123.jpg,229,san,ok,,,2026-09-24T09:22:17+00:00
1364,229/be_007sg_4_236.jpg,229,san,ok,,,2026-09-24T09:22:17+00:00
1365,229/be_018sg_9_165.jpg,229,san,ok,,,2026-09-24T09:22:17+00:00
1366,229/be_014sg_3_223.jpg,229,san,ok,,,2026-09-24T09:22:17+00:00
1367,229/be_004tg_2_265.jpg,229,san,ok,,,2026-09-24T09:22:17+00:00
1368,229/be_002sg_7_313.jpg,229,san,ok,,,2026-09-24T09:22:17+00:00
1369,229/be_018sg_2_13.jpg,229,san,ok,,,2026-09-24T09:22:17+00:00
1370,229/be_007tg_3_134.jpg,229,san,ok,,,2026-09-24T09:22:17+00:00
1371,229/bc_007tg_6_206.jpg,229,san,ok,,,2026-09-24T09:22:17+00:00
1372,229/be_004sg_2_249.jpg,229,san,ok,,,2026-09-24T09:22:17+00:00
1373,229/be_014sg_3_176.jpg,229,san,ok,,,2026-09-24T09:22:17+00:00
1374,229/bc_006sg_3_144.jpg,229,san,ok,,,2026-09-24T09:22:17+00:00
1375,229/be_015sg_1_7.jpg,229,san,ok,,,2026-09-24T09:22:17+00:00
1376,229/be_008tg_7_180.jpg,229,san,ok,,,2026-09-24T09:22:17+00:00
1377,229/bl_005sg_9_321.jpg,229,san,ok,,,2026-09-24T09:22:17+00:00
1378,229/be_013sg_2_262.jpg,229,san,ok,,,2026-09-24T09:22:17+00:00
1379,229/be_019tg_3_251.jpg,229,san,ok,,,2026-09-24T09:22:17+00:00
1380,229/be_011sg_2_4.jpg,229,san,ok,,,2026-09-24T09:22:17+00:00
1381,229/be_016sg_4_9.jpg,229,san,ok,,,2026-09-24T09:22:25+00:00
1382,229/be_018sg_7_135.jpg,229,san,ok,,,2026-09-24T09:22:25+00:00
1383,229/be_003tg_9_194.jpg,229,san,ok,,,2026-09-24T09:22:25+00:00
1384,229/bl_006sg_3_215.jpg,229,san,ok,,,2026-09-24T09:22:25+00:00
1385,229/be_007sg_3_326.jpg,229,san,ok,,,2026-09-24T09:22:25+00:00
1386,229/be_001sg_2_126.jpg,229,san,ok,,,2026-09-24T09:22:25+00:00
1387,229/be_008sg_4_48.jpg,229,san,ok,,,2026-09-24T09:22:25+00:00
1388,229/be_013sg_2_264.jpg,229,san,ok,,,2026-09-24T09:22:25+00:00
1389,229/be_015tg_2_199.jpg,229,san,ok,,,2026-09-24T09:22:25+00:00
1390,229/be_014tg_3_224.jpg,229,san,ok,,,2026-09-24T09:22:25+00:00
1391,229/be_008tg_4_332.jpg,229,san,ok,,,2026-09-24T09:22:25+00:00
1392,229/be_006tg_8_203.jpg,229,san,ok,,,2026-09-24T09:22:25+00:00
1393,229/be_005tg_2_91.jpg,229,san,ok,,,2026-09-24T09:22:25+00:00
1394,229/be_004tg_2_131.jpg,229,san,ok,,,2026-09-24T09:22:25+00:00
1395,229/be_018sg_7_306.jpg,229,san,ok,,,2026-09-24T09:22:25+00:00
1396,229/be_012sg_3_98.jpg,229,san,ok,,,2026-09-24T09:22:25+00:00
1397,229/be_004sg_5_18.jpg,229,san,ok,,,2026-09-24T09:22:25+00:00
1398,229/be_002sg_5_17.jpg,229,san,ok,,,2026-09-24T09:22:25+00:00
1399,229/be_004tg_6_480.jpg,229,san,ok,,,2026-09-24T09:22:25+00:00
1400,229/be_014tg_2_100.jpg,229,san,ok,,,2026-09-24T09:22:25+00:00
1401,229/be_003tg_8_450.jpg,229,san,ok,,,2026-09-24T09:22:25+00:00
1402,229/be_007tg_3_19.jpg,229,san,ok,,,2026-09-24T09:22:25+00:00
1403,229/be_008sg_4_234.jpg,229,san,ok,,,2026-09-24T09:22:25+00:00
1404,229/be_017tg_4_80.jpg,229,san,ok,,,2026-09-24T09:22:25+00:00
1405,210/be_009tg_2_74.jpg,210,งเาะ,wrong_class,199.0,,2026-09-24T09:22:27+00:00
1406,229/be_012sg_3_135.jpg,229,san,ok,,,2026-09-24T09:22:36+00:00
1407,229/be_012tg_4_159.jpg,229,san,ok,,,2026-09-24T09:22:36+00:00
1408,229/be_003sg_9_175.jpg,229,san,ok,,,2026-09-24T09:22:36+00:00
1409,229/be_003tg_2_87.jpg,229,san,ok,,,2026-09-24T09:22:36+00:00
1410,229/be_008tg_5_65.jpg,229,san,ok,,,2026-09-24T09:22:36+00:00
1411,229/be_018tg_5_15.jpg,229,san,ok,,,2026-09-24T09:22:36+00:00
1412,229/bl_003tg_5_229.jpg,229,san,ok,,,2026-09-24T09:22:36+00:00
1413,229/be_015sg_2_23.jpg,229,san,ok,,,2026-09-24T09:22:36+00:00
1414,229/be_013tg_7_25.jpg,229,san,ok,,,2026-09-24T09:22:36+00:00
1415,229/be_013sg_1_352.jpg,229,san,ok,,,2026-09-24T09:22:36+00:00
1416,229/be_016sg_8_457.jpg,229,san,ok,,,2026-09-24T09:22:36+00:00
1417,229/bl_003tg_3_152.jpg,229,san,ok,,,2026-09-24T09:22:36+00:00
1418,229/be_007tg_4_233.jpg,229,san,ok,,,2026-09-24T09:22:36+00:00
1419,229/be_007tg_6_98.jpg,229,san,ok,,,2026-09-24T09:22:36+00:00
1420,229/be_003sg_9_445.jpg,229,san,ok,,,2026-09-24T09:22:36+00:00
1421,229/bc_006sg_6_66.jpg,229,san,ok,,,2026-09-24T09:22:36+00:00
1422,229/be_002tg_7_136.jpg,229,san,ok,,,2026-09-24T09:22:36+00:00
1423,229/be_019sg_5_221.jpg,229,san,ok,,,2026-09-24T09:22:36+00:00
1424,229/be_008tg_5_43.jpg,229,san,ok,,,2026-09-24T09:22:36+00:00
1425,229/be_004tg_6_441.jpg,229,san,ok,,,2026-09-24T09:22:36+00:00
1426,229/be_005tg_5_214.jpg,229,san,ok,,,2026-09-24T09:22:36+00:00
1427,229/be_013sg_2_311.jpg,229,san,ok,,,2026-09-24T09:22:36+00:00
1428,229/bc_018sg_4_397.jpg,229,san,ok,,,2026-09-24T09:22:36+00:00
1429,229/be_007tg_3_139.jpg,229,san,ok,,,2026-09-24T09:22:36+00:00
1430,210/be_017tg_4_221.jpg,210,riri,wrong_class,199.0,,2026-09-24T09:22:37+00:00
1431,210/be_001sg_5_150.jpg,210,งเาะ,wrong_class,199.0,,2026-09-24T09:22:40+00:00
1432,210/be_013tg_2_401.jpg,210,งเาะ,wrong_class,199.0,,2026-09-24T09:22:48+00:00
1433,210/be_004sg_7_481.jpg,210,riri,wrong_class,227.0,,2026-09-24T09:22:52+00:00
1434,210/be_009sg_3_279.jpg,210,งเาะ,wrong_class,199.0,,2026-09-24T09:23:11+00:00
1435,210/be_009sg_3_279.jpg,210,riri,wrong_class,199.0,,2026-09-24T09:23:27+00:00
1436,164/ce_001sg_2_63.jpg,164,san,unsure,,,2026-09-24T09:23:28+00:00
1437,210/be_011sg_1_284.jpg,210,งเาะ,wrong_class,227.0,,2026-09-24T09:23:31+00:00
1438,210/be_004sg_7_131.jpg,210,riri,wrong_class,229.0,,2026-09-24T09:23:43+00:00
1439,210/be_011sg_1_284.jpg,210,riri,wrong_class,227.0,,2026-09-24T09:23:56+00:00
1440,164/bc_020tg_3_168.jpg,164,san,ok,,,2026-09-24T09:23:59+00:00
1441,164/bc_009tg_2_86.jpg,164,san,ok,,,2026-09-24T09:23:59+00:00
1442,164/bc_020tg_3_476.jpg,164,san,ok,,,2026-09-24T09:23:59+00:00
1443,164/bc_009sg_2_65.jpg,164,san,ok,,,2026-09-24T09:23:59+00:00
1444,164/bc_009sg_2_316.jpg,164,san,ok,,,2026-09-24T09:23:59+00:00
1445,164/bc_012tg_4_103.jpg,164,san,ok,,,2026-09-24T09:23:59+00:00
1446,164/bc_009tg_2_280.jpg,164,san,ok,,,2026-09-24T09:23:59+00:00
1447,164/bc_020tg_3_423.jpg,164,san,ok,,,2026-09-24T09:23:59+00:00
1448,164/bc_007sg_6_299.jpg,164,san,ok,,,2026-09-24T09:23:59+00:00
1449,164/bc_009tg_2_423.jpg,164,san,ok,,,2026-09-24T09:23:59+00:00
1450,164/bc_007sg_5_154.jpg,164,san,ok,,,2026-09-24T09:23:59+00:00
1451,164/bc_007sg_6_109.jpg,164,san,ok,,,2026-09-24T09:23:59+00:00
1452,164/bc_011tg_3_478.jpg,164,san,ok,,,2026-09-24T09:23:59+00:00
1453,164/bc_012sg_2_65.jpg,164,san,ok,,,2026-09-24T09:23:59+00:00
1454,164/bc_005sg_8_52.jpg,164,san,ok,,,2026-09-24T09:23:59+00:00
1455,164/bc_008tg_14_403.jpg,164,san,ok,,,2026-09-24T09:23:59+00:00
1456,164/bc_020sg_4_474.jpg,164,san,ok,,,2026-09-24T09:23:59+00:00
1457,164/bc_018tg_4_142.jpg,164,san,ok,,,2026-09-24T09:23:59+00:00
1458,164/be_016tg_8_89.jpg,164,san,ok,,,2026-09-24T09:23:59+00:00
1459,164/be_002tg_10_36.jpg,164,san,ok,,,2026-09-24T09:23:59+00:00
1460,164/be_020tg_2_286.jpg,164,san,ok,,,2026-09-24T09:23:59+00:00
1461,164/bc_019tg_3_80.jpg,164,san,ok,,,2026-09-24T09:23:59+00:00
1462,164/bc_008sg_14_226.jpg,164,san,ok,,,2026-09-24T09:23:59+00:00
1463,210/be_006sg_3_473.jpg,210,riri,wrong_class,229.0,,2026-09-24T09:24:13+00:00
1464,210/be_017tg_6_79.jpg,210,งเาะ,wrong_class,199.0,,2026-09-24T09:24:14+00:00
1465,164/bc_019sg_3_77.jpg,164,san,ok,,,2026-09-24T09:24:14+00:00
1466,164/bl_001tg_8_228.jpg,164,san,ok,,,2026-09-24T09:24:14+00:00
1467,164/bl_004tg_1_92.jpg,164,san,ok,,,2026-09-24T09:24:14+00:00
1468,164/bl_011sg_4_158.jpg,164,san,ok,,,2026-09-24T09:24:14+00:00
1469,164/be_012sg_3_298.jpg,164,san,ok,,,2026-09-24T09:24:14+00:00
1470,164/bc_018tg_3_196.jpg,164,san,ok,,,2026-09-24T09:24:14+00:00
1471,164/be_002sg_7_221.jpg,164,san,ok,,,2026-09-24T09:24:14+00:00
1472,164/bc_009tg_2_462.jpg,164,san,ok,,,2026-09-24T09:24:14+00:00
1473,164/bc_020tg_4_469.jpg,164,san,ok,,,2026-09-24T09:24:14+00:00
1474,164/bc_011sg_3_471.jpg,164,san,ok,,,2026-09-24T09:24:14+00:00
1475,164/bc_019tg_6_270.jpg,164,san,ok,,,2026-09-24T09:24:14+00:00
1476,164/bc_018sg_3_65.jpg,164,san,ok,,,2026-09-24T09:24:14+00:00
1477,164/bc_009sg_2_283.jpg,164,san,ok,,,2026-09-24T09:24:14+00:00
1478,164/bc_019sg_7_125.jpg,164,san,ok,,,2026-09-24T09:24:14+00:00
1479,164/bc_012sg_2_336.jpg,164,san,ok,,,2026-09-24T09:24:14+00:00
1480,164/bc_008tg_3_1.jpg,164,san,ok,,,2026-09-24T09:24:14+00:00
1481,164/bc_011tg_8_1.jpg,164,san,ok,,,2026-09-24T09:24:14+00:00
1482,164/bc_019sg_6_294.jpg,164,san,ok,,,2026-09-24T09:24:14+00:00
1483,164/bc_008sg_8_429.jpg,164,san,ok,,,2026-09-24T09:24:14+00:00
1484,164/bc_009sg_2_220.jpg,164,san,ok,,,2026-09-24T09:24:14+00:00
1485,164/bc_012sg_4_45.jpg,164,san,ok,,,2026-09-24T09:24:14+00:00
1486,164/bc_008tg_11_315.jpg,164,san,ok,,,2026-09-24T09:24:14+00:00
1487,164/bc_019sg_7_280.jpg,164,san,ok,,,2026-09-24T09:24:14+00:00
1488,164/bc_009sg_2_51.jpg,164,san,ok,,,2026-09-24T09:24:14+00:00
1489,210/be_017sg_6_173.jpg,210,riri,wrong_class,227.0,,2026-09-24T09:24:25+00:00
1490,164/bc_019sg_6_228.jpg,164,san,ok,,,2026-09-24T09:24:26+00:00
1491,164/bc_012tg_4_34.jpg,164,san,ok,,,2026-09-24T09:24:26+00:00
1492,164/bc_019sg_6_169.jpg,164,san,ok,,,2026-09-24T09:24:26+00:00
1493,164/be_020sg_2_285.jpg,164,san,ok,,,2026-09-24T09:24:26+00:00
1494,164/bc_020tg_3_212.jpg,164,san,ok,,,2026-09-24T09:24:26+00:00
1495,164/bc_009tg_2_331.jpg,164,san,ok,,,2026-09-24T09:24:26+00:00
1496,164/bl_003tg_5_125.jpg,164,san,ok,,,2026-09-24T09:24:26+00:00
1497,164/bc_008tg_8_32.jpg,164,san,ok,,,2026-09-24T09:24:26+00:00
1498,164/bl_002tg_7_82.jpg,164,san,ok,,,2026-09-24T09:24:26+00:00
1499,164/ce_001sg_2_37.jpg,164,san,ok,,,2026-09-24T09:24:26+00:00
1500,164/bc_008tg_8_452.jpg,164,san,ok,,,2026-09-24T09:24:26+00:00
1501,164/be_020tg_4_39.jpg,164,san,ok,,,2026-09-24T09:24:26+00:00
1502,164/bc_008tg_6_165.jpg,164,san,ok,,,2026-09-24T09:24:26+00:00
1503,164/bc_007sg_6_207.jpg,164,san,ok,,,2026-09-24T09:24:26+00:00
1504,164/bl_008sg_3_465.jpg,164,san,ok,,,2026-09-24T09:24:26+00:00
1505,164/bc_012tg_4_258.jpg,164,san,ok,,,2026-09-24T09:24:26+00:00
1506,164/bc_015sg_3_382.jpg,164,san,ok,,,2026-09-24T09:24:26+00:00
1507,164/bc_011tg_6_78.jpg,164,san,ok,,,2026-09-24T09:24:26+00:00
1508,164/bc_011sg_3_395.jpg,164,san,ok,,,2026-09-24T09:24:26+00:00
1509,164/bc_019sg_6_165.jpg,164,san,ok,,,2026-09-24T09:24:26+00:00
1510,164/bc_008sg_1_141.jpg,164,san,ok,,,2026-09-24T09:24:26+00:00
1511,164/bl_001sg_2_6.jpg,164,san,ok,,,2026-09-24T09:24:26+00:00
1512,164/bc_006sg_6_173.jpg,164,san,ok,,,2026-09-24T09:24:26+00:00
1513,164/bl_004sg_6_2.jpg,164,san,ok,,,2026-09-24T09:24:26+00:00
1514,210/be_008tg_4_335.jpg,210,งเาะ,wrong_class,199.0,,2026-09-24T09:24:35+00:00
1515,164/bc_015sg_5_8.jpg,164,san,ok,,,2026-09-24T09:24:42+00:00
1516,164/bc_008tg_8_74.jpg,164,san,ok,,,2026-09-24T09:24:42+00:00
1517,164/be_017tg_5_5.jpg,164,san,ok,,,2026-09-24T09:24:42+00:00
1518,164/bc_015sg_4_10.jpg,164,san,ok,,,2026-09-24T09:24:42+00:00
1519,164/be_018sg_6_111.jpg,164,san,ok,,,2026-09-24T09:24:42+00:00
1520,164/bc_019sg_7_52.jpg,164,san,ok,,,2026-09-24T09:24:42+00:00
1521,164/bc_012tg_4_157.jpg,164,san,ok,,,2026-09-24T09:24:42+00:00
1522,164/bc_020sg_4_488.jpg,164,san,ok,,,2026-09-24T09:24:42+00:00
1523,164/bc_012sg_2_59.jpg,164,san,ok,,,2026-09-24T09:24:42+00:00
1524,164/bc_012tg_2_66.jpg,164,san,ok,,,2026-09-24T09:24:42+00:00
1525,164/bl_010sg_6_289.jpg,164,san,ok,,,2026-09-24T09:24:42+00:00
1526,164/bl_004sg_5_2.jpg,164,san,ok,,,2026-09-24T09:24:42+00:00
1527,164/bc_015tg_3_227.jpg,164,san,ok,,,2026-09-24T09:24:42+00:00
1528,164/bl_011tg_4_388.jpg,164,san,ok,,,2026-09-24T09:24:42+00:00
1529,164/bl_009sg_3_135.jpg,164,san,ok,,,2026-09-24T09:24:42+00:00
1530,164/bc_009sg_2_308.jpg,164,san,ok,,,2026-09-24T09:24:42+00:00
1531,164/bl_004tg_6_1.jpg,164,san,ok,,,2026-09-24T09:24:42+00:00
1532,164/bc_007sg_6_191.jpg,164,san,ok,,,2026-09-24T09:24:42+00:00
1533,164/be_018sg_9_211.jpg,164,san,ok,,,2026-09-24T09:24:42+00:00
1534,164/be_018tg_6_110.jpg,164,san,ok,,,2026-09-24T09:24:42+00:00
1535,164/bc_019sg_7_262.jpg,164,san,ok,,,2026-09-24T09:24:42+00:00
1536,164/bc_006sg_3_87.jpg,164,san,ok,,,2026-09-24T09:24:42+00:00
1537,164/bc_018sg_3_169.jpg,164,san,ok,,,2026-09-24T09:24:42+00:00
1538,164/bc_009tg_2_144.jpg,164,san,ok,,,2026-09-24T09:24:42+00:00
1539,210/be_017tg_6_79.jpg,210,riri,wrong_class,199.0,,2026-09-24T09:24:42+00:00
1540,210/be_014tg_4_292.jpg,210,งเาะ,wrong_class,199.0,,2026-09-24T09:24:45+00:00
1541,164/be_002sg_10_35.jpg,164,san,ok,,,2026-09-24T09:24:54+00:00
1542,164/bc_017tg_3_269.jpg,164,san,ok,,,2026-09-24T09:24:54+00:00
1543,164/bc_015sg_3_350.jpg,164,san,ok,,,2026-09-24T09:24:54+00:00
1544,164/bl_005sg_7_9.jpg,164,san,ok,,,2026-09-24T09:24:54+00:00
1545,164/bc_012sg_2_249.jpg,164,san,ok,,,2026-09-24T09:24:54+00:00
1546,164/bc_004sg_3_326.jpg,164,san,ok,,,2026-09-24T09:24:54+00:00
1547,164/bc_012tg_2_351.jpg,164,san,ok,,,2026-09-24T09:24:54+00:00
1548,164/bc_015sg_3_454.jpg,164,san,ok,,,2026-09-24T09:24:54+00:00
1549,164/bc_012tg_2_60.jpg,164,san,ok,,,2026-09-24T09:24:54+00:00
1550,164/bc_008sg_8_300.jpg,164,san,ok,,,2026-09-24T09:24:54+00:00
1551,164/bc_017sg_5_375.jpg,164,san,ok,,,2026-09-24T09:24:54+00:00
1552,164/be_002sg_6_145.jpg,164,san,ok,,,2026-09-24T09:24:54+00:00
1553,164/be_018sg_7_69.jpg,164,san,ok,,,2026-09-24T09:24:54+00:00
1554,164/bc_009sg_2_143.jpg,164,san,ok,,,2026-09-24T09:24:54+00:00
1555,164/bl_004tg_11_70.jpg,164,san,ok,,,2026-09-24T09:24:54+00:00
1556,164/be_003sg_4_485.jpg,164,san,ok,,,2026-09-24T09:24:54+00:00
1557,164/bl_011sg_4_312.jpg,164,san,ok,,,2026-09-24T09:24:54+00:00
1558,164/bc_006sg_3_488.jpg,164,san,ok,,,2026-09-24T09:24:54+00:00
1559,164/bc_008sg_8_445.jpg,164,san,ok,,,2026-09-24T09:24:54+00:00
1560,164/bc_007sg_9_102.jpg,164,san,ok,,,2026-09-24T09:24:54+00:00
1561,164/be_016sg_11_473.jpg,164,san,ok,,,2026-09-24T09:24:54+00:00
1562,164/bc_018sg_4_1.jpg,164,san,ok,,,2026-09-24T09:24:54+00:00
1563,164/bc_019sg_6_223.jpg,164,san,ok,,,2026-09-24T09:24:54+00:00
1564,164/bc_008tg_8_305.jpg,164,san,ok,,,2026-09-24T09:24:54+00:00
1565,210/be_004sg_2_17.jpg,210,riri,wrong_class,229.0,,2026-09-24T09:24:57+00:00
1566,164/bc_001sg_9_80.jpg,164,san,ok,,,2026-09-24T09:25:07+00:00
1567,164/bc_008tg_8_436.jpg,164,san,ok,,,2026-09-24T09:25:07+00:00
1568,164/bl_011sg_4_96.jpg,164,san,ok,,,2026-09-24T09:25:07+00:00
1569,164/bc_005sg_4_458.jpg,164,san,ok,,,2026-09-24T09:25:07+00:00
1570,164/bc_007sg_9_8.jpg,164,san,ok,,,2026-09-24T09:25:07+00:00
1571,164/bc_008tg_14_231.jpg,164,san,ok,,,2026-09-24T09:25:07+00:00
1572,164/bl_005tg_9_125.jpg,164,san,ok,,,2026-09-24T09:25:07+00:00
1573,164/bc_002sg_4_57.jpg,164,san,ok,,,2026-09-24T09:25:07+00:00
1574,164/bl_002sg_7_7.jpg,164,san,ok,,,2026-09-24T09:25:07+00:00
1575,164/bl_001tg_8_353.jpg,164,san,ok,,,2026-09-24T09:25:07+00:00
1576,164/bc_011sg_8_1.jpg,164,san,ok,,,2026-09-24T09:25:07+00:00
1577,164/bc_019sg_6_255.jpg,164,san,ok,,,2026-09-24T09:25:07+00:00
1578,164/bl_002sg_7_17.jpg,164,san,ok,,,2026-09-24T09:25:07+00:00
1579,164/be_005tg_4_126.jpg,164,san,ok,,,2026-09-24T09:25:07+00:00
1580,164/be_018tg_7_70.jpg,164,san,ok,,,2026-09-24T09:25:07+00:00
1581,164/bc_009tg_2_52.jpg,164,san,ok,,,2026-09-24T09:25:07+00:00
1582,164/bc_009tg_2_55.jpg,164,san,ok,,,2026-09-24T09:25:07+00:00
1583,164/bl_011tg_4_18.jpg,164,san,ok,,,2026-09-24T09:25:07+00:00
1584,164/bc_012sg_3_29.jpg,164,san,ok,,,2026-09-24T09:25:07+00:00
1585,164/bc_008tg_14_307.jpg,164,san,ok,,,2026-09-24T09:25:07+00:00
1586,164/bc_009sg_2_465.jpg,164,san,ok,,,2026-09-24T09:25:07+00:00
1587,164/bc_008tg_14_214.jpg,164,san,ok,,,2026-09-24T09:25:07+00:00
1588,164/bc_009tg_2_190.jpg,164,san,ok,,,2026-09-24T09:25:07+00:00
1589,164/be_012tg_3_302.jpg,164,san,ok,,,2026-09-24T09:25:07+00:00
1590,210/be_011tg_5_414.jpg,210,งเาะ,wrong_class,167.0,,2026-09-24T09:25:08+00:00
1591,164/be_018sg_6_343.jpg,164,san,ok,,,2026-09-24T09:25:19+00:00
1592,164/bc_009tg_2_215.jpg,164,san,ok,,,2026-09-24T09:25:19+00:00
1593,164/bc_015sg_3_314.jpg,164,san,ok,,,2026-09-24T09:25:19+00:00
1594,164/bc_011tg_3_0.jpg,164,san,ok,,,2026-09-24T09:25:19+00:00
1595,164/bl_002sg_7_187.jpg,164,san,ok,,,2026-09-24T09:25:19+00:00
1596,164/bc_019tg_7_285.jpg,164,san,ok,,,2026-09-24T09:25:19+00:00
1597,164/be_011sg_1_269.jpg,164,san,ok,,,2026-09-24T09:25:19+00:00
1598,164/bc_009sg_2_462.jpg,164,san,ok,,,2026-09-24T09:25:19+00:00
1599,164/bc_017tg_3_66.jpg,164,san,ok,,,2026-09-24T09:25:19+00:00
1600,164/bc_020tg_4_489.jpg,164,san,ok,,,2026-09-24T09:25:19+00:00
1601,164/bc_020tg_3_409.jpg,164,san,ok,,,2026-09-24T09:25:19+00:00
1602,164/be_005sg_3_44.jpg,164,san,ok,,,2026-09-24T09:25:19+00:00
1603,164/bl_006sg_8_186.jpg,164,san,ok,,,2026-09-24T09:25:19+00:00
1604,164/bc_020sg_3_382.jpg,164,san,ok,,,2026-09-24T09:25:19+00:00
1605,164/be_002sg_6_230.jpg,164,san,ok,,,2026-09-24T09:25:19+00:00
1606,164/bc_008sg_14_301.jpg,164,san,ok,,,2026-09-24T09:25:19+00:00
1607,164/bc_008tg_6_112.jpg,164,san,ok,,,2026-09-24T09:25:19+00:00
1608,164/bc_012sg_2_53.jpg,164,san,ok,,,2026-09-24T09:25:19+00:00
1609,164/be_003sg_9_226.jpg,164,san,ok,,,2026-09-24T09:25:19+00:00
1610,164/bl_009tg_3_174.jpg,164,san,ok,,,2026-09-24T09:25:19+00:00
1611,164/bc_011sg_6_76.jpg,164,san,ok,,,2026-09-24T09:25:19+00:00
1612,164/bc_006sg_6_190.jpg,164,san,ok,,,2026-09-24T09:25:19+00:00
1613,164/bl_002sg_7_43.jpg,164,san,ok,,,2026-09-24T09:25:19+00:00
1614,164/bc_018sg_4_120.jpg,164,san,ok,,,2026-09-24T09:25:19+00:00
1615,210/be_011tg_5_414.jpg,210,riri,unsure,,,2026-09-24T09:25:26+00:00
1616,210/be_012tg_3_289.jpg,210,riri,wrong_class,199.0,,2026-09-24T09:25:46+00:00
1617,164/bl_002tg_7_37.jpg,164,san,ok,,,2026-09-24T09:25:46+00:00
1618,164/bl_005sg_4_2.jpg,164,san,ok,,,2026-09-24T09:25:46+00:00
1619,164/be_015tg_1_391.jpg,164,san,ok,,,2026-09-24T09:25:46+00:00
1620,164/bc_012tg_2_54.jpg,164,san,ok,,,2026-09-24T09:25:46+00:00
1621,164/be_003tg_5_0.jpg,164,san,ok,,,2026-09-24T09:25:46+00:00
1622,164/bl_006tg_8_393.jpg,164,san,ok,,,2026-09-24T09:25:46+00:00
1623,164/bl_002sg_2_3.jpg,164,san,ok,,,2026-09-24T09:25:46+00:00
1624,164/be_005tg_5_125.jpg,164,san,ok,,,2026-09-24T09:25:46+00:00
1625,164/bl_009tg_3_205.jpg,164,san,ok,,,2026-09-24T09:25:46+00:00
1626,164/bc_009tg_2_459.jpg,164,san,ok,,,2026-09-24T09:25:46+00:00
1627,164/be_009tg_4_45.jpg,164,san,ok,,,2026-09-24T09:25:46+00:00
1628,164/bl_001sg_8_348.jpg,164,san,ok,,,2026-09-24T09:25:46+00:00
1629,164/bc_007sg_6_200.jpg,164,san,ok,,,2026-09-24T09:25:46+00:00
1630,164/be_003sg_9_364.jpg,164,san,ok,,,2026-09-24T09:25:46+00:00
1631,164/bc_015sg_5_23.jpg,164,san,ok,,,2026-09-24T09:25:46+00:00
1632,164/bc_012tg_4_246.jpg,164,san,ok,,,2026-09-24T09:25:46+00:00
1633,164/bc_020sg_7_69.jpg,164,san,ok,,,2026-09-24T09:25:46+00:00
1634,164/bc_014sg_3_394.jpg,164,san,ok,,,2026-09-24T09:25:46+00:00
1635,164/bc_018sg_4_431.jpg,164,san,ok,,,2026-09-24T09:25:46+00:00
1636,164/bc_020sg_3_21.jpg,164,san,ok,,,2026-09-24T09:25:46+00:00
1637,164/bc_012sg_4_268.jpg,164,san,ok,,,2026-09-24T09:25:46+00:00
1638,164/be_017tg_4_4.jpg,164,san,ok,,,2026-09-24T09:25:46+00:00
1639,164/bc_020tg_3_20.jpg,164,san,ok,,,2026-09-24T09:25:46+00:00
1640,164/bc_008sg_14_92.jpg,164,san,ok,,,2026-09-24T09:25:46+00:00
1641,210/be_012tg_3_289.jpg,210,งเาะ,wrong_class,199.0,,2026-09-24T09:25:46+00:00
1642,210/be_019tg_8_218.jpg,210,งเาะ,wrong_class,199.0,,2026-09-24T09:25:55+00:00
1643,164/bc_018sg_3_238.jpg,164,san,ok,,,2026-09-24T09:25:57+00:00
1644,164/be_008sg_5_322.jpg,164,san,ok,,,2026-09-24T09:25:57+00:00
1645,164/bl_004sg_2_6.jpg,164,san,ok,,,2026-09-24T09:25:57+00:00
1646,164/bl_003tg_7_330.jpg,164,san,ok,,,2026-09-24T09:25:57+00:00
1647,164/bc_008sg_7_23.jpg,164,san,ok,,,2026-09-24T09:25:57+00:00
1648,164/bl_008sg_3_482.jpg,164,san,ok,,,2026-09-24T09:25:57+00:00
1649,164/be_017sg_6_223.jpg,164,san,ok,,,2026-09-24T09:25:57+00:00
1650,164/bc_008tg_6_249.jpg,164,san,ok,,,2026-09-24T09:25:57+00:00
1651,164/bc_012sg_4_104.jpg,164,san,ok,,,2026-09-24T09:25:57+00:00
1652,164/bc_012tg_4_274.jpg,164,san,ok,,,2026-09-24T09:25:57+00:00
1653,164/bl_003tg_7_392.jpg,164,san,ok,,,2026-09-24T09:25:57+00:00
1654,164/be_020sg_5_78.jpg,164,san,ok,,,2026-09-24T09:25:57+00:00
1655,164/bl_008tg_3_141.jpg,164,san,ok,,,2026-09-24T09:25:57+00:00
1656,164/bl_002sg_7_131.jpg,164,san,ok,,,2026-09-24T09:25:57+00:00
1657,164/bl_009tg_3_82.jpg,164,san,ok,,,2026-09-24T09:25:57+00:00
1658,164/bl_002sg_7_62.jpg,164,san,ok,,,2026-09-24T09:25:57+00:00
1659,164/bl_003sg_7_387.jpg,164,san,ok,,,2026-09-24T09:25:57+00:00
1660,164/be_003tg_8_139.jpg,164,san,ok,,,2026-09-24T09:25:57+00:00
1661,164/be_001sg_2_55.jpg,164,san,ok,,,2026-09-24T09:25:57+00:00
1662,164/bc_012tg_4_46.jpg,164,san,ok,,,2026-09-24T09:25:57+00:00
1663,164/bc_019sg_7_56.jpg,164,san,ok,,,2026-09-24T09:25:57+00:00
1664,164/bl_005sg_6_3.jpg,164,san,ok,,,2026-09-24T09:25:57+00:00
1665,164/bc_016sg_5_278.jpg,164,san,ok,,,2026-09-24T09:25:57+00:00
1666,164/bc_012tg_2_205.jpg,164,san,ok,,,2026-09-24T09:25:57+00:00
1667,210/be_011tg_5_436.jpg,210,งเาะ,wrong_class,167.0,,2026-09-24T09:26:11+00:00
1668,210/be_001sg_2_83.jpg,210,งเาะ,wrong_class,199.0,,2026-09-24T09:26:24+00:00
1669,181/bc_009sg_2_196.jpg,181,san,wrong_class,164.0,,2026-09-24T09:26:33+00:00
1670,210/be_001tg_5_203.jpg,210,งเาะ,wrong_class,199.0,,2026-09-24T09:26:41+00:00
1671,181/be_018sg_8_13.jpg,181,san,wrong_class,180.0,,2026-09-24T09:26:45+00:00
1672,210/be_014tg_3_206.jpg,210,งเาะ,wrong_class,199.0,,2026-09-24T09:26:53+00:00
1673,181/be_018sg_6_2.jpg,181,san,wrong_class,180.0,,2026-09-24T09:26:56+00:00
1674,210/be_007tg_7_375.jpg,210,งเาะ,wrong_class,199.0,,2026-09-24T09:27:02+00:00
1675,181/bc_011sg_6_125.jpg,181,san,wrong_class,164.0,,2026-09-24T09:27:13+00:00
1676,210/be_004sg_7_309.jpg,210,งเาะ,wrong_class,199.0,,2026-09-24T09:27:17+00:00
1677,210/be_014tg_4_64.jpg,210,งเาะ,wrong_class,199.0,,2026-09-24T09:27:32+00:00
1678,181/be_006sg_1_62.jpg,181,san,wrong_class,180.0,,2026-09-24T09:27:33+00:00
1679,210/be_013tg_2_67.jpg,210,งเาะ,wrong_class,199.0,,2026-09-24T09:27:43+00:00
1680,210/be_008sg_5_77.jpg,210,งเาะ,wrong_class,227.0,,2026-09-24T09:27:53+00:00
1681,181/bc_018sg_3_56.jpg,181,san,wrong_class,164.0,,2026-09-24T09:27:58+00:00
1682,210/be_012tg_3_197.jpg,210,งเาะ,wrong_class,199.0,,2026-09-24T09:28:03+00:00
1683,210/be_007sg_6_65.jpg,210,งเาะ,wrong_class,227.0,,2026-09-24T09:28:20+00:00
1684,210/be_018tg_5_25.jpg,210,งเาะ,wrong_class,199.0,,2026-09-24T09:28:32+00:00
1685,181/be_017sg_7_18.jpg,181,san,wrong_class,180.0,,2026-09-24T09:28:45+00:00
1686,210/be_001sg_5_183.jpg,210,งเาะ,wrong_class,199.0,,2026-09-24T09:28:48+00:00
1687,181/bl_007tg_8_394.jpg,181,san,wrong_class,164.0,,2026-09-24T09:28:57+00:00
1688,210/be_007tg_4_183.jpg,210,งเาะ,wrong_class,199.0,,2026-09-24T09:29:05+00:00
1689,181/be_002sg_7_156.jpg,181,san,wrong_class,180.0,,2026-09-24T09:29:14+00:00
1690,210/bc_005sg_7_11.jpg,210,งเาะ,unsure,,,2026-09-24T09:29:32+00:00
1691,181/bc_018sg_3_93.jpg,181,san,wrong_class,164.0,,2026-09-24T09:29:44+00:00
1692,210/be_011sg_4_82.jpg,210,งเาะ,wrong_class,227.0,,2026-09-24T09:29:51+00:00
1693,181/be_015sg_2_152.jpg,181,san,wrong_class,180.0,,2026-09-24T09:29:59+00:00
1694,210/be_017tg_7_247.jpg,210,งเาะ,wrong_class,199.0,,2026-09-24T09:30:01+00:00
1695,210/be_020sg_4_186.jpg,210,งเาะ,wrong_class,227.0,,2026-09-24T09:30:24+00:00
1696,181/be_014tg_3_222.jpg,181,san,unsure,,,2026-09-24T09:30:26+00:00
1697,181/ce_001sg_2_146.jpg,181,san,unsure,,,2026-09-24T09:30:39+00:00
1698,179/be_018sg_3_83.jpg,179,งง,wrong_class,173.0,,2026-09-24T09:30:42+00:00
1699,210/be_006tg_1_431.jpg,210,งเาะ,wrong_class,199.0,,2026-09-24T09:30:48+00:00
1700,210/be_008tg_7_257.jpg,210,งเาะ,wrong_class,199.0,,2026-09-24T09:30:59+00:00
1701,179/be_020sg_2_104.jpg,179,งง,wrong_class,173.0,,2026-09-24T09:31:01+00:00
1702,179/be_007sg_6_80.jpg,179,งง,wrong_class,173.0,,2026-09-24T09:31:13+00:00
1703,181/be_015sg_2_173.jpg,181,san,wrong_class,180.0,,2026-09-24T09:31:18+00:00
1704,210/be_011sg_1_334.jpg,210,งเาะ,wrong_class,199.0,,2026-09-24T09:31:18+00:00
1705,210/be_008tg_4_411.jpg,210,งเาะ,wrong_class,199.0,,2026-09-24T09:31:28+00:00
1706,210/be_008tg_4_53.jpg,210,งเาะ,wrong_class,199.0,,2026-09-24T09:31:40+00:00
1707,210/be_017tg_7_106.jpg,210,งเาะ,wrong_class,199.0,,2026-09-24T09:31:53+00:00
1708,210/bl_010sg_6_364.jpg,210,งเาะ,wrong_class,199.0,,2026-09-24T09:32:25+00:00
1709,210/bl_010sg_6_364.jpg,210,งเาะ,wrong_class,199.0,,2026-09-24T09:32:34+00:00
1710,186/be_018sg_6_37.jpg,186,san,wrong_class,193.0,,2026-09-24T09:32:47+00:00
1711,210/be_012sg_4_99.jpg,210,งเาะ,wrong_class,199.0,,2026-09-24T09:33:04+00:00
1712,210/be_008tg_6_69.jpg,210,งเาะ,drop,,,2026-09-24T09:33:40+00:00
1713,193/be_004sg_4_19.jpg,193,san,wrong_class,209.0,,2026-09-24T09:33:46+00:00
1714,210/be_015tg_2_179.jpg,210,งเาะ,wrong_class,199.0,,2026-09-24T09:33:53+00:00
1715,210/be_017tg_4_200.jpg,210,งเาะ,wrong_class,199.0,,2026-09-24T09:34:31+00:00
1716,180/bl_004sg_7_145.jpg,180,งง,wrong_class,181.0,,2026-09-24T09:34:35+00:00
1717,180/be_002sg_7_37.jpg,180,งง,wrong_class,181.0,,2026-09-24T09:34:45+00:00
1718,180/be_018sg_3_129.jpg,180,งง,wrong_class,181.0,,2026-09-24T09:35:04+00:00
1719,180/be_006sg_6_37.jpg,180,งง,wrong_class,181.0,,2026-09-24T09:35:35+00:00
1720,210/be_008tg_6_122.jpg,210,งเาะ,drop,,,2026-09-24T09:35:35+00:00
1721,180/be_018sg_3_28.jpg,180,งง,wrong_class,181.0,,2026-09-24T09:35:42+00:00
1722,210/be_014tg_4_1.jpg,210,งเาะ,wrong_class,199.0,,2026-09-24T09:35:48+00:00
1723,210/bl_010sg_6_355.jpg,210,งเาะ,drop,,,2026-09-24T09:36:12+00:00
1724,210/be_003tg_8_224.jpg,210,งเาะ,wrong_class,199.0,,2026-09-24T09:36:26+00:00
1725,180/bc_001sg_9_385.jpg,180,งง,unsure,,,2026-09-24T09:36:35+00:00
1726,180/be_017sg_6_330.jpg,180,งง,wrong_class,181.0,,2026-09-24T09:36:47+00:00
1727,210/bl_012sg_1_7.jpg,210,งเาะ,wrong_class,195.0,,2026-09-24T09:36:48+00:00
1728,180/be_007tg_6_190.jpg,180,งง,wrong_class,181.0,,2026-09-24T09:36:59+00:00
1729,210/be_003sg_6_29.jpg,210,งเาะ,wrong_class,227.0,,2026-09-24T09:37:10+00:00
1730,180/be_007tg_6_192.jpg,180,งง,wrong_class,181.0,,2026-09-24T09:37:12+00:00
1731,210/be_008tg_4_176.jpg,210,งเาะ,drop,,,2026-09-24T09:37:31+00:00
1732,210/be_003tg_2_14.jpg,210,งเาะ,wrong_class,199.0,,2026-09-24T09:37:45+00:00
1733,210/be_003sg_6_21.jpg,210,งเาะ,wrong_class,227.0,,2026-09-24T09:38:00+00:00
1734,180/bc_001sg_9_385.jpg,180,งง,wrong_class,164.0,,2026-09-24T09:38:00+00:00
1735,210/be_020tg_2_281.jpg,210,งเาะ,wrong_class,199.0,,2026-09-24T09:38:30+00:00
1736,180/be_007tg_6_347.jpg,180,งง,wrong_class,181.0,,2026-09-24T09:38:37+00:00
1737,210/be_020sg_2_360.jpg,210,งเาะ,wrong_class,227.0,,2026-09-24T09:38:45+00:00
1738,210/be_008sg_4_175.jpg,210,งเาะ,drop,,,2026-09-24T09:38:53+00:00
1739,180/be_009sg_3_98.jpg,180,งง,wrong_class,181.0,,2026-09-24T09:38:55+00:00
1740,210/be_011tg_4_492.jpg,210,งเาะ,unsure,,,2026-09-24T09:39:14+00:00
1741,180/bc_002sg_4_180.jpg,180,งง,wrong_class,164.0,,2026-09-24T09:39:24+00:00
1742,210/be_011tg_6_231.jpg,210,งเาะ,drop,,,2026-09-24T09:39:43+00:00
1743,180/bc_007sg_5_85.jpg,180,งง,wrong_class,164.0,,2026-09-24T09:39:54+00:00
1744,210/be_012tg_4_215.jpg,210,งเาะ,wrong_class,199.0,,2026-09-24T09:39:58+00:00
1745,180/bc_002sg_4_198.jpg,180,งง,wrong_class,164.0,,2026-09-24T09:40:01+00:00
1746,180/bc_001sg_9_59.jpg,180,งง,wrong_class,164.0,,2026-09-24T09:40:09+00:00
1747,210/be_020tg_6_444.jpg,210,งเาะ,wrong_class,199.0,,2026-09-24T09:40:22+00:00
1748,180/be_008tg_5_130.jpg,180,งง,wrong_class,181.0,,2026-09-24T09:40:31+00:00
1749,210/be_020sg_5_213.jpg,210,งเาะ,drop,,,2026-09-24T09:40:36+00:00
1750,210/be_013tg_1_99.jpg,210,งเาะ,wrong_class,199.0,,2026-09-24T09:40:46+00:00
1751,210/be_013sg_2_164.jpg,210,งเาะ,wrong_class,226.0,,2026-09-24T09:41:03+00:00
1752,210/be_003tg_4_74.jpg,210,งเาะ,wrong_class,199.0,,2026-09-24T09:41:32+00:00
1753,210/be_016tg_11_389.jpg,210,งเาะ,wrong_class,199.0,,2026-09-24T09:41:44+00:00
1754,210/bl_001tg_8_231.jpg,210,งเาะ,wrong_class,168.0,,2026-09-24T09:41:52+00:00
1755,180/be_007tg_4_278.jpg,180,งง,wrong_class,181.0,,2026-09-24T09:42:04+00:00
1756,210/be_007tg_7_248.jpg,210,งเาะ,wrong_class,199.0,,2026-09-24T09:42:09+00:00
1757,180/be_003sg_9_177.jpg,180,งง,wrong_class,181.0,,2026-09-24T09:42:13+00:00
1758,210/be_001sg_2_59.jpg,210,งเาะ,wrong_class,199.0,,2026-09-24T09:42:21+00:00
1759,180/be_007sg_4_191.jpg,180,งง,wrong_class,181.0,,2026-09-24T09:42:28+00:00
1760,210/be_015tg_1_334.jpg,210,งเาะ,wrong_class,199.0,,2026-09-24T09:42:40+00:00
1761,210/be_016tg_8_383.jpg,210,งเาะ,wrong_class,199.0,,2026-09-24T09:43:17+00:00
1762,186/bc_001sg_9_293.jpg,186,san,wrong_class,187.0,,2026-09-24T09:43:25+00:00
1763,186/be_007sg_7_143.jpg,186,san,wrong_class,185.0,,2026-09-24T09:43:35+00:00
1764,180/bc_016sg_7_135.jpg,180,งง,wrong_class,181.0,,2026-09-24T09:44:00+00:00
1765,186/bc_020tg_4_52.jpg,186,san,ok,,,2026-09-24T09:44:03+00:00
1766,210/be_004sg_6_7.jpg,210,งเาะ,wrong_class,227.0,,2026-09-24T09:44:09+00:00
1767,180/be_005sg_5_439.jpg,180,งง,wrong_class,181.0,,2026-09-24T09:44:14+00:00
1768,186/be_003sg_9_303.jpg,186,san,wrong_class,185.0,,2026-09-24T09:44:16+00:00
1769,186/be_008tg_7_78.jpg,186,san,wrong_class,185.0,,2026-09-24T09:44:25+00:00
1770,186/bc_014sg_6_340.jpg,186,san,wrong_class,193.0,,2026-09-24T09:44:47+00:00
1771,210/be_011sg_1_175.jpg,210,งเาะ,wrong_class,227.0,,2026-09-24T09:45:10+00:00
1772,210/be_008sg_4_334.jpg,210,งเาะ,wrong_class,199.0,,2026-09-24T09:45:20+00:00
1773,180/bc_019tg_7_248.jpg,180,งง,wrong_class,181.0,,2026-09-24T09:45:30+00:00
1774,186/be_017sg_7_260.jpg,186,san,wrong_class,185.0,,2026-09-24T09:45:34+00:00
1775,210/be_016tg_11_135.jpg,210,งเาะ,drop,,,2026-09-24T09:45:34+00:00
1776,186/be_013sg_2_68.jpg,186,san,wrong_class,185.0,,2026-09-24T09:45:44+00:00
1777,186/be_003sg_7_105.jpg,186,san,wrong_class,185.0,,2026-09-24T09:45:52+00:00
1778,180/be_017sg_7_404.jpg,180,งง,wrong_class,181.0,,2026-09-24T09:45:54+00:00
1779,186/be_013sg_5_37.jpg,186,san,wrong_class,185.0,,2026-09-24T09:45:58+00:00
1780,180/bc_015sg_5_336.jpg,180,งง,wrong_class,181.0,,2026-09-24T09:46:06+00:00
1781,210/be_019tg_5_44.jpg,210,งเาะ,wrong_class,199.0,,2026-09-24T09:46:09+00:00
1782,186/be_013sg_1_358.jpg,186,san,wrong_class,185.0,,2026-09-24T09:46:16+00:00
1783,210/be_017sg_7_485.jpg,210,งเาะ,drop,,,2026-09-24T09:46:24+00:00
1784,186/be_008tg_4_98.jpg,186,san,wrong_class,185.0,,2026-09-24T09:46:31+00:00
1785,180/be_007tg_3_313.jpg,180,งง,wrong_class,181.0,,2026-09-24T09:46:34+00:00
1786,210/be_007tg_6_219.jpg,210,งเาะ,wrong_class,199.0,,2026-09-24T09:46:36+00:00
1787,186/be_008sg_7_87.jpg,186,san,wrong_class,193.0,,2026-09-24T09:46:51+00:00
1788,210/bc_004sg_3_106.jpg,210,งเาะ,wrong_class,168.0,,2026-09-24T09:47:21+00:00
1789,186/bc_002sg_4_153.jpg,186,san,wrong_class,187.0,,2026-09-24T09:47:35+00:00
1790,186/be_011sg_4_18.jpg,186,san,wrong_class,185.0,,2026-09-24T09:47:45+00:00
1791,210/be_006tg_4_75.jpg,210,งเาะ,wrong_class,199.0,,2026-09-24T09:47:49+00:00
1792,186/be_003tg_4_200.jpg,186,san,wrong_class,185.0,,2026-09-24T09:47:56+00:00
1793,210/be_018sg_6_68.jpg,210,งเาะ,wrong_class,199.0,,2026-09-24T09:48:09+00:00
1794,186/be_013sg_1_395.jpg,186,san,wrong_class,201.0,,2026-09-24T09:48:32+00:00
1795,210/bc_020tg_4_349.jpg,210,งเาะ,drop,,,2026-09-24T09:48:38+00:00
1796,210/be_003tg_4_169.jpg,210,งเาะ,wrong_class,199.0,,2026-09-24T09:49:02+00:00
1797,210/be_007sg_3_309.jpg,210,งเาะ,wrong_class,227.0,,2026-09-24T09:49:16+00:00
1798,210/be_009sg_4_315.jpg,210,งเาะ,drop,,,2026-09-24T09:49:27+00:00
1799,210/be_013sg_1_3.jpg,210,งเาะ,drop,,,2026-09-24T09:49:45+00:00
1800,210/bl_002tg_7_63.jpg,210,งเาะ,wrong_class,168.0,,2026-09-24T09:49:53+00:00
1801,210/be_004tg_2_191.jpg,210,งเาะ,wrong_class,199.0,,2026-09-24T09:50:10+00:00
1802,210/be_004tg_2_251.jpg,210,งเาะ,wrong_class,199.0,,2026-09-24T09:50:22+00:00
1803,193/bl_005tg_3_58.jpg,193,san,wrong_class,233.0,,2026-09-24T09:50:28+00:00
1804,180/bc_002sg_4_226.jpg,180,งง,wrong_class,181.0,,2026-09-24T09:50:32+00:00
1805,210/be_006tg_6_140.jpg,210,งเาะ,wrong_class,199.0,,2026-09-24T09:50:48+00:00
1806,193/bc_012sg_4_85.jpg,193,san,wrong_class,233.0,,2026-09-24T09:50:56+00:00
1807,210/bl_011sg_4_413.jpg,210,งเาะ,drop,,,2026-09-24T09:50:58+00:00
1808,180/be_014tg_2_126.jpg,180,งง,wrong_class,181.0,,2026-09-24T09:51:05+00:00
1809,193/bl_003sg_6_36.jpg,193,san,unsure,,,2026-09-24T09:51:05+00:00
1810,210/bl_005tg_9_410.jpg,210,งเาะ,wrong_class,168.0,,2026-09-24T09:51:10+00:00
1811,193/be_002sg_9_351.jpg,193,san,wrong_class,209.0,,2026-09-24T09:51:13+00:00
1812,180/be_017sg_7_278.jpg,180,งง,wrong_class,181.0,,2026-09-24T09:51:20+00:00
1813,210/be_009tg_4_373.jpg,210,งเาะ,wrong_class,199.0,,2026-09-24T09:51:21+00:00
1814,193/bc_005sg_4_239.jpg,193,san,wrong_class,186.0,,2026-09-24T09:51:26+00:00
1815,193/bl_010sg_6_411.jpg,193,san,wrong_class,186.0,,2026-09-24T09:51:38+00:00
1816,210/be_006tg_8_245.jpg,210,งเาะ,wrong_class,199.0,,2026-09-24T09:51:40+00:00
1817,210/be_017tg_6_225.jpg,210,งเาะ,wrong_class,199.0,,2026-09-24T09:51:55+00:00
1818,180/be_007tg_3_127.jpg,180,งง,wrong_class,181.0,,2026-09-24T09:51:55+00:00
1819,210/be_019tg_8_59.jpg,210,งเาะ,drop,,,2026-09-24T09:52:12+00:00
1820,210/be_003tg_2_128.jpg,210,งเาะ,wrong_class,199.0,,2026-09-24T09:52:28+00:00
1821,210/be_004tg_6_46.jpg,210,งเาะ,wrong_class,199.0,,2026-09-24T09:52:38+00:00
1822,210/be_015sg_2_183.jpg,210,งเาะ,wrong_class,227.0,,2026-09-24T09:53:00+00:00
1823,210/be_003tg_8_18.jpg,210,งเาะ,wrong_class,199.0,,2026-09-24T09:53:26+00:00
1824,187/be_006sg_4_191.jpg,187,san,drop,,,2026-09-24T09:53:34+00:00
1825,187/bc_018sg_4_249.jpg,187,san,drop,,,2026-09-24T09:53:40+00:00
1826,187/bc_014sg_6_127.jpg,187,san,drop,,,2026-09-24T09:53:45+00:00
1827,187/bc_008sg_8_111.jpg,187,san,drop,,,2026-09-24T09:53:49+00:00
1828,187/bc_020sg_4_302.jpg,187,san,drop,,,2026-09-24T09:53:54+00:00
1829,210/be_019tg_2_86.jpg,210,riri,wrong_class,199.0,,2026-09-24T09:53:56+00:00
1830,187/bc_008sg_8_383.jpg,187,san,drop,,,2026-09-24T09:54:00+00:00
1831,210/be_020sg_2_306.jpg,210,riri,wrong_class,227.0,,2026-09-24T09:54:17+00:00
1832,210/be_009tg_2_71.jpg,210,riri,wrong_class,229.0,,2026-09-24T09:54:41+00:00
1833,210/be_016tg_11_152.jpg,210,งเาะ,wrong_class,199.0,,2026-09-24T09:54:53+00:00
1834,210/bl_002sg_10_239.jpg,210,riri,wrong_class,229.0,,2026-09-24T09:54:58+00:00
1835,187/bc_004tg_3_442.jpg,187,san,wrong_class,170.0,,2026-09-24T09:55:08+00:00
1836,210/bl_001tg_1_7.jpg,210,งเาะ,unsure,,,2026-09-24T09:55:13+00:00
1837,210/be_020tg_4_128.jpg,210,riri,wrong_class,229.0,,2026-09-24T09:55:13+00:00
1838,182/be_015sg_1_278.jpg,182,งง,wrong_class,197.0,,2026-09-24T09:55:23+00:00
1839,210/bc_019sg_6_230.jpg,210,riri,drop,,,2026-09-24T09:55:28+00:00
1840,210/be_011tg_5_377.jpg,210,งเาะ,unsure,,,2026-09-24T09:55:29+00:00
1841,210/be_019tg_8_232.jpg,210,งเาะ,wrong_class,199.0,,2026-09-24T09:55:46+00:00
1842,187/bc_011tg_3_316.jpg,187,san,drop,,,2026-09-24T09:55:58+00:00
1843,210/be_003tg_2_32.jpg,210,งเาะ,wrong_class,199.0,,2026-09-24T09:56:02+00:00
1844,210/be_011sg_2_165.jpg,210,งเาะ,wrong_class,227.0,,2026-09-24T09:56:27+00:00
1845,210/be_013sg_1_215.jpg,210,riri,wrong_class,229.0,,2026-09-24T09:56:52+00:00
1846,210/be_017tg_7_324.jpg,210,งเาะ,wrong_class,199.0,,2026-09-24T09:56:56+00:00
1847,210/be_002sg_7_290.jpg,210,riri,wrong_class,229.0,,2026-09-24T09:57:08+00:00
1848,210/be_003sg_9_166.jpg,210,งเาะ,wrong_class,227.0,,2026-09-24T09:57:09+00:00
1849,210/be_007sg_6_162.jpg,210,riri,wrong_class,227.0,,2026-09-24T09:57:25+00:00
1850,210/be_006tg_4_64.jpg,210,งเาะ,wrong_class,199.0,,2026-09-24T09:57:27+00:00
1851,210/be_007tg_4_250.jpg,210,งเาะ,drop,,,2026-09-24T09:57:34+00:00
1852,210/be_017tg_7_54.jpg,210,riri,wrong_class,199.0,,2026-09-24T09:57:36+00:00
1853,210/be_003tg_4_241.jpg,210,riri,ok,,,2026-09-24T09:57:50+00:00
1854,210/bl_003sg_6_1.jpg,210,งเาะ,unsure,,,2026-09-24T09:57:51+00:00
1855,210/bl_011sg_4_62.jpg,210,riri,wrong_class,229.0,,2026-09-24T09:58:02+00:00
1856,210/be_020tg_2_47.jpg,210,งเาะ,wrong_class,199.0,,2026-09-24T09:58:15+00:00
1857,210/bl_011sg_4_62.jpg,210,riri,wrong_class,168.0,,2026-09-24T09:58:20+00:00
1858,210/be_016tg_8_322.jpg,210,งเาะ,wrong_class,199.0,,2026-09-24T09:58:24+00:00
1859,183/be_018sg_3_278.jpg,183,งง,wrong_class,190.0,,2026-09-24T09:58:31+00:00
1860,210/be_003tg_4_241.jpg,210,riri,wrong_class,229.0,,2026-09-24T09:58:31+00:00
1861,183/be_016sg_8_121.jpg,183,งง,wrong_class,190.0,,2026-09-24T09:58:40+00:00
1862,183/be_018sg_3_75.jpg,183,งง,wrong_class,190.0,,2026-09-24T09:58:46+00:00
1863,183/be_002sg_9_222.jpg,183,งง,wrong_class,190.0,,2026-09-24T09:58:51+00:00
1864,210/be_004sg_2_171.jpg,210,riri,wrong_class,199.0,,2026-09-24T09:58:51+00:00
1865,210/be_011tg_6_171.jpg,210,งเาะ,wrong_class,199.0,,2026-09-24T09:58:54+00:00
1866,183/be_018sg_3_262.jpg,183,งง,wrong_class,190.0,,2026-09-24T09:58:57+00:00
1867,210/be_013sg_2_231.jpg,210,งเาะ,wrong_class,230.0,,2026-09-24T09:59:07+00:00
1868,183/be_008sg_5_198.jpg,183,งง,wrong_class,190.0,,2026-09-24T09:59:12+00:00
1869,183/bl_006tg_8_380.jpg,183,งง,wrong_class,190.0,,2026-09-24T09:59:19+00:00
1870,210/be_008sg_4_304.jpg,210,riri,wrong_class,199.0,,2026-09-24T09:59:26+00:00
1871,190/bc_011sg_1_46.jpg,190,san,drop,,,2026-09-24T09:59:33+00:00
1872,210/be_007tg_6_486.jpg,210,งเาะ,wrong_class,199.0,,2026-09-24T09:59:38+00:00
1873,183/be_013sg_1_104.jpg,183,งง,wrong_class,190.0,,2026-09-24T09:59:41+00:00
1874,210/be_013sg_1_449.jpg,210,riri,wrong_class,229.0,,2026-09-24T09:59:41+00:00
1875,210/be_019sg_3_76.jpg,210,งเาะ,wrong_class,230.0,,2026-09-24T09:59:54+00:00
1876,210/be_018tg_7_288.jpg,210,riri,wrong_class,199.0,,2026-09-24T09:59:57+00:00
1877,210/be_006tg_8_130.jpg,210,งเาะ,wrong_class,199.0,,2026-09-24T10:00:06+00:00
1878,183/be_005sg_5_483.jpg,183,งง,wrong_class,190.0,,2026-09-24T10:00:11+00:00
1879,210/be_020tg_6_219.jpg,210,งเาะ,wrong_class,199.0,,2026-09-24T10:00:17+00:00
1880,183/be_009sg_4_263.jpg,183,งง,wrong_class,190.0,,2026-09-24T10:00:26+00:00
1881,210/be_020tg_2_439.jpg,210,riri,wrong_class,229.0,,2026-09-24T10:00:28+00:00
1882,210/be_014tg_2_13.jpg,210,งเาะ,wrong_class,199.0,,2026-09-24T10:00:30+00:00
1883,183/be_008sg_5_312.jpg,183,งง,wrong_class,190.0,,2026-09-24T10:00:37+00:00
1884,210/be_006tg_3_399.jpg,210,งเาะ,wrong_class,199.0,,2026-09-24T10:00:41+00:00
1885,183/be_004sg_7_217.jpg,183,งง,wrong_class,190.0,,2026-09-24T10:00:46+00:00
1886,210/be_008tg_4_305.jpg,210,งเาะ,wrong_class,199.0,,2026-09-24T10:00:53+00:00
1887,183/be_004sg_2_182.jpg,183,งง,wrong_class,190.0,,2026-09-24T10:00:56+00:00
1888,210/be_017tg_4_361.jpg,210,งเาะ,wrong_class,199.0,,2026-09-24T10:01:04+00:00
1889,183/be_013sg_2_233.jpg,183,งง,wrong_class,190.0,,2026-09-24T10:01:05+00:00
1890,210/be_005sg_4_127.jpg,210,riri,wrong_class,229.0,,2026-09-24T10:01:06+00:00
1891,183/be_008sg_5_139.jpg,183,san,wrong_class,190.0,,2026-09-24T10:01:10+00:00
1892,183/bc_011sg_3_196.jpg,183,งง,drop,,,2026-09-24T10:01:15+00:00
1893,210/be_004sg_2_43.jpg,210,riri,wrong_class,229.0,,2026-09-24T10:01:20+00:00
1894,210/be_011sg_4_101.jpg,210,งเาะ,wrong_class,227.0,,2026-09-24T10:01:24+00:00
1895,183/bc_004tg_3_190.jpg,183,san,wrong_class,203.0,,2026-09-24T10:01:28+00:00
1896,210/bc_018sg_4_343.jpg,210,งเาะ,unsure,,,2026-09-24T10:01:34+00:00
1897,210/be_011sg_1_44.jpg,210,riri,wrong_class,229.0,,2026-09-24T10:01:37+00:00
1898,210/be_013sg_1_239.jpg,210,งเาะ,wrong_class,230.0,,2026-09-24T10:01:49+00:00
1899,210/be_012sg_3_174.jpg,210,riri,wrong_class,229.0,,2026-09-24T10:01:51+00:00
1900,183/bc_008sg_8_455.jpg,183,งง,drop,,,2026-09-24T10:01:54+00:00
1901,210/be_014tg_3_46.jpg,210,งเาะ,drop,,,2026-09-24T10:01:56+00:00
1902,210/be_006tg_8_249.jpg,210,งเาะ,wrong_class,199.0,,2026-09-24T10:02:09+00:00
1903,210/be_017sg_4_242.jpg,210,งเาะ,wrong_class,227.0,,2026-09-24T10:02:22+00:00
1904,227/be_006sg_1_447.jpg,227,san,ok,,,2026-09-24T10:02:27+00:00
1905,227/be_006sg_1_219.jpg,227,san,ok,,,2026-09-24T10:02:27+00:00
1906,227/be_006sg_3_217.jpg,227,san,ok,,,2026-09-24T10:02:27+00:00
1907,227/be_006sg_6_11.jpg,227,san,ok,,,2026-09-24T10:02:27+00:00
1908,227/be_006sg_8_52.jpg,227,san,ok,,,2026-09-24T10:02:27+00:00
1909,227/be_006sg_1_163.jpg,227,san,ok,,,2026-09-24T10:02:27+00:00
1910,227/be_006sg_1_214.jpg,227,san,ok,,,2026-09-24T10:02:27+00:00
1911,227/be_006sg_1_293.jpg,227,san,ok,,,2026-09-24T10:02:27+00:00
1912,227/be_006sg_3_352.jpg,227,san,ok,,,2026-09-24T10:02:27+00:00
1913,227/be_006sg_8_171.jpg,227,san,ok,,,2026-09-24T10:02:27+00:00
1914,227/be_006sg_8_46.jpg,227,san,ok,,,2026-09-24T10:02:27+00:00
1915,227/be_006sg_4_46.jpg,227,san,ok,,,2026-09-24T10:02:27+00:00
1916,227/be_006sg_1_441.jpg,227,san,ok,,,2026-09-24T10:02:27+00:00
1917,227/be_006sg_4_201.jpg,227,san,ok,,,2026-09-24T10:02:27+00:00
1918,227/be_006sg_3_141.jpg,227,san,ok,,,2026-09-24T10:02:27+00:00
1919,227/be_012sg_4_129.jpg,227,san,ok,,,2026-09-24T10:02:27+00:00
1920,227/be_002sg_9_65.jpg,227,san,ok,,,2026-09-24T10:02:27+00:00
1921,227/be_007sg_4_127.jpg,227,san,ok,,,2026-09-24T10:02:27+00:00
1922,227/be_005sg_5_65.jpg,227,san,ok,,,2026-09-24T10:02:27+00:00
1923,227/be_005sg_5_462.jpg,227,san,ok,,,2026-09-24T10:02:27+00:00
1924,227/be_002sg_9_384.jpg,227,san,ok,,,2026-09-24T10:02:27+00:00
1925,227/be_005sg_5_51.jpg,227,san,ok,,,2026-09-24T10:02:27+00:00
1926,227/be_006sg_8_147.jpg,227,san,ok,,,2026-09-24T10:02:27+00:00
1927,227/be_018sg_3_369.jpg,227,san,ok,,,2026-09-24T10:02:27+00:00
1928,210/be_005sg_3_149.jpg,210,riri,wrong_class,227.0,,2026-09-24T10:02:33+00:00
1929,227/bc_016sg_3_86.jpg,227,san,ok,,,2026-09-24T10:02:37+00:00
1930,227/be_003sg_9_278.jpg,227,san,ok,,,2026-09-24T10:02:37+00:00
1931,227/be_006sg_4_273.jpg,227,san,ok,,,2026-09-24T10:02:37+00:00
1932,227/be_007sg_7_222.jpg,227,san,ok,,,2026-09-24T10:02:37+00:00
1933,227/be_007sg_6_151.jpg,227,san,ok,,,2026-09-24T10:02:37+00:00
1934,227/be_014sg_4_170.jpg,227,san,ok,,,2026-09-24T10:02:37+00:00
1935,227/be_002sg_6_17.jpg,227,san,ok,,,2026-09-24T10:02:37+00:00
1936,227/bc_019sg_7_265.jpg,227,san,ok,,,2026-09-24T10:02:37+00:00
1937,227/be_005sg_5_404.jpg,227,san,ok,,,2026-09-24T10:02:37+00:00
1938,227/be_017sg_6_61.jpg,227,san,ok,,,2026-09-24T10:02:37+00:00
1939,227/be_006sg_1_374.jpg,227,san,ok,,,2026-09-24T10:02:37+00:00
1940,227/be_019tg_7_3.jpg,227,san,ok,,,2026-09-24T10:02:37+00:00
1941,227/be_016tg_9_168.jpg,227,san,ok,,,2026-09-24T10:02:37+00:00
1942,227/bc_020sg_4_15.jpg,227,san,ok,,,2026-09-24T10:02:37+00:00
1943,227/bc_019sg_6_380.jpg,227,san,ok,,,2026-09-24T10:02:37+00:00
1944,227/bc_015sg_3_103.jpg,227,san,ok,,,2026-09-24T10:02:37+00:00
1945,227/be_017sg_6_298.jpg,227,san,ok,,,2026-09-24T10:02:37+00:00
1946,227/be_003sg_4_10.jpg,227,san,ok,,,2026-09-24T10:02:37+00:00
1947,227/be_004sg_7_238.jpg,227,san,ok,,,2026-09-24T10:02:37+00:00
1948,227/be_016sg_11_308.jpg,227,san,ok,,,2026-09-24T10:02:37+00:00
1949,227/be_017sg_5_21.jpg,227,san,ok,,,2026-09-24T10:02:37+00:00
1950,227/be_009sg_3_399.jpg,227,san,ok,,,2026-09-24T10:02:37+00:00
1951,227/be_006tg_6_92.jpg,227,san,ok,,,2026-09-24T10:02:37+00:00
1952,227/be_012sg_4_189.jpg,227,san,ok,,,2026-09-24T10:02:37+00:00
1953,210/be_016tg_9_197.jpg,210,งเาะ,wrong_class,199.0,,2026-09-24T10:02:40+00:00
1954,210/be_014sg_4_149.jpg,210,riri,wrong_class,227.0,,2026-09-24T10:02:46+00:00
1955,227/be_005sg_5_485.jpg,227,san,ok,,,2026-09-24T10:02:47+00:00
1956,227/bc_019sg_8_406.jpg,227,san,ok,,,2026-09-24T10:02:47+00:00
1957,227/be_020tg_2_480.jpg,227,san,ok,,,2026-09-24T10:02:47+00:00
1958,227/be_019sg_8_3.jpg,227,san,ok,,,2026-09-24T10:02:47+00:00
1959,227/be_018sg_6_202.jpg,227,san,ok,,,2026-09-24T10:02:47+00:00
1960,227/be_016tg_8_173.jpg,227,san,ok,,,2026-09-24T10:02:47+00:00
1961,227/be_007sg_6_51.jpg,227,san,ok,,,2026-09-24T10:02:47+00:00
1962,227/be_004sg_7_279.jpg,227,san,ok,,,2026-09-24T10:02:47+00:00
1963,227/bc_014sg_3_370.jpg,227,san,ok,,,2026-09-24T10:02:47+00:00
1964,227/be_006sg_3_409.jpg,227,san,ok,,,2026-09-24T10:02:47+00:00
1965,227/bc_019tg_6_309.jpg,227,san,ok,,,2026-09-24T10:02:47+00:00
1966,227/be_005sg_2_110.jpg,227,san,ok,,,2026-09-24T10:02:47+00:00
1967,227/be_016tg_8_130.jpg,227,san,ok,,,2026-09-24T10:02:47+00:00
1968,227/bc_005tg_8_11.jpg,227,san,ok,,,2026-09-24T10:02:47+00:00
1969,227/be_005sg_4_101.jpg,227,san,ok,,,2026-09-24T10:02:47+00:00
1970,227/be_002sg_7_207.jpg,227,san,ok,,,2026-09-24T10:02:47+00:00
1971,227/be_011sg_2_327.jpg,227,san,ok,,,2026-09-24T10:02:47+00:00
1972,227/be_004sg_7_71.jpg,227,san,ok,,,2026-09-24T10:02:47+00:00
1973,227/be_018tg_4_31.jpg,227,san,ok,,,2026-09-24T10:02:47+00:00
1974,227/bc_014sg_3_138.jpg,227,san,ok,,,2026-09-24T10:02:47+00:00
1975,227/be_017sg_4_214.jpg,227,san,ok,,,2026-09-24T10:02:47+00:00
1976,227/be_005sg_3_82.jpg,227,san,ok,,,2026-09-24T10:02:47+00:00
1977,227/be_020sg_2_482.jpg,227,san,ok,,,2026-09-24T10:02:47+00:00
1978,227/be_008sg_4_137.jpg,227,san,ok,,,2026-09-24T10:02:47+00:00
1979,210/bc_019sg_6_303.jpg,210,riri,drop,,,2026-09-24T10:02:56+00:00
1980,210/be_013tg_6_220.jpg,210,riri,wrong_class,199.0,,2026-09-24T10:03:10+00:00
1981,227/bc_018tg_3_301.jpg,227,san,drop,,,2026-09-24T10:03:14+00:00
1982,210/be_019tg_8_80.jpg,210,งเาะ,wrong_class,199.0,,2026-09-24T10:03:23+00:00
1983,210/be_004tg_6_476.jpg,210,riri,wrong_class,199.0,,2026-09-24T10:03:23+00:00
1984,227/be_009tg_4_399.jpg,227,san,ok,,,2026-09-24T10:03:27+00:00
1985,227/bc_016sg_5_22.jpg,227,san,ok,,,2026-09-24T10:03:27+00:00
1986,227/be_005sg_4_207.jpg,227,san,ok,,,2026-09-24T10:03:27+00:00
1987,227/bc_018tg_4_81.jpg,227,san,ok,,,2026-09-24T10:03:27+00:00
1988,227/bc_016sg_3_360.jpg,227,san,ok,,,2026-09-24T10:03:27+00:00
1989,227/be_007sg_3_232.jpg,227,san,ok,,,2026-09-24T10:03:27+00:00
1990,227/be_006tg_3_196.jpg,227,san,ok,,,2026-09-24T10:03:27+00:00
1991,227/be_019sg_8_43.jpg,227,san,ok,,,2026-09-24T10:03:27+00:00
1992,227/bc_016sg_5_301.jpg,227,san,ok,,,2026-09-24T10:03:27+00:00
1993,227/be_007tg_3_316.jpg,227,san,ok,,,2026-09-24T10:03:27+00:00
1994,227/be_009sg_4_194.jpg,227,san,ok,,,2026-09-24T10:03:27+00:00
1995,227/be_007tg_7_409.jpg,227,san,ok,,,2026-09-24T10:03:27+00:00
1996,227/bc_006sg_2_9.jpg,227,san,ok,,,2026-09-24T10:03:27+00:00
1997,227/be_013tg_1_305.jpg,227,san,ok,,,2026-09-24T10:03:27+00:00
1998,227/be_006sg_6_90.jpg,227,san,ok,,,2026-09-24T10:03:27+00:00
1999,227/be_016sg_3_6.jpg,227,san,ok,,,2026-09-24T10:03:27+00:00
2000,227/be_020sg_2_74.jpg,227,san,ok,,,2026-09-24T10:03:27+00:00
2001,227/bl_012sg_3_57.jpg,227,san,ok,,,2026-09-24T10:03:27+00:00
2002,227/bc_007sg_2_8.jpg,227,san,ok,,,2026-09-24T10:03:27+00:00
2003,227/be_020tg_4_220.jpg,227,san,ok,,,2026-09-24T10:03:27+00:00
2004,227/be_014tg_3_75.jpg,227,san,ok,,,2026-09-24T10:03:27+00:00
2005,227/bc_017sg_5_490.jpg,227,san,ok,,,2026-09-24T10:03:27+00:00
2006,227/be_006sg_1_363.jpg,227,san,ok,,,2026-09-24T10:03:27+00:00
2007,227/be_014tg_2_139.jpg,227,san,ok,,,2026-09-24T10:03:27+00:00
2008,210/be_017tg_6_288.jpg,210,งเาะ,wrong_class,199.0,,2026-09-24T10:03:32+00:00
2009,227/be_019sg_6_12.jpg,227,san,ok,,,2026-09-24T10:03:36+00:00
2010,227/bc_015sg_3_237.jpg,227,san,ok,,,2026-09-24T10:03:36+00:00
2011,227/be_006tg_1_280.jpg,227,san,ok,,,2026-09-24T10:03:36+00:00
2012,227/be_018tg_9_218.jpg,227,san,ok,,,2026-09-24T10:03:36+00:00
2013,227/bc_002sg_8_131.jpg,227,san,ok,,,2026-09-24T10:03:36+00:00
2014,227/bc_002sg_5_40.jpg,227,san,ok,,,2026-09-24T10:03:36+00:00
2015,227/bc_009tg_1_22.jpg,227,san,ok,,,2026-09-24T10:03:36+00:00
2016,227/be_001sg_5_174.jpg,227,san,ok,,,2026-09-24T10:03:36+00:00
2017,227/be_013sg_1_46.jpg,227,san,ok,,,2026-09-24T10:03:36+00:00
2018,227/be_018tg_6_341.jpg,227,san,ok,,,2026-09-24T10:03:36+00:00
2019,227/be_019tg_6_221.jpg,227,san,ok,,,2026-09-24T10:03:36+00:00
2020,227/bc_015sg_3_3.jpg,227,san,ok,,,2026-09-24T10:03:36+00:00
2021,227/be_020sg_4_220.jpg,227,san,ok,,,2026-09-24T10:03:36+00:00
2022,227/bc_001tg_4_9.jpg,227,san,ok,,,2026-09-24T10:03:36+00:00
2023,227/bc_004tg_3_212.jpg,227,san,ok,,,2026-09-24T10:03:36+00:00
2024,227/be_005tg_5_475.jpg,227,san,ok,,,2026-09-24T10:03:36+00:00
2025,227/bc_019sg_8_298.jpg,227,san,ok,,,2026-09-24T10:03:36+00:00
2026,227/be_007tg_7_223.jpg,227,san,ok,,,2026-09-24T10:03:36+00:00
2027,227/be_003tg_8_166.jpg,227,san,ok,,,2026-09-24T10:03:36+00:00
2028,227/be_017sg_7_161.jpg,227,san,ok,,,2026-09-24T10:03:36+00:00
2029,227/be_019sg_6_220.jpg,227,san,ok,,,2026-09-24T10:03:36+00:00
2030,227/be_015tg_2_206.jpg,227,san,ok,,,2026-09-24T10:03:36+00:00
2031,227/bc_014sg_6_86.jpg,227,san,ok,,,2026-09-24T10:03:36+00:00
2032,227/be_011sg_2_319.jpg,227,san,ok,,,2026-09-24T10:03:36+00:00
2033,210/be_004tg_7_92.jpg,210,riri,wrong_class,199.0,,2026-09-24T10:03:43+00:00
2034,227/be_013sg_1_303.jpg,227,san,ok,,,2026-09-24T10:03:47+00:00
2035,227/be_011sg_2_281.jpg,227,san,ok,,,2026-09-24T10:03:47+00:00
2036,227/be_018sg_6_247.jpg,227,san,ok,,,2026-09-24T10:03:47+00:00
2037,227/be_019sg_3_130.jpg,227,san,ok,,,2026-09-24T10:03:47+00:00
2038,227/be_005tg_3_83.jpg,227,san,ok,,,2026-09-24T10:03:47+00:00
2039,227/be_019sg_2_43.jpg,227,san,ok,,,2026-09-24T10:03:47+00:00
2040,227/be_002tg_7_289.jpg,227,san,ok,,,2026-09-24T10:03:47+00:00
2041,227/be_006sg_4_376.jpg,227,san,ok,,,2026-09-24T10:03:47+00:00
2042,227/be_014sg_3_120.jpg,227,san,ok,,,2026-09-24T10:03:47+00:00
2043,227/be_005sg_4_253.jpg,227,san,ok,,,2026-09-24T10:03:47+00:00
2044,227/be_004sg_5_48.jpg,227,san,ok,,,2026-09-24T10:03:47+00:00
2045,227/be_006sg_3_284.jpg,227,san,ok,,,2026-09-24T10:03:47+00:00
2046,227/bc_018sg_4_158.jpg,227,san,ok,,,2026-09-24T10:03:47+00:00
2047,227/be_004tg_5_13.jpg,227,san,ok,,,2026-09-24T10:03:47+00:00
2048,227/be_020sg_2_391.jpg,227,san,ok,,,2026-09-24T10:03:47+00:00
2049,227/bc_019tg_8_462.jpg,227,san,ok,,,2026-09-24T10:03:47+00:00
2050,227/bc_020sg_3_254.jpg,227,san,ok,,,2026-09-24T10:03:47+00:00
2051,227/be_019sg_6_180.jpg,227,san,ok,,,2026-09-24T10:03:47+00:00
2052,227/be_001sg_5_130.jpg,227,san,ok,,,2026-09-24T10:03:47+00:00
2053,227/bc_017sg_3_321.jpg,227,san,ok,,,2026-09-24T10:03:47+00:00
2054,227/be_018sg_6_394.jpg,227,san,ok,,,2026-09-24T10:03:47+00:00
2055,227/be_012tg_4_77.jpg,227,san,ok,,,2026-09-24T10:03:47+00:00
2056,227/be_018sg_3_272.jpg,227,san,ok,,,2026-09-24T10:03:47+00:00
2057,227/be_020sg_2_477.jpg,227,san,ok,,,2026-09-24T10:03:47+00:00
2058,210/be_017tg_4_375.jpg,210,งเาะ,wrong_class,199.0,,2026-09-24T10:03:49+00:00
2059,210/be_016tg_11_76.jpg,210,งเาะ,drop,,,2026-09-24T10:03:55+00:00
2060,227/be_012sg_3_44.jpg,227,san,ok,,,2026-09-24T10:03:59+00:00
2061,227/be_006tg_4_422.jpg,227,san,ok,,,2026-09-24T10:03:59+00:00
2062,227/bc_002sg_8_47.jpg,227,san,ok,,,2026-09-24T10:03:59+00:00
2063,227/be_018sg_6_340.jpg,227,san,ok,,,2026-09-24T10:03:59+00:00
2064,227/be_004tg_6_485.jpg,227,san,ok,,,2026-09-24T10:03:59+00:00
2065,227/be_001tg_2_184.jpg,227,san,ok,,,2026-09-24T10:03:59+00:00
2066,227/be_016tg_11_311.jpg,227,san,ok,,,2026-09-24T10:03:59+00:00
2067,227/bc_016sg_5_178.jpg,227,san,ok,,,2026-09-24T10:03:59+00:00
2068,227/bc_016sg_7_189.jpg,227,san,ok,,,2026-09-24T10:03:59+00:00
2069,227/be_006tg_1_191.jpg,227,san,ok,,,2026-09-24T10:03:59+00:00
2070,227/bc_002tg_5_158.jpg,227,san,ok,,,2026-09-24T10:03:59+00:00
2071,227/be_009tg_2_195.jpg,227,san,ok,,,2026-09-24T10:03:59+00:00
2072,227/be_020tg_2_193.jpg,227,san,ok,,,2026-09-24T10:03:59+00:00
2073,227/be_018sg_3_18.jpg,227,san,ok,,,2026-09-24T10:03:59+00:00
2074,227/be_005tg_4_234.jpg,227,san,ok,,,2026-09-24T10:03:59+00:00
2075,227/bc_014sg_3_442.jpg,227,san,ok,,,2026-09-24T10:03:59+00:00
2076,227/be_018sg_9_215.jpg,227,san,ok,,,2026-09-24T10:03:59+00:00
2077,227/be_015tg_1_267.jpg,227,san,ok,,,2026-09-24T10:03:59+00:00
2078,227/be_004tg_4_216.jpg,227,san,ok,,,2026-09-24T10:03:59+00:00
2079,227/be_003tg_6_29.jpg,227,san,ok,,,2026-09-24T10:03:59+00:00
2080,227/be_004tg_6_17.jpg,227,san,ok,,,2026-09-24T10:03:59+00:00
2081,227/be_009sg_3_244.jpg,227,san,ok,,,2026-09-24T10:03:59+00:00
2082,227/be_003tg_4_67.jpg,227,san,ok,,,2026-09-24T10:03:59+00:00
2083,227/be_017tg_6_181.jpg,227,san,ok,,,2026-09-24T10:03:59+00:00
2084,210/bl_009sg_3_38.jpg,210,riri,wrong_class,168.0,,2026-09-24T10:04:01+00:00
2085,227/bl_002sg_7_0.jpg,227,san,ok,,,2026-09-24T10:04:08+00:00
2086,227/be_006tg_3_287.jpg,227,san,ok,,,2026-09-24T10:04:08+00:00
2087,227/be_005tg_4_91.jpg,227,san,ok,,,2026-09-24T10:04:08+00:00
2088,227/bc_018sg_3_81.jpg,227,san,ok,,,2026-09-24T10:04:08+00:00
2089,227/bc_016tg_5_25.jpg,227,san,ok,,,2026-09-24T10:04:08+00:00
2090,227/be_006tg_3_142.jpg,227,san,ok,,,2026-09-24T10:04:08+00:00
2091,227/bc_007tg_6_360.jpg,227,san,ok,,,2026-09-24T10:04:08+00:00
2092,227/bc_017tg_3_205.jpg,227,san,ok,,,2026-09-24T10:04:08+00:00
2093,227/be_011tg_6_157.jpg,227,san,ok,,,2026-09-24T10:04:08+00:00
2094,227/be_019sg_4_27.jpg,227,san,ok,,,2026-09-24T10:04:08+00:00
2095,227/be_006sg_8_177.jpg,227,san,ok,,,2026-09-24T10:04:08+00:00
2096,227/bc_007sg_3_121.jpg,227,san,ok,,,2026-09-24T10:04:08+00:00
2097,227/bc_009sg_1_22.jpg,227,san,ok,,,2026-09-24T10:04:08+00:00
2098,227/be_018sg_7_160.jpg,227,san,ok,,,2026-09-24T10:04:08+00:00
2099,227/be_011sg_2_38.jpg,227,san,ok,,,2026-09-24T10:04:08+00:00
2100,227/bc_004sg_3_205.jpg,227,san,ok,,,2026-09-24T10:04:08+00:00
2101,227/be_018tg_3_275.jpg,227,san,ok,,,2026-09-24T10:04:08+00:00
2102,227/be_002tg_6_146.jpg,227,san,ok,,,2026-09-24T10:04:08+00:00
2103,227/be_005tg_4_118.jpg,227,san,ok,,,2026-09-24T10:04:08+00:00
2104,227/bc_017sg_5_0.jpg,227,san,ok,,,2026-09-24T10:04:08+00:00
2105,227/be_007tg_4_266.jpg,227,san,ok,,,2026-09-24T10:04:08+00:00
2106,227/bl_002sg_7_243.jpg,227,san,ok,,,2026-09-24T10:04:08+00:00
2107,227/be_015tg_2_327.jpg,227,san,ok,,,2026-09-24T10:04:08+00:00
2108,227/be_011sg_2_23.jpg,227,san,ok,,,2026-09-24T10:04:08+00:00
2109,210/be_019sg_8_59.jpg,210,งเาะ,drop,,,2026-09-24T10:04:09+00:00
2110,210/be_011sg_1_79.jpg,210,riri,wrong_class,227.0,,2026-09-24T10:04:13+00:00
2111,185/bc_008tg_14_291.jpg,185,งง,wrong_class,209.0,,2026-09-24T10:04:15+00:00
2112,227/be_006tg_1_221.jpg,227,san,ok,,,2026-09-24T10:04:16+00:00
2113,227/be_008tg_4_138.jpg,227,san,ok,,,2026-09-24T10:04:16+00:00
2114,227/be_018tg_7_108.jpg,227,san,ok,,,2026-09-24T10:04:16+00:00
2115,227/be_018tg_3_386.jpg,227,san,ok,,,2026-09-24T10:04:16+00:00
2116,227/bl_001sg_9_98.jpg,227,san,ok,,,2026-09-24T10:04:16+00:00
2117,227/be_006tg_1_367.jpg,227,san,ok,,,2026-09-24T10:04:16+00:00
2118,227/bc_015sg_3_29.jpg,227,san,ok,,,2026-09-24T10:04:16+00:00
2119,227/bl_003sg_5_107.jpg,227,san,ok,,,2026-09-24T10:04:16+00:00
2120,227/be_003tg_6_21.jpg,227,san,ok,,,2026-09-24T10:04:16+00:00
2121,227/be_009sg_4_15.jpg,227,san,ok,,,2026-09-24T10:04:16+00:00
2122,227/bc_016sg_3_13.jpg,227,san,ok,,,2026-09-24T10:04:16+00:00
2123,227/be_006tg_3_219.jpg,227,san,ok,,,2026-09-24T10:04:16+00:00
2124,227/be_020sg_4_217.jpg,227,san,ok,,,2026-09-24T10:04:16+00:00
2125,227/be_005tg_4_11.jpg,227,san,ok,,,2026-09-24T10:04:16+00:00
2126,227/be_018tg_7_161.jpg,227,san,ok,,,2026-09-24T10:04:16+00:00
2127,227/bc_004sg_6_89.jpg,227,san,ok,,,2026-09-24T10:04:16+00:00
2128,227/be_018tg_6_203.jpg,227,san,ok,,,2026-09-24T10:04:16+00:00
2129,227/be_003tg_9_125.jpg,227,san,ok,,,2026-09-24T10:04:16+00:00
2130,227/bl_001tg_9_225.jpg,227,san,ok,,,2026-09-24T10:04:16+00:00
2131,227/be_006tg_3_266.jpg,227,san,ok,,,2026-09-24T10:04:16+00:00
2132,227/be_009tg_4_283.jpg,227,san,ok,,,2026-09-24T10:04:16+00:00
2133,227/be_014tg_2_403.jpg,227,san,ok,,,2026-09-24T10:04:16+00:00
2134,227/be_018tg_6_280.jpg,227,san,ok,,,2026-09-24T10:04:16+00:00
2135,227/bc_002sg_7_87.jpg,227,san,ok,,,2026-09-24T10:04:16+00:00
2136,210/be_004tg_4_138.jpg,210,งเาะ,drop,,,2026-09-24T10:04:19+00:00
2137,227/bc_001sg_9_162.jpg,227,san,ok,,,2026-09-24T10:04:29+00:00
2138,227/bl_002sg_7_280.jpg,227,san,ok,,,2026-09-24T10:04:29+00:00
2139,227/be_016sg_8_232.jpg,227,san,ok,,,2026-09-24T10:04:29+00:00
2140,227/be_016tg_8_330.jpg,227,san,ok,,,2026-09-24T10:04:29+00:00
2141,227/bc_016sg_3_29.jpg,227,san,ok,,,2026-09-24T10:04:29+00:00
2142,227/be_003tg_9_77.jpg,227,san,ok,,,2026-09-24T10:04:29+00:00
2143,227/be_005sg_5_253.jpg,227,san,ok,,,2026-09-24T10:04:29+00:00
2144,227/bc_007sg_3_31.jpg,227,san,ok,,,2026-09-24T10:04:29+00:00
2145,227/be_005tg_5_51.jpg,227,san,ok,,,2026-09-24T10:04:29+00:00
2146,227/be_009sg_3_214.jpg,227,san,ok,,,2026-09-24T10:04:29+00:00
2147,227/be_009sg_4_483.jpg,227,san,ok,,,2026-09-24T10:04:29+00:00
2148,227/be_020tg_6_113.jpg,227,san,ok,,,2026-09-24T10:04:29+00:00
2149,227/bc_002tg_7_77.jpg,227,san,ok,,,2026-09-24T10:04:29+00:00
2150,227/be_005tg_5_255.jpg,227,san,ok,,,2026-09-24T10:04:29+00:00
2151,227/bc_008sg_8_423.jpg,227,san,ok,,,2026-09-24T10:04:29+00:00
2152,227/bc_004tg_3_406.jpg,227,san,ok,,,2026-09-24T10:04:29+00:00
2153,227/be_004sg_5_58.jpg,227,san,ok,,,2026-09-24T10:04:29+00:00
2154,227/be_004tg_7_58.jpg,227,san,ok,,,2026-09-24T10:04:29+00:00
2155,227/be_003tg_8_25.jpg,227,san,ok,,,2026-09-24T10:04:29+00:00
2156,227/be_002tg_4_5.jpg,227,san,ok,,,2026-09-24T10:04:29+00:00
2157,227/be_017tg_6_61.jpg,227,san,ok,,,2026-09-24T10:04:29+00:00
2158,227/bc_016tg_5_252.jpg,227,san,ok,,,2026-09-24T10:04:29+00:00
2159,227/bc_017tg_8_97.jpg,227,san,ok,,,2026-09-24T10:04:29+00:00
2160,227/bc_004tg_3_299.jpg,227,san,ok,,,2026-09-24T10:04:29+00:00
2161,210/be_004tg_6_143.jpg,210,riri,wrong_class,199.0,,2026-09-24T10:04:36+00:00
2162,210/be_014tg_4_172.jpg,210,งเาะ,wrong_class,199.0,,2026-09-24T10:04:48+00:00
2163,185/bc_011sg_1_16.jpg,185,งง,wrong_class,193.0,,2026-09-24T10:05:05+00:00
2164,210/be_006tg_4_100.jpg,210,งเาะ,wrong_class,199.0,,2026-09-24T10:05:10+00:00
2165,210/be_011tg_5_300.jpg,210,riri,drop,,,2026-09-24T10:05:14+00:00
2166,185/bc_018sg_4_27.jpg,185,งง,wrong_class,193.0,,2026-09-24T10:05:15+00:00
2167,210/bl_002tg_6_12.jpg,210,งเาะ,drop,,,2026-09-24T10:05:20+00:00
2168,185/be_007sg_3_86.jpg,185,งง,wrong_class,193.0,,2026-09-24T10:05:25+00:00
2169,210/be_011sg_1_313.jpg,210,งเาะ,drop,,,2026-09-24T10:05:26+00:00
2170,210/be_015sg_2_39.jpg,210,riri,wrong_class,227.0,,2026-09-24T10:05:34+00:00
2171,210/be_011tg_2_3.jpg,210,งเาะ,drop,,,2026-09-24T10:05:35+00:00
2172,210/be_016tg_9_248.jpg,210,riri,wrong_class,229.0,,2026-09-24T10:05:50+00:00
2173,210/be_006tg_4_341.jpg,210,งเาะ,wrong_class,199.0,,2026-09-24T10:05:51+00:00
2174,210/be_011tg_5_294.jpg,210,riri,wrong_class,216.0,,2026-09-24T10:06:09+00:00
2175,210/be_007tg_3_154.jpg,210,riri,ok,,,2026-09-24T10:06:20+00:00
2176,210/be_007tg_3_154.jpg,210,riri,wrong_class,229.0,,2026-09-24T10:06:34+00:00
2177,210/be_007sg_6_422.jpg,210,riri,drop,,,2026-09-24T10:07:05+00:00
2178,210/be_011tg_4_489.jpg,210,งเาะ,drop,,,2026-09-24T10:07:09+00:00
2179,210/be_013tg_6_141.jpg,210,riri,wrong_class,229.0,,2026-09-24T10:07:11+00:00
2180,186/be_018sg_6_37.jpg,186,งง,wrong_class,193.0,,2026-09-24T10:07:23+00:00
2181,210/be_007sg_6_422.jpg,210,riri,wrong_class,227.0,,2026-09-24T10:07:24+00:00
2182,210/be_011tg_6_225.jpg,210,งเาะ,drop,,,2026-09-24T10:07:26+00:00
2183,210/be_003tg_4_468.jpg,210,งเาะ,wrong_class,199.0,,2026-09-24T10:07:40+00:00
2184,186/bc_020sg_4_6.jpg,186,งง,drop,,,2026-09-24T10:07:41+00:00
2185,186/be_013sg_2_68.jpg,186,งง,wrong_class,185.0,,2026-09-24T10:07:48+00:00
2186,210/be_020tg_4_19.jpg,210,งเาะ,wrong_class,199.0,,2026-09-24T10:07:51+00:00
2187,210/be_011tg_5_368.jpg,210,riri,wrong_class,227.0,,2026-09-24T10:08:04+00:00
2188,210/be_011tg_4_81.jpg,210,riri,unsure,,,2026-09-24T10:08:16+00:00
2189,210/be_008tg_4_73.jpg,210,riri,wrong_class,199.0,,2026-09-24T10:08:32+00:00
2190,210/be_013sg_2_293.jpg,210,riri,wrong_class,199.0,,2026-09-24T10:08:45+00:00
2191,210/be_007sg_3_312.jpg,210,riri,wrong_class,229.0,,2026-09-24T10:08:57+00:00
2192,209/bc_016sg_3_25.jpg,209,san,flag,,,2026-09-24T10:09:09+00:00
2193,210/bl_007tg_8_262.jpg,210,riri,wrong_class,168.0,,2026-09-24T10:09:09+00:00
2194,209/bc_016sg_3_25.jpg,209,san,clear,,,2026-09-24T10:09:13+00:00
2195,209/bc_016sg_3_25.jpg,209,san,wrong_class,233.0,,2026-09-24T10:09:23+00:00
2196,210/be_017tg_6_3.jpg,210,riri,wrong_class,199.0,,2026-09-24T10:09:28+00:00
2197,186/be_020sg_2_343.jpg,186,งง,wrong_class,201.0,,2026-09-24T10:09:32+00:00
2198,210/be_012sg_4_57.jpg,210,riri,wrong_class,227.0,,2026-09-24T10:09:40+00:00
2199,209/bc_014sg_3_465.jpg,209,san,wrong_class,233.0,,2026-09-24T10:09:41+00:00
2200,210/bl_008sg_3_317.jpg,210,riri,drop,,,2026-09-24T10:09:49+00:00
2201,209/bc_016sg_5_190.jpg,209,san,wrong_class,233.0,,2026-09-24T10:09:51+00:00
2202,210/be_011tg_2_153.jpg,210,riri,drop,,,2026-09-24T10:09:58+00:00
2203,209/bc_002tg_4_187.jpg,209,san,wrong_class,233.0,,2026-09-24T10:11:02+00:00
2204,210/be_012tg_3_473.jpg,210,งเาะ,drop,,,2026-09-24T10:12:41+00:00
2205,210/be_002sg_7_213.jpg,210,งเาะ,wrong_class,227.0,,2026-09-24T10:13:05+00:00
2206,210/be_015sg_2_395.jpg,210,งเาะ,wrong_class,227.0,,2026-09-24T10:13:21+00:00
2207,210/be_002tg_7_200.jpg,210,งเาะ,wrong_class,199.0,,2026-09-24T10:13:31+00:00
2208,210/be_018sg_6_281.jpg,210,งเาะ,drop,,,2026-09-24T10:13:39+00:00
2209,209/bc_007tg_6_250.jpg,209,san,wrong_class,233.0,,2026-09-24T10:13:44+00:00
2210,210/be_009sg_4_156.jpg,210,งเาะ,drop,,,2026-09-24T10:13:45+00:00
2211,210/be_008tg_6_58.jpg,210,งเาะ,drop,,,2026-09-24T10:13:53+00:00
2212,210/be_001sg_2_343.jpg,210,งเาะ,wrong_class,199.0,,2026-09-24T10:14:12+00:00
2213,209/bc_008sg_11_21.jpg,209,san,drop,,,2026-09-24T10:14:26+00:00
2214,210/be_007sg_4_38.jpg,210,งเาะ,wrong_class,227.0,,2026-09-24T10:14:35+00:00
2215,209/be_008tg_6_143.jpg,209,san,drop,,,2026-09-24T10:14:40+00:00
2216,210/be_008tg_7_464.jpg,210,งเาะ,wrong_class,199.0,,2026-09-24T10:14:45+00:00
2217,210/be_003tg_4_3.jpg,210,งเาะ,wrong_class,199.0,,2026-09-24T10:15:07+00:00
2218,210/be_004tg_6_312.jpg,210,งเาะ,wrong_class,199.0,,2026-09-24T10:15:18+00:00
2219,209/be_001tg_5_34.jpg,209,san,drop,,,2026-09-24T10:15:22+00:00
2220,193/be_017tg_5_45.jpg,193,งง,unsure,,,2026-09-24T10:15:28+00:00
2221,209/be_013sg_2_432.jpg,209,san,drop,,,2026-09-24T10:15:38+00:00
2222,209/be_014sg_3_132.jpg,209,san,drop,,,2026-09-24T10:15:44+00:00
2223,210/bl_003sg_5_103.jpg,210,งเาะ,drop,,,2026-09-24T10:15:47+00:00
2224,209/bl_006sg_8_141.jpg,209,san,wrong_class,233.0,,2026-09-24T10:15:55+00:00
2225,210/be_014sg_4_263.jpg,210,งเาะ,wrong_class,227.0,,2026-09-24T10:16:01+00:00
2226,210/be_003tg_8_85.jpg,210,งเาะ,wrong_class,199.0,,2026-09-24T10:16:13+00:00
2227,209/bl_002sg_10_260.jpg,209,san,wrong_class,233.0,,2026-09-24T10:16:14+00:00
2228,210/be_004sg_2_38.jpg,210,งเาะ,wrong_class,227.0,,2026-09-24T10:16:29+00:00
2229,194/be_019sg_4_32.jpg,194,งง,wrong_class,201.0,,2026-09-24T10:16:35+00:00
2230,209/bl_007sg_1_3.jpg,209,san,drop,,,2026-09-24T10:16:41+00:00
2231,209/bc_006sg_3_375.jpg,209,san,drop,,,2026-09-24T10:16:55+00:00
2232,194/bl_003sg_6_33.jpg,194,งง,wrong_class,205.0,,2026-09-24T10:16:59+00:00
2233,210/be_001tg_5_72.jpg,210,งเาะ,wrong_class,199.0,,2026-09-24T10:17:01+00:00
2234,209/be_011tg_6_74.jpg,209,san,drop,,,2026-09-24T10:17:09+00:00
2235,209/bl_001tg_9_158.jpg,209,san,drop,,,2026-09-24T10:17:16+00:00
2236,209/bc_005sg_4_409.jpg,209,san,drop,,,2026-09-24T10:17:22+00:00
2237,210/be_017tg_4_196.jpg,210,งเาะ,wrong_class,199.0,,2026-09-24T10:17:26+00:00
2238,194/bc_014sg_6_299.jpg,194,งง,wrong_class,187.0,,2026-09-24T10:17:27+00:00
2239,209/bl_001tg_8_31.jpg,209,san,wrong_class,233.0,,2026-09-24T10:17:34+00:00
2240,194/bc_015sg_5_215.jpg,194,งง,wrong_class,187.0,,2026-09-24T10:17:36+00:00
2241,210/be_003tg_9_13.jpg,210,งเาะ,wrong_class,199.0,,2026-09-24T10:17:37+00:00
2242,194/bl_003tg_1_11.jpg,194,งง,wrong_class,205.0,,2026-09-24T10:17:52+00:00
2243,210/be_002tg_7_170.jpg,210,งเาะ,wrong_class,199.0,,2026-09-24T10:17:52+00:00
2244,210/bl_002sg_10_241.jpg,210,งเาะ,drop,,,2026-09-24T10:18:04+00:00
2245,194/bc_014sg_6_421.jpg,194,งง,wrong_class,187.0,,2026-09-24T10:18:11+00:00
2246,210/be_018tg_6_301.jpg,210,งเาะ,wrong_class,199.0,,2026-09-24T10:18:15+00:00
2247,210/be_019sg_3_7.jpg,210,งเาะ,wrong_class,227.0,,2026-09-24T10:18:27+00:00
2248,194/bl_008sg_3_347.jpg,194,งง,drop,,,2026-09-24T10:18:48+00:00
2249,209/bl_003tg_7_431.jpg,209,san,wrong_class,233.0,,2026-09-24T10:18:49+00:00
2250,210/be_020tg_4_157.jpg,210,งเาะ,wrong_class,199.0,,2026-09-24T10:18:57+00:00
2251,210/be_012tg_4_359.jpg,210,งเาะ,wrong_class,199.0,,2026-09-24T10:19:51+00:00
2252,210/be_007tg_7_463.jpg,210,san,wrong_class,199.0,,2026-09-24T10:19:58+00:00
2253,210/be_006tg_4_425.jpg,210,งเาะ,wrong_class,199.0,,2026-09-24T10:20:02+00:00
2254,210/be_018tg_6_201.jpg,210,san,drop,,,2026-09-24T10:20:09+00:00
2255,194/bc_018sg_3_91.jpg,194,งง,wrong_class,187.0,,2026-09-24T10:20:09+00:00
2256,210/be_016tg_11_82.jpg,210,งเาะ,wrong_class,199.0,,2026-09-24T10:20:14+00:00
2257,210/be_005sg_2_28.jpg,210,san,drop,,,2026-09-24T10:20:19+00:00
2258,194/bc_015sg_5_293.jpg,194,งง,wrong_class,187.0,,2026-09-24T10:20:25+00:00
2259,210/be_003tg_8_342.jpg,210,งเาะ,wrong_class,199.0,,2026-09-24T10:20:26+00:00
2260,194/bc_019sg_8_28.jpg,194,งง,wrong_class,187.0,,2026-09-24T10:20:36+00:00
2261,210/be_017tg_7_255.jpg,210,san,wrong_class,199.0,,2026-09-24T10:20:42+00:00
2262,210/be_013sg_7_18.jpg,210,งเาะ,wrong_class,226.0,,2026-09-24T10:20:46+00:00
2263,210/be_004sg_2_197.jpg,210,งเาะ,wrong_class,227.0,,2026-09-24T10:20:58+00:00
2264,210/bl_004sg_10_1.jpg,210,san,wrong_class,199.0,,2026-09-24T10:21:03+00:00
2265,210/be_004tg_6_128.jpg,210,งเาะ,wrong_class,199.0,,2026-09-24T10:21:10+00:00
2266,210/be_014tg_4_367.jpg,210,san,wrong_class,199.0,,2026-09-24T10:21:18+00:00
2267,210/be_016tg_8_343.jpg,210,งเาะ,wrong_class,199.0,,2026-09-24T10:21:31+00:00
2268,210/be_018tg_6_201.jpg,210,san,clear,,,2026-09-24T10:21:37+00:00
2269,210/be_008tg_4_445.jpg,210,งเาะ,wrong_class,199.0,,2026-09-24T10:21:45+00:00
2270,210/be_018tg_6_201.jpg,210,san,wrong_class,199.0,,2026-09-24T10:21:46+00:00
2271,210/be_001tg_2_109.jpg,210,งเาะ,wrong_class,199.0,,2026-09-24T10:21:57+00:00
2272,195/bl_004sg_10_14.jpg,195,งง,wrong_class,184.0,,2026-09-24T10:22:15+00:00
2273,210/be_015tg_1_342.jpg,210,งเาะ,wrong_class,199.0,,2026-09-24T10:22:19+00:00
2274,210/be_004sg_7_0.jpg,210,งเาะ,wrong_class,227.0,,2026-09-24T10:22:36+00:00
2275,210/be_007sg_4_296.jpg,210,san,ok,,,2026-09-24T10:22:40+00:00
2276,210/be_006sg_1_90.jpg,210,san,ok,,,2026-09-24T10:22:40+00:00
2277,210/bc_016tg_6_9.jpg,210,san,ok,,,2026-09-24T10:22:40+00:00
2278,210/be_006tg_4_363.jpg,210,san,ok,,,2026-09-24T10:22:40+00:00
2279,210/be_004tg_2_48.jpg,210,san,ok,,,2026-09-24T10:22:40+00:00
2280,210/be_013sg_7_8.jpg,210,san,ok,,,2026-09-24T10:22:40+00:00
2281,210/bc_009tg_4_26.jpg,210,san,ok,,,2026-09-24T10:22:40+00:00
2282,210/be_015tg_1_166.jpg,210,san,ok,,,2026-09-24T10:22:40+00:00
2283,210/bc_004tg_4_87.jpg,210,san,ok,,,2026-09-24T10:22:40+00:00
2284,210/bc_019tg_7_14.jpg,210,san,ok,,,2026-09-24T10:22:40+00:00
2285,210/be_012tg_4_367.jpg,210,san,ok,,,2026-09-24T10:22:40+00:00
2286,210/be_011sg_2_66.jpg,210,san,ok,,,2026-09-24T10:22:40+00:00
2287,210/bc_007tg_2_8.jpg,210,san,ok,,,2026-09-24T10:22:40+00:00
2288,210/bc_013tg_5_23.jpg,210,san,ok,,,2026-09-24T10:22:40+00:00
2289,210/bc_014sg_2_1.jpg,210,san,ok,,,2026-09-24T10:22:40+00:00
2290,210/be_006sg_4_146.jpg,210,san,ok,,,2026-09-24T10:22:40+00:00
2291,210/be_020tg_5_263.jpg,210,san,ok,,,2026-09-24T10:22:40+00:00
2292,210/be_016tg_11_278.jpg,210,san,ok,,,2026-09-24T10:22:40+00:00
2293,210/be_003sg_9_201.jpg,210,san,ok,,,2026-09-24T10:22:40+00:00
2294,210/be_015sg_1_430.jpg,210,san,ok,,,2026-09-24T10:22:40+00:00
2295,210/be_018sg_6_211.jpg,210,san,ok,,,2026-09-24T10:22:40+00:00
2296,210/be_009sg_4_33.jpg,210,san,ok,,,2026-09-24T10:22:40+00:00
2297,210/be_005tg_4_75.jpg,210,san,ok,,,2026-09-24T10:22:40+00:00
2298,210/be_018sg_11_23.jpg,210,san,ok,,,2026-09-24T10:22:40+00:00
2299,210/be_009sg_4_243.jpg,210,san,ok,,,2026-09-24T10:22:40+00:00
2300,210/be_018tg_9_229.jpg,210,san,ok,,,2026-09-24T10:22:40+00:00
2301,210/bc_018sg_2_1.jpg,210,san,ok,,,2026-09-24T10:22:40+00:00
2302,210/be_002sg_9_187.jpg,210,san,ok,,,2026-09-24T10:22:40+00:00
2303,210/be_011tg_6_109.jpg,210,san,ok,,,2026-09-24T10:22:40+00:00
2304,210/bc_019sg_2_1.jpg,210,san,ok,,,2026-09-24T10:22:40+00:00
2305,210/be_018tg_3_245.jpg,210,san,ok,,,2026-09-24T10:22:40+00:00
2306,210/be_011sg_2_272.jpg,210,san,ok,,,2026-09-24T10:22:40+00:00
2307,210/be_002sg_10_90.jpg,210,san,ok,,,2026-09-24T10:22:40+00:00
2308,210/be_001sg_2_165.jpg,210,san,ok,,,2026-09-24T10:22:40+00:00
2309,210/be_016sg_8_96.jpg,210,san,ok,,,2026-09-24T10:22:40+00:00
2310,210/be_011sg_2_79.jpg,210,san,ok,,,2026-09-24T10:22:40+00:00
2311,210/bc_007sg_9_109.jpg,210,san,ok,,,2026-09-24T10:22:40+00:00
2312,210/be_014tg_3_64.jpg,210,san,ok,,,2026-09-24T10:22:40+00:00
2313,210/be_008sg_4_483.jpg,210,san,ok,,,2026-09-24T10:22:40+00:00
2314,210/be_005sg_4_176.jpg,210,san,ok,,,2026-09-24T10:22:40+00:00
2315,210/be_008sg_5_171.jpg,210,san,ok,,,2026-09-24T10:22:40+00:00
2316,210/be_002sg_7_189.jpg,210,san,ok,,,2026-09-24T10:22:40+00:00
2317,210/be_007tg_6_223.jpg,210,งเาะ,wrong_class,199.0,,2026-09-24T10:22:47+00:00
2318,195/bc_015tg_5_21.jpg,195,งง,wrong_class,199.0,,2026-09-24T10:22:52+00:00
2319,210/be_017tg_6_239.jpg,210,งเาะ,wrong_class,199.0,,2026-09-24T10:22:58+00:00
2320,210/bc_004sg_3_25.jpg,210,san,wrong_class,230.0,,2026-09-24T10:22:58+00:00
2321,195/bc_018sg_3_23.jpg,195,งง,wrong_class,184.0,,2026-09-24T10:22:59+00:00
2322,210/be_002sg_5_5.jpg,210,งเาะ,wrong_class,227.0,,2026-09-24T10:23:08+00:00
2323,195/bc_016tg_3_21.jpg,195,งง,wrong_class,199.0,,2026-09-24T10:23:12+00:00
2324,195/bc_018tg_3_62.jpg,195,งง,wrong_class,199.0,,2026-09-24T10:23:22+00:00
2325,210/be_002tg_9_44.jpg,210,งเาะ,wrong_class,199.0,,2026-09-24T10:23:23+00:00
2326,195/bc_015tg_5_60.jpg,195,งง,wrong_class,199.0,,2026-09-24T10:23:31+00:00
2327,210/be_004tg_6_113.jpg,210,งเาะ,wrong_class,199.0,,2026-09-24T10:23:36+00:00
2328,195/bc_016tg_3_346.jpg,195,งง,wrong_class,199.0,,2026-09-24T10:23:41+00:00
2329,210/be_017sg_4_272.jpg,210,งเาะ,wrong_class,227.0,,2026-09-24T10:23:49+00:00
2330,195/bc_016sg_6_0.jpg,195,งง,wrong_class,199.0,,2026-09-24T10:23:50+00:00
2331,210/be_006tg_1_289.jpg,210,งเาะ,wrong_class,199.0,,2026-09-24T10:23:58+00:00
2332,195/bc_014tg_6_313.jpg,195,งง,wrong_class,199.0,,2026-09-24T10:24:00+00:00
2333,210/be_017tg_6_149.jpg,210,งเาะ,wrong_class,199.0,,2026-09-24T10:24:06+00:00
2334,210/be_006tg_4_70.jpg,210,งเาะ,drop,,,2026-09-24T10:24:11+00:00
2335,195/bc_014tg_5_93.jpg,195,งง,wrong_class,199.0,,2026-09-24T10:24:12+00:00
2336,168/be_011sg_5_54.jpg,168,san,wrong_class,217.0,,2026-09-24T10:24:26+00:00
2337,195/bc_014tg_6_179.jpg,195,งง,wrong_class,199.0,,2026-09-24T10:24:28+00:00
2338,210/be_001sg_2_141.jpg,210,งเาะ,wrong_class,199.0,,2026-09-24T10:24:31+00:00
2339,210/be_004tg_2_368.jpg,210,งเาะ,wrong_class,199.0,,2026-09-24T10:24:40+00:00
2340,195/be_017sg_5_34.jpg,195,งง,drop,,,2026-09-24T10:24:42+00:00
2341,210/be_017tg_4_122.jpg,210,งเาะ,wrong_class,199.0,,2026-09-24T10:24:49+00:00
2342,195/be_011tg_5_132.jpg,195,งง,drop,,,2026-09-24T10:24:50+00:00
2343,210/be_017tg_7_318.jpg,210,งเาะ,wrong_class,199.0,,2026-09-24T10:25:03+00:00
2344,195/bc_017sg_5_73.jpg,195,งง,drop,,,2026-09-24T10:25:08+00:00
2345,210/be_015tg_2_255.jpg,210,งเาะ,wrong_class,199.0,,2026-09-24T10:25:15+00:00
2346,210/be_009tg_4_428.jpg,210,งเาะ,wrong_class,199.0,,2026-09-24T10:25:27+00:00
2347,195/bc_019tg_7_159.jpg,195,งง,wrong_class,184.0,,2026-09-24T10:25:28+00:00
2348,210/be_009tg_2_230.jpg,210,งเาะ,wrong_class,199.0,,2026-09-24T10:25:47+00:00
2349,195/ce_001sg_2_0.jpg,195,งง,drop,,,2026-09-24T10:25:55+00:00
2350,210/be_009tg_4_122.jpg,210,งเาะ,wrong_class,199.0,,2026-09-24T10:25:59+00:00
2351,210/be_003tg_4_370.jpg,210,งเาะ,wrong_class,199.0,,2026-09-24T10:26:18+00:00
2352,210/be_020sg_6_49.jpg,210,งเาะ,drop,,,2026-09-24T10:26:22+00:00
2353,210/be_017tg_4_151.jpg,210,งเาะ,wrong_class,199.0,,2026-09-24T10:26:35+00:00
2354,210/be_001tg_4_20.jpg,210,งเาะ,wrong_class,199.0,,2026-09-24T10:26:53+00:00
2355,210/be_004tg_6_301.jpg,210,งเาะ,wrong_class,199.0,,2026-09-24T10:27:03+00:00
2356,210/be_019tg_3_68.jpg,210,งเาะ,wrong_class,199.0,,2026-09-24T10:27:11+00:00
2357,210/be_006tg_1_322.jpg,210,งเาะ,wrong_class,199.0,,2026-09-24T10:27:19+00:00
2358,210/be_015sg_2_146.jpg,210,งเาะ,wrong_class,227.0,,2026-09-24T10:27:26+00:00
2359,210/be_003tg_8_214.jpg,210,งเาะ,wrong_class,199.0,,2026-09-24T10:27:36+00:00
2360,210/be_008tg_6_76.jpg,210,งเาะ,drop,,,2026-09-24T10:27:39+00:00
2361,197/be_002tg_7_119.jpg,197,งง,wrong_class,182.0,,2026-09-24T10:27:47+00:00
2362,210/be_003sg_4_118.jpg,210,งเาะ,wrong_class,227.0,,2026-09-24T10:27:49+00:00
2363,168/be_011sg_5_54.jpg,168,งง,clear,,,2026-09-24T10:27:51+00:00
2364,210/be_004tg_2_171.jpg,210,งเาะ,wrong_class,199.0,,2026-09-24T10:28:11+00:00
2365,210/bc_020tg_2_21.jpg,210,งง,clear,,,2026-09-24T10:28:14+00:00
2366,210/be_008tg_7_200.jpg,210,งเาะ,wrong_class,199.0,,2026-09-24T10:28:20+00:00
2367,197/bc_020tg_4_166.jpg,197,งง,drop,,,2026-09-24T10:28:20+00:00
2368,210/bc_020tg_2_21.jpg,210,งเาะ,clear,,,2026-09-24T10:28:23+00:00
2369,210/be_002tg_7_113.jpg,210,งเาะ,wrong_class,199.0,,2026-09-24T10:28:36+00:00
2370,197/bc_008tg_8_94.jpg,197,งง,wrong_class,182.0,,2026-09-24T10:28:40+00:00
2371,210/be_004tg_4_34.jpg,210,งเาะ,wrong_class,199.0,,2026-09-24T10:28:46+00:00
2372,210/be_018tg_9_304.jpg,210,งเาะ,wrong_class,199.0,,2026-09-24T10:28:59+00:00
2373,197/bl_002sg_7_153.jpg,197,งง,wrong_class,240.0,,2026-09-24T10:29:01+00:00
2374,210/be_008tg_6_90.jpg,210,งเาะ,drop,,,2026-09-24T10:29:04+00:00
2375,197/bc_004sg_5_26.jpg,197,งง,wrong_class,180.0,,2026-09-24T10:29:11+00:00
2376,210/be_011tg_6_106.jpg,210,งเาะ,wrong_class,199.0,,2026-09-24T10:29:29+00:00
2377,197/bc_012tg_2_185.jpg,197,งง,wrong_class,240.0,,2026-09-24T10:29:32+00:00
2378,210/be_016tg_10_127.jpg,210,งเาะ,wrong_class,199.0,,2026-09-24T10:29:38+00:00
2379,197/bl_002sg_7_152.jpg,197,งง,wrong_class,240.0,,2026-09-24T10:30:00+00:00
2380,210/bl_001sg_8_473.jpg,210,งเาะ,wrong_class,202.0,,2026-09-24T10:30:03+00:00
2381,210/be_013sg_1_362.jpg,210,งเาะ,wrong_class,227.0,,2026-09-24T10:30:21+00:00
2382,210/be_017tg_4_318.jpg,210,งเาะ,wrong_class,199.0,,2026-09-24T10:30:39+00:00
2383,210/be_017sg_6_279.jpg,210,งเาะ,wrong_class,227.0,,2026-09-24T10:30:50+00:00
2384,210/be_018sg_7_278.jpg,210,งเาะ,wrong_class,227.0,,2026-09-24T10:31:11+00:00
2385,210/be_006tg_4_146.jpg,210,งเาะ,wrong_class,199.0,,2026-09-24T10:31:31+00:00
2386,210/be_003tg_9_150.jpg,210,งเาะ,wrong_class,199.0,,2026-09-24T10:31:41+00:00
2387,197/bc_018sg_4_395.jpg,197,งง,wrong_class,202.0,,2026-09-24T10:31:51+00:00
2388,210/be_009sg_3_373.jpg,210,งเาะ,wrong_class,199.0,,2026-09-24T10:31:54+00:00
2389,210/be_013sg_6_291.jpg,210,งเาะ,drop,,,2026-09-24T10:32:02+00:00
2390,210/be_018tg_6_68.jpg,210,งเาะ,wrong_class,199.0,,2026-09-24T10:33:03+00:00
2391,210/ce_001sg_2_119.jpg,210,งเาะ,wrong_class,227.0,,2026-09-24T10:33:29+00:00
2392,210/be_001tg_4_2.jpg,210,งเาะ,wrong_class,199.0,,2026-09-24T10:33:40+00:00
2393,210/be_006tg_8_169.jpg,210,งเาะ,wrong_class,199.0,,2026-09-24T10:34:16+00:00
2394,200/bc_019sg_6_131.jpg,200,งง,wrong_class,164.0,,2026-09-24T10:34:17+00:00
2395,210/be_008tg_6_85.jpg,210,งเาะ,drop,,,2026-09-24T10:34:25+00:00
2396,210/be_016sg_4_6.jpg,210,งเาะ,wrong_class,227.0,,2026-09-24T10:34:36+00:00
2397,210/be_017sg_7_100.jpg,210,งเาะ,wrong_class,227.0,,2026-09-24T10:34:49+00:00
2398,210/be_013tg_2_458.jpg,210,งเาะ,wrong_class,199.0,,2026-09-24T10:34:50+00:00
2399,210/be_006tg_4_96.jpg,210,งเาะ,wrong_class,199.0,,2026-09-24T10:34:59+00:00
2400,201/be_006sg_3_300.jpg,201,งง,drop,,,2026-09-24T10:35:00+00:00
2401,201/be_015tg_1_88.jpg,201,งง,wrong_class,193.0,,2026-09-24T10:35:09+00:00
2402,210/be_002tg_6_0.jpg,210,งเาะ,wrong_class,199.0,,2026-09-24T10:35:11+00:00
2403,201/be_014tg_3_225.jpg,201,งง,wrong_class,193.0,,2026-09-24T10:35:23+00:00
2404,210/be_019sg_8_160.jpg,210,งเาะ,wrong_class,199.0,,2026-09-24T10:35:25+00:00
2405,210/bl_006sg_3_147.jpg,210,งเาะ,drop,,,2026-09-24T10:35:25+00:00
2406,210/be_019sg_8_160.jpg,210,งเาะ,wrong_class,227.0,,2026-09-24T10:35:36+00:00
2407,210/be_002sg_9_204.jpg,210,งเาะ,wrong_class,227.0,,2026-09-24T10:35:45+00:00
2408,210/be_001sg_4_20.jpg,210,งเาะ,wrong_class,199.0,,2026-09-24T10:36:03+00:00
2409,210/be_020tg_5_214.jpg,210,งเาะ,wrong_class,164.0,,2026-09-24T10:36:04+00:00
2410,210/be_015sg_1_200.jpg,210,งเาะ,wrong_class,227.0,,2026-09-24T10:36:17+00:00
2411,210/be_015tg_1_104.jpg,210,งเาะ,wrong_class,199.0,,2026-09-24T10:36:29+00:00
2412,210/be_009tg_2_193.jpg,210,งเาะ,wrong_class,199.0,,2026-09-24T10:36:37+00:00
2413,210/be_014sg_2_420.jpg,210,งเาะ,drop,,,2026-09-24T10:36:37+00:00
2414,210/be_012sg_4_167.jpg,210,งเาะ,wrong_class,227.0,,2026-09-24T10:36:56+00:00
2415,202/bc_018sg_4_194.jpg,202,งง,wrong_class,197.0,,2026-09-24T10:36:57+00:00
2416,210/be_012sg_4_174.jpg,210,งเาะ,wrong_class,227.0,,2026-09-24T10:36:58+00:00
2417,210/be_018tg_7_200.jpg,210,งเาะ,wrong_class,199.0,,2026-09-24T10:37:06+00:00
2418,210/be_017sg_4_353.jpg,210,งเาะ,wrong_class,227.0,,2026-09-24T10:37:16+00:00
2419,202/bc_016tg_6_8.jpg,202,งง,wrong_class,176.0,,2026-09-24T10:37:26+00:00
2420,210/be_020sg_2_429.jpg,210,งเาะ,wrong_class,227.0,,2026-09-24T10:37:32+00:00
2421,202/be_008sg_4_341.jpg,202,งง,drop,,,2026-09-24T10:37:41+00:00
2422,210/be_002tg_6_163.jpg,210,งเาะ,wrong_class,199.0,,2026-09-24T10:38:07+00:00
2423,210/be_008tg_7_230.jpg,210,งเาะ,wrong_class,199.0,,2026-09-24T10:38:17+00:00
2424,210/be_011tg_2_45.jpg,210,งเาะ,drop,,,2026-09-24T10:38:29+00:00
2425,210/be_017tg_6_119.jpg,210,งเาะ,wrong_class,199.0,,2026-09-24T10:38:54+00:00
2426,210/be_011tg_4_11.jpg,210,san,ok,,,2026-09-24T10:39:00+00:00
2427,210/bl_001tg_9_141.jpg,210,san,ok,,,2026-09-24T10:39:00+00:00
2428,210/bc_012sg_3_24.jpg,210,san,ok,,,2026-09-24T10:39:00+00:00
2429,210/bc_011sg_3_114.jpg,210,san,ok,,,2026-09-24T10:39:00+00:00
2430,210/bc_011tg_1_59.jpg,210,san,ok,,,2026-09-24T10:39:00+00:00
2431,210/be_009tg_2_76.jpg,210,san,ok,,,2026-09-24T10:39:00+00:00
2432,210/bl_011sg_4_377.jpg,210,san,ok,,,2026-09-24T10:39:00+00:00
2433,210/be_014tg_4_336.jpg,210,san,ok,,,2026-09-24T10:39:00+00:00
2434,210/bc_011tg_3_117.jpg,210,san,ok,,,2026-09-24T10:39:00+00:00
2435,210/bc_015sg_3_294.jpg,210,san,ok,,,2026-09-24T10:39:00+00:00
2436,210/be_015tg_2_172.jpg,210,san,ok,,,2026-09-24T10:39:00+00:00
2437,210/bc_020tg_4_320.jpg,210,san,ok,,,2026-09-24T10:39:00+00:00
2438,210/bc_020tg_3_359.jpg,210,san,ok,,,2026-09-24T10:39:00+00:00
2439,210/bc_002sg_6_107.jpg,210,san,ok,,,2026-09-24T10:39:00+00:00
2440,210/be_009tg_2_237.jpg,210,san,ok,,,2026-09-24T10:39:00+00:00
2441,210/bc_001sg_3_139.jpg,210,san,ok,,,2026-09-24T10:39:00+00:00
2442,210/bc_014tg_5_272.jpg,210,san,ok,,,2026-09-24T10:39:00+00:00
2443,210/bc_012tg_2_198.jpg,210,san,ok,,,2026-09-24T10:39:00+00:00
2444,210/be_016sg_10_78.jpg,210,san,ok,,,2026-09-24T10:39:00+00:00
2445,210/be_017tg_7_382.jpg,210,san,ok,,,2026-09-24T10:39:00+00:00
2446,210/bc_018sg_3_217.jpg,210,san,ok,,,2026-09-24T10:39:00+00:00
2447,210/be_011sg_6_124.jpg,210,san,ok,,,2026-09-24T10:39:00+00:00
2448,210/bc_008tg_14_50.jpg,210,san,ok,,,2026-09-24T10:39:00+00:00
2449,210/be_016sg_11_333.jpg,210,san,ok,,,2026-09-24T10:39:00+00:00
2450,210/be_001tg_5_186.jpg,210,งเาะ,wrong_class,199.0,,2026-09-24T10:39:06+00:00
2451,203/bc_004tg_4_312.jpg,203,งง,wrong_class,183.0,,2026-09-24T10:39:07+00:00
2452,210/bc_014sg_3_478.jpg,210,san,ok,,,2026-09-24T10:39:11+00:00
2453,210/bc_014tg_6_379.jpg,210,san,ok,,,2026-09-24T10:39:11+00:00
2454,210/be_008sg_6_27.jpg,210,san,ok,,,2026-09-24T10:39:11+00:00
2455,210/bc_007tg_9_141.jpg,210,san,ok,,,2026-09-24T10:39:11+00:00
2456,210/bc_007tg_5_248.jpg,210,san,ok,,,2026-09-24T10:39:11+00:00
2457,210/bc_016tg_5_104.jpg,210,san,ok,,,2026-09-24T10:39:11+00:00
2458,210/bc_002sg_4_112.jpg,210,san,ok,,,2026-09-24T10:39:11+00:00
2459,210/be_004sg_2_121.jpg,210,san,ok,,,2026-09-24T10:39:11+00:00
2460,210/be_020sg_2_304.jpg,210,san,ok,,,2026-09-24T10:39:11+00:00
2461,210/bl_001sg_9_144.jpg,210,san,ok,,,2026-09-24T10:39:11+00:00
2462,210/bc_004sg_3_201.jpg,210,san,ok,,,2026-09-24T10:39:11+00:00
2463,210/be_006tg_1_168.jpg,210,san,ok,,,2026-09-24T10:39:11+00:00
2464,210/bc_012tg_4_100.jpg,210,san,ok,,,2026-09-24T10:39:11+00:00
2465,210/bl_008sg_3_293.jpg,210,san,ok,,,2026-09-24T10:39:11+00:00
2466,210/be_005sg_5_109.jpg,210,san,ok,,,2026-09-24T10:39:11+00:00
2467,210/bc_020sg_3_253.jpg,210,san,ok,,,2026-09-24T10:39:11+00:00
2468,210/bl_011tg_4_349.jpg,210,san,ok,,,2026-09-24T10:39:11+00:00
2469,210/bc_006sg_3_28.jpg,210,san,ok,,,2026-09-24T10:39:11+00:00
2470,210/bl_002tg_8_41.jpg,210,san,ok,,,2026-09-24T10:39:11+00:00
2471,210/be_003sg_8_11.jpg,210,san,ok,,,2026-09-24T10:39:11+00:00
2472,210/be_005sg_3_152.jpg,210,san,ok,,,2026-09-24T10:39:11+00:00
2473,210/bc_014sg_6_271.jpg,210,san,ok,,,2026-09-24T10:39:11+00:00
2474,210/bl_010tg_6_406.jpg,210,san,ok,,,2026-09-24T10:39:11+00:00
2475,210/bl_005sg_9_127.jpg,210,san,ok,,,2026-09-24T10:39:11+00:00
2476,210/bl_007sg_8_390.jpg,210,san,drop,,,2026-09-24T10:39:16+00:00
2477,203/bc_004sg_4_207.jpg,203,งง,wrong_class,190.0,,2026-09-24T10:39:23+00:00
2478,210/be_013tg_1_286.jpg,210,san,wrong_class,199.0,,2026-09-24T10:39:31+00:00
2479,210/be_003sg_4_403.jpg,210,งเาะ,unsure,,,2026-09-24T10:39:43+00:00
2480,203/bc_002tg_10_187.jpg,203,งง,wrong_class,183.0,,2026-09-24T10:39:47+00:00
2481,210/be_017sg_6_158.jpg,210,งเาะ,unsure,,,2026-09-24T10:39:59+00:00
2482,210/be_018tg_9_153.jpg,210,san,ok,,,2026-09-24T10:40:13+00:00
2483,210/be_003sg_4_39.jpg,210,san,ok,,,2026-09-24T10:40:13+00:00
2484,210/be_019tg_3_279.jpg,210,san,ok,,,2026-09-24T10:40:13+00:00
2485,210/be_001sg_4_14.jpg,210,san,ok,,,2026-09-24T10:40:13+00:00
2486,210/bl_003tg_7_290.jpg,210,san,ok,,,2026-09-24T10:40:13+00:00
2487,210/bc_001tg_8_304.jpg,210,san,ok,,,2026-09-24T10:40:13+00:00
2488,210/be_019sg_8_7.jpg,210,san,ok,,,2026-09-24T10:40:13+00:00
2489,210/bc_018sg_4_257.jpg,210,san,ok,,,2026-09-24T10:40:13+00:00
2490,210/bc_016tg_3_29.jpg,210,san,ok,,,2026-09-24T10:40:13+00:00
2491,210/bc_015sg_5_273.jpg,210,san,ok,,,2026-09-24T10:40:13+00:00
2492,210/bl_007sg_8_103.jpg,210,san,ok,,,2026-09-24T10:40:13+00:00
2493,210/be_017tg_6_8.jpg,210,san,ok,,,2026-09-24T10:40:13+00:00
2494,210/be_014tg_4_378.jpg,210,san,ok,,,2026-09-24T10:40:13+00:00
2495,210/bc_017sg_3_60.jpg,210,san,ok,,,2026-09-24T10:40:13+00:00
2496,210/bc_002sg_4_114.jpg,210,san,ok,,,2026-09-24T10:40:13+00:00
2497,210/bc_004tg_6_35.jpg,210,san,ok,,,2026-09-24T10:40:13+00:00
2498,210/bc_019sg_8_25.jpg,210,san,ok,,,2026-09-24T10:40:13+00:00
2499,210/be_005sg_2_67.jpg,210,san,ok,,,2026-09-24T10:40:13+00:00
2500,210/bl_008tg_4_32.jpg,210,san,ok,,,2026-09-24T10:40:13+00:00
2501,210/bl_010tg_6_39.jpg,210,san,ok,,,2026-09-24T10:40:13+00:00
2502,210/be_012sg_4_7.jpg,210,san,ok,,,2026-09-24T10:40:13+00:00
2503,210/bl_007sg_8_267.jpg,210,san,ok,,,2026-09-24T10:40:13+00:00
2504,210/be_017tg_6_318.jpg,210,งเาะ,wrong_class,199.0,,2026-09-24T10:40:15+00:00
2505,210/be_016tg_8_235.jpg,210,san,drop,,,2026-09-24T10:40:18+00:00
2506,210/be_017tg_7_285.jpg,210,san,drop,,,2026-09-24T10:40:25+00:00
2507,210/bc_002sg_8_129.jpg,210,งเาะ,unsure,,,2026-09-24T10:40:29+00:00
2508,210/be_008tg_4_339.jpg,210,san,wrong_class,199.0,,2026-09-24T10:40:41+00:00
2509,210/be_013tg_1_286.jpg,210,งเาะ,wrong_class,199.0,,2026-09-24T10:41:00+00:00
2510,210/be_001tg_5_132.jpg,210,งเาะ,drop,,,2026-09-24T10:41:15+00:00
2511,210/be_018tg_3_283.jpg,210,งเาะ,wrong_class,199.0,,2026-09-24T10:41:43+00:00
2512,205/bc_002sg_6_35.jpg,205,งง,wrong_class,194.0,,2026-09-24T10:41:51+00:00
2513,205/bl_008sg_2_9.jpg,205,งง,drop,,,2026-09-24T10:42:27+00:00
2514,210/be_014sg_2_305.jpg,210,งเาะ,drop,,,2026-09-24T10:42:31+00:00
2515,210/be_007sg_4_249.jpg,210,งเาะ,drop,,,2026-09-24T10:42:39+00:00
2516,205/bl_009sg_3_149.jpg,205,งง,drop,,,2026-09-24T10:42:43+00:00
2517,210/be_014tg_2_304.jpg,210,งเาะ,drop,,,2026-09-24T10:42:47+00:00
2518,205/bc_004sg_3_259.jpg,205,งง,drop,,,2026-09-24T10:42:58+00:00
2519,205/be_011tg_5_423.jpg,205,งง,unsure,,,2026-09-24T10:43:16+00:00
2520,210/be_007sg_7_408.jpg,210,งเาะ,wrong_class,227.0,,2026-09-24T10:43:37+00:00
2521,210/be_014sg_4_240.jpg,210,งเาะ,drop,,,2026-09-24T10:43:46+00:00
2522,210/be_004sg_7_17.jpg,210,งเาะ,wrong_class,227.0,,2026-09-24T10:43:58+00:00
2523,210/be_017tg_7_33.jpg,210,งเาะ,wrong_class,199.0,,2026-09-24T10:44:17+00:00
2524,210/be_003sg_4_443.jpg,210,งเาะ,wrong_class,227.0,,2026-09-24T10:44:32+00:00
2525,210/be_018tg_6_121.jpg,210,งเาะ,wrong_class,199.0,,2026-09-24T10:44:47+00:00
2526,210/bc_011tg_3_390.jpg,210,งเาะ,ok,,,2026-09-24T10:45:30+00:00
2527,210/be_004sg_4_54.jpg,210,งเาะ,ok,,,2026-09-24T10:45:37+00:00
2528,210/be_014tg_4_480.jpg,210,งเาะ,wrong_class,199.0,,2026-09-24T10:45:45+00:00
2529,210/bc_008sg_13_185.jpg,210,งเาะ,ok,,,2026-09-24T10:45:50+00:00
2530,210/bc_008sg_6_237.jpg,210,งเาะ,ok,,,2026-09-24T10:45:55+00:00
2531,210/bc_014sg_6_118.jpg,210,งเาะ,ok,,,2026-09-24T10:45:59+00:00
2532,210/be_003sg_4_75.jpg,210,งเาะ,wrong_class,227.0,,2026-09-24T10:46:18+00:00
2533,209/bc_019sg_8_31.jpg,209,งง,wrong_class,233.0,,2026-09-24T10:46:31+00:00
2534,210/be_001tg_5_150.jpg,210,งเาะ,wrong_class,199.0,,2026-09-24T10:46:38+00:00
2535,209/bc_016tg_3_327.jpg,209,งง,wrong_class,233.0,,2026-09-24T10:46:48+00:00
2536,210/be_011tg_4_177.jpg,210,งเาะ,wrong_class,199.0,,2026-09-24T10:46:51+00:00
2537,209/bc_020sg_3_256.jpg,209,งง,wrong_class,233.0,,2026-09-24T10:47:00+00:00
2538,210/be_002sg_5_100.jpg,210,งเาะ,wrong_class,227.0,,2026-09-24T10:47:03+00:00
2539,209/bc_004sg_4_2.jpg,209,งง,wrong_class,233.0,,2026-09-24T10:47:07+00:00
2540,209/bc_006sg_3_241.jpg,209,งง,wrong_class,233.0,,2026-09-24T10:47:15+00:00
2541,210/be_009tg_4_279.jpg,210,งเาะ,wrong_class,199.0,,2026-09-24T10:47:23+00:00
2542,209/bc_015sg_5_82.jpg,209,งง,wrong_class,233.0,,2026-09-24T10:47:25+00:00
2543,210/be_018tg_6_282.jpg,210,งเาะ,drop,,,2026-09-24T10:47:29+00:00
2544,209/bc_015sg_5_116.jpg,209,งง,wrong_class,233.0,,2026-09-24T10:47:30+00:00
2545,209/bc_017sg_5_76.jpg,209,งง,wrong_class,233.0,,2026-09-24T10:47:40+00:00
2546,209/bc_016sg_5_228.jpg,209,งง,wrong_class,233.0,,2026-09-24T10:48:06+00:00
2547,210/be_009tg_2_157.jpg,210,san,flag,,,2026-09-24T10:48:10+00:00
2548,210/be_001tg_2_182.jpg,210,งเาะ,wrong_class,199.0,,2026-09-24T10:48:11+00:00
2549,210/be_009tg_2_157.jpg,210,san,clear,,,2026-09-24T10:48:13+00:00
2550,209/bc_004sg_4_120.jpg,209,งง,wrong_class,233.0,,2026-09-24T10:48:14+00:00
2551,209/bc_005sg_8_53.jpg,209,งง,wrong_class,233.0,,2026-09-24T10:48:21+00:00
2552,210/be_004sg_7_172.jpg,210,san,flag,,,2026-09-24T10:48:24+00:00
2553,210/be_004sg_7_172.jpg,210,san,clear,,,2026-09-24T10:48:25+00:00
2554,210/be_011tg_5_166.jpg,210,งเาะ,wrong_class,199.0,,2026-09-24T10:48:47+00:00
2555,210/bl_003tg_7_229.jpg,210,งเาะ,wrong_class,202.0,,2026-09-24T10:48:56+00:00
2556,209/bc_001sg_9_386.jpg,209,งง,wrong_class,233.0,,2026-09-24T10:48:59+00:00
2557,210/bl_001sg_8_212.jpg,210,san,drop,,,2026-09-24T10:49:00+00:00
2558,210/bl_005sg_9_338.jpg,210,san,drop,,,2026-09-24T10:49:03+00:00
2559,210/bl_001sg_9_10.jpg,210,san,drop,,,2026-09-24T10:49:08+00:00
2560,210/be_011tg_1_323.jpg,210,san,drop,,,2026-09-24T10:49:11+00:00
2561,209/bc_015sg_3_460.jpg,209,งง,unsure,,,2026-09-24T10:49:13+00:00
2562,210/be_002sg_9_71.jpg,210,งเาะ,wrong_class,227.0,,2026-09-24T10:49:18+00:00
2563,210/be_004sg_7_172.jpg,210,san,wrong_class,227.0,,2026-09-24T10:49:25+00:00
2564,210/be_005sg_2_195.jpg,210,san,wrong_class,227.0,,2026-09-24T10:49:31+00:00
2565,210/be_009tg_2_157.jpg,210,san,drop,,,2026-09-24T10:49:34+00:00
2566,210/be_001tg_2_59.jpg,210,งเาะ,wrong_class,199.0,,2026-09-24T10:49:38+00:00
2567,210/be_018sg_7_77.jpg,210,san,wrong_class,199.0,,2026-09-24T10:49:43+00:00
2568,210/bl_001sg_8_274.jpg,210,san,drop,,,2026-09-24T10:49:45+00:00
2569,210/bl_003tg_7_304.jpg,210,san,wrong_class,199.0,,2026-09-24T10:49:53+00:00
2570,209/bl_008sg_3_66.jpg,209,งง,wrong_class,233.0,,2026-09-24T10:49:54+00:00
2571,210/be_008tg_6_4.jpg,210,san,drop,,,2026-09-24T10:50:00+00:00
2572,209/bl_003sg_7_177.jpg,209,งง,wrong_class,233.0,,2026-09-24T10:50:10+00:00
2573,209/bl_008sg_3_144.jpg,209,งง,wrong_class,233.0,,2026-09-24T10:50:26+00:00
2574,210/be_004sg_7_444.jpg,210,งเาะ,wrong_class,229.0,,2026-09-24T10:50:30+00:00
2575,210/be_015sg_1_373.jpg,210,san,wrong_class,230.0,,2026-09-24T10:50:57+00:00
2576,210/be_016sg_8_415.jpg,210,san,wrong_class,227.0,,2026-09-24T10:51:09+00:00
2577,210/be_011tg_2_108.jpg,210,san,drop,,,2026-09-24T10:51:12+00:00
2578,210/be_001tg_2_83.jpg,210,งเาะ,wrong_class,199.0,,2026-09-24T10:51:16+00:00
2579,210/be_013tg_6_309.jpg,210,san,drop,,,2026-09-24T10:51:16+00:00
2580,210/be_008sg_7_75.jpg,210,san,wrong_class,226.0,,2026-09-24T10:51:21+00:00
2581,210/be_007sg_7_288.jpg,210,san,drop,,,2026-09-24T10:51:24+00:00
2582,209/bc_002tg_5_313.jpg,209,งง,wrong_class,233.0,,2026-09-24T10:51:34+00:00
2583,209/be_016sg_9_337.jpg,209,งง,unsure,,,2026-09-24T10:51:45+00:00
2584,210/be_008tg_6_20.jpg,210,ซาน,flag,,,2026-09-24T10:54:38+00:00
2585,210/be_008tg_6_20.jpg,210,ซาน,clear,,,2026-09-24T10:54:43+00:00
2586,210/bl_011sg_4_62.jpg,210,san,flag,,,2026-09-24T11:10:00+00:00
2587,210/be_012sg_4_424.jpg,210,san,flag,,,2026-09-24T11:10:10+00:00
2588,210/bl_007sg_8_66.jpg,210,san,drop,,,2026-09-24T11:25:09+00:00
2589,210/bl_007sg_8_438.jpg,210,san,drop,,,2026-09-24T11:25:46+00:00
2590,210/bl_003sg_7_450.jpg,210,san,drop,,,2026-09-24T11:25:46+00:00
2591,210/bl_003sg_7_144.jpg,210,san,drop,,,2026-09-24T11:25:46+00:00
2592,210/bl_002sg_10_319.jpg,210,san,drop,,,2026-09-24T11:25:46+00:00
2593,210/bl_001tg_8_478.jpg,210,san,drop,,,2026-09-24T11:25:46+00:00
2594,210/bl_007tg_8_63.jpg,210,san,drop,,,2026-09-24T11:25:46+00:00
2595,210/bl_002tg_7_29.jpg,210,san,drop,,,2026-09-24T11:25:46+00:00
2596,210/bl_007tg_8_292.jpg,210,san,drop,,,2026-09-24T11:25:46+00:00
2597,210/be_016sg_8_234.jpg,210,san,drop,,,2026-09-24T11:26:27+00:00
2598,210/be_001sg_2_131.jpg,210,san,drop,,,2026-09-24T11:26:27+00:00
2599,210/be_013sg_1_433.jpg,210,san,drop,,,2026-09-24T11:26:27+00:00
2600,210/be_013tg_1_437.jpg,210,san,drop,,,2026-09-24T11:26:27+00:00
2601,210/be_019sg_5_182.jpg,210,san,drop,,,2026-09-24T11:26:27+00:00
2602,210/be_011sg_2_329.jpg,210,san,drop,,,2026-09-24T11:26:27+00:00
2603,210/be_006tg_1_313.jpg,210,san,wrong_class,199.0,,2026-09-24T11:26:44+00:00
2604,210/be_003tg_8_368.jpg,210,san,wrong_class,199.0,,2026-09-24T11:26:44+00:00
2605,210/be_012tg_3_443.jpg,210,san,wrong_class,199.0,,2026-09-24T11:26:44+00:00
2606,210/bl_003tg_5_163.jpg,210,san,wrong_class,199.0,,2026-09-24T11:41:04+00:00
2607,210/be_014tg_3_128.jpg,210,san,wrong_class,199.0,,2026-09-24T11:41:04+00:00
2608,210/be_006tg_4_429.jpg,210,san,wrong_class,199.0,,2026-09-24T11:41:04+00:00
2609,210/be_016tg_8_128.jpg,210,san,wrong_class,199.0,,2026-09-24T11:41:04+00:00
2610,210/be_012tg_3_213.jpg,210,san,wrong_class,199.0,,2026-09-24T11:41:04+00:00
2611,210/be_020tg_2_9.jpg,210,san,wrong_class,199.0,,2026-09-24T11:41:04+00:00
2612,210/be_014tg_4_40.jpg,210,san,wrong_class,199.0,,2026-09-24T11:41:04+00:00
2613,210/be_020tg_4_212.jpg,210,san,wrong_class,199.0,,2026-09-24T11:41:04+00:00
2614,210/be_006tg_1_377.jpg,210,san,wrong_class,199.0,,2026-09-24T11:41:04+00:00
2615,210/be_003tg_4_248.jpg,210,san,wrong_class,199.0,,2026-09-24T11:41:04+00:00
2616,210/be_015tg_1_68.jpg,210,san,wrong_class,199.0,,2026-09-24T11:41:04+00:00
2617,210/bl_003tg_5_89.jpg,210,san,wrong_class,199.0,,2026-09-24T11:41:04+00:00
2618,210/be_007tg_4_10.jpg,210,san,wrong_class,199.0,,2026-09-24T11:41:04+00:00
2619,210/be_007tg_3_304.jpg,210,san,wrong_class,199.0,,2026-09-24T11:41:04+00:00
2620,210/be_017tg_6_95.jpg,210,san,wrong_class,199.0,,2026-09-24T11:41:04+00:00
2621,210/be_020tg_5_3.jpg,210,san,wrong_class,199.0,,2026-09-24T11:41:04+00:00
2622,210/be_019sg_6_0.jpg,210,san,wrong_class,227.0,,2026-09-24T11:41:22+00:00
2623,210/be_018sg_3_382.jpg,210,san,wrong_class,227.0,,2026-09-24T11:41:22+00:00
2624,210/be_007sg_3_50.jpg,210,san,wrong_class,227.0,,2026-09-24T11:41:22+00:00
2625,210/be_016sg_11_235.jpg,210,san,wrong_class,227.0,,2026-09-24T11:41:22+00:00
2626,210/be_004sg_2_128.jpg,210,san,wrong_class,227.0,,2026-09-24T11:41:22+00:00
2627,210/be_008tg_6_20.jpg,210,san,drop,,,2026-09-24T11:41:28+00:00
2628,210/be_008tg_4_243.jpg,210,san,wrong_class,199.0,,2026-09-24T11:42:03+00:00
2629,210/be_003tg_8_443.jpg,210,san,wrong_class,199.0,,2026-09-24T11:42:03+00:00
2630,210/be_016tg_10_201.jpg,210,san,wrong_class,199.0,,2026-09-24T11:42:03+00:00
2631,210/be_004tg_6_256.jpg,210,san,wrong_class,199.0,,2026-09-24T11:42:03+00:00
2632,210/be_006tg_8_5.jpg,210,san,wrong_class,199.0,,2026-09-24T11:42:03+00:00
2633,210/be_004tg_6_51.jpg,210,san,wrong_class,199.0,,2026-09-24T11:42:03+00:00
2634,210/be_017tg_4_86.jpg,210,san,wrong_class,199.0,,2026-09-24T11:42:03+00:00
2635,210/be_003tg_4_394.jpg,210,san,wrong_class,199.0,,2026-09-24T11:42:03+00:00
2636,210/be_018tg_3_26.jpg,210,san,wrong_class,199.0,,2026-09-24T11:42:03+00:00
2637,210/be_018tg_9_136.jpg,210,san,wrong_class,199.0,,2026-09-24T11:42:03+00:00
2638,210/be_003tg_9_237.jpg,210,san,wrong_class,199.0,,2026-09-24T11:42:03+00:00
2639,210/be_014tg_4_95.jpg,210,san,wrong_class,199.0,,2026-09-24T11:42:03+00:00
2640,210/be_018tg_3_453.jpg,210,san,wrong_class,199.0,,2026-09-24T11:42:03+00:00
2641,210/be_004tg_6_55.jpg,210,san,wrong_class,199.0,,2026-09-24T11:42:03+00:00
2642,210/be_006tg_8_215.jpg,210,san,wrong_class,199.0,,2026-09-24T11:42:03+00:00
2643,210/be_008tg_7_59.jpg,210,san,wrong_class,199.0,,2026-09-24T11:42:03+00:00
2644,210/be_008sg_7_9.jpg,210,san,wrong_class,227.0,,2026-09-24T11:42:15+00:00
2645,210/be_008tg_6_82.jpg,210,san,drop,,,2026-09-24T11:42:26+00:00
2646,210/be_008tg_6_31.jpg,210,san,drop,,,2026-09-24T11:42:26+00:00
2647,210/be_018tg_9_122.jpg,210,san,wrong_class,199.0,,2026-09-24T11:43:37+00:00
2648,210/be_017tg_6_108.jpg,210,san,wrong_class,199.0,,2026-09-24T11:43:37+00:00
2649,210/be_001sg_2_109.jpg,210,san,wrong_class,199.0,,2026-09-24T11:43:37+00:00
2650,210/be_008tg_7_126.jpg,210,san,wrong_class,199.0,,2026-09-24T11:43:37+00:00
2651,210/be_015tg_1_109.jpg,210,san,wrong_class,199.0,,2026-09-24T11:43:37+00:00
2652,210/be_012tg_3_489.jpg,210,san,wrong_class,199.0,,2026-09-24T11:43:37+00:00
2653,210/be_014tg_2_65.jpg,210,san,wrong_class,199.0,,2026-09-24T11:43:37+00:00
2654,210/be_007tg_4_249.jpg,210,san,wrong_class,199.0,,2026-09-24T11:43:37+00:00
2655,210/be_007tg_7_371.jpg,210,san,wrong_class,199.0,,2026-09-24T11:43:37+00:00
2656,210/be_007tg_7_482.jpg,210,san,wrong_class,199.0,,2026-09-24T11:43:37+00:00
2657,210/be_018tg_7_63.jpg,210,san,wrong_class,199.0,,2026-09-24T11:43:37+00:00
2658,210/be_006tg_3_62.jpg,210,san,wrong_class,199.0,,2026-09-24T11:43:37+00:00
2659,210/be_017tg_6_458.jpg,210,san,wrong_class,199.0,,2026-09-24T11:43:37+00:00
2660,210/be_001sg_5_262.jpg,210,san,wrong_class,199.0,,2026-09-24T11:43:37+00:00
2661,210/be_017tg_6_373.jpg,210,san,wrong_class,199.0,,2026-09-24T11:43:37+00:00
2662,210/be_011tg_4_53.jpg,210,san,wrong_class,199.0,,2026-09-24T11:43:37+00:00
2663,210/be_016tg_8_282.jpg,210,san,wrong_class,199.0,,2026-09-24T11:43:37+00:00
2664,210/be_020tg_5_126.jpg,210,san,wrong_class,199.0,,2026-09-24T11:43:37+00:00
2665,210/be_001tg_2_141.jpg,210,san,wrong_class,199.0,,2026-09-24T11:43:37+00:00
2666,210/be_004tg_6_164.jpg,210,san,wrong_class,199.0,,2026-09-24T11:43:37+00:00
2667,210/be_015tg_1_182.jpg,210,san,wrong_class,199.0,,2026-09-24T11:43:37+00:00
2668,210/be_009tg_4_1.jpg,210,san,wrong_class,199.0,,2026-09-24T11:43:37+00:00
2669,210/be_009tg_2_251.jpg,210,san,wrong_class,199.0,,2026-09-24T11:43:37+00:00
2670,210/be_008tg_7_11.jpg,210,san,wrong_class,199.0,,2026-09-24T11:43:37+00:00
2671,210/be_007tg_4_199.jpg,210,san,wrong_class,199.0,,2026-09-24T11:43:37+00:00
2672,210/be_006tg_8_126.jpg,210,san,wrong_class,199.0,,2026-09-24T11:43:37+00:00
2673,210/be_001tg_2_341.jpg,210,san,wrong_class,199.0,,2026-09-24T11:43:37+00:00
2674,210/be_003tg_9_154.jpg,210,san,wrong_class,199.0,,2026-09-24T11:43:37+00:00
2675,210/be_020tg_2_456.jpg,210,san,wrong_class,199.0,,2026-09-24T11:43:37+00:00
2676,210/be_009tg_4_268.jpg,210,san,wrong_class,199.0,,2026-09-24T11:43:37+00:00
2677,210/be_013tg_2_120.jpg,210,san,wrong_class,199.0,,2026-09-24T11:43:37+00:00
2678,210/be_011tg_2_252.jpg,210,san,wrong_class,199.0,,2026-09-24T11:43:37+00:00
2679,210/be_001tg_5_56.jpg,210,san,wrong_class,199.0,,2026-09-24T11:43:37+00:00
2680,210/be_020tg_4_3.jpg,210,san,wrong_class,199.0,,2026-09-24T11:43:37+00:00
2681,210/be_001tg_2_72.jpg,210,san,wrong_class,199.0,,2026-09-24T11:43:37+00:00
2682,210/be_009tg_4_46.jpg,210,san,wrong_class,199.0,,2026-09-24T11:43:37+00:00
2683,210/be_001tg_5_269.jpg,210,san,wrong_class,199.0,,2026-09-24T11:43:37+00:00
2684,210/be_001tg_2_259.jpg,210,san,wrong_class,199.0,,2026-09-24T11:43:37+00:00
2685,210/be_001tg_2_199.jpg,210,san,wrong_class,199.0,,2026-09-24T11:43:37+00:00
2686,210/be_016tg_9_182.jpg,210,san,wrong_class,199.0,,2026-09-24T11:43:37+00:00
2687,170/be_006sg_4_84.jpg,170,งง,wrong_class,162.0,,2026-09-24T12:09:06+00:00
2688,170/bc_008sg_8_261.jpg,170,งง,wrong_class,162.0,,2026-09-24T12:09:06+00:00
2689,170/bl_001tg_1_8.jpg,170,งง,wrong_class,162.0,,2026-09-24T12:09:06+00:00
2690,170/bl_001sg_8_321.jpg,170,งง,wrong_class,162.0,,2026-09-24T12:09:06+00:00
2691,170/bc_008sg_8_261.jpg,170,งง,clear,,,2026-09-24T12:09:34+00:00
2692,236/be_008sg_6_50.jpg,236,งง,drop,,,2026-09-24T12:12:38+00:00
2693,236/ce_001sg_2_131.jpg,236,งง,drop,,,2026-09-24T12:13:36+00:00
2694,236/be_008sg_6_50.jpg,236,งง,drop,,,2026-09-24T12:13:36+00:00
2695,236/be_008sg_6_41.jpg,236,งง,drop,,,2026-09-24T12:13:36+00:00
2696,233/bc_009sg_1_17.jpg,233,งง,wrong_class,209.0,,2026-09-24T12:15:41+00:00
2697,233/bc_009sg_1_17.jpg,233,งง,wrong_class,209.0,,2026-09-24T12:16:26+00:00
2698,233/bc_013sg_5_7.jpg,233,งง,wrong_class,209.0,,2026-09-24T12:16:52+00:00
2699,233/bc_013sg_5_7.jpg,233,งง,unsure,,,2026-09-24T12:17:17+00:00
2700,233/bc_020sg_4_278.jpg,233,งง,unsure,,,2026-09-24T12:17:17+00:00
2701,233/bc_013sg_5_7.jpg,233,งง,wrong_class,209.0,,2026-09-24T12:17:36+00:00
2702,233/bc_013sg_5_7.jpg,233,งง,wrong_class,209.0,,2026-09-24T12:18:42+00:00
2703,233/bc_013sg_5_16.jpg,233,งง,wrong_class,209.0,,2026-09-24T12:18:42+00:00
2704,233/bc_020sg_4_227.jpg,233,งง,wrong_class,209.0,,2026-09-24T12:18:42+00:00
2705,233/bc_009sg_1_17.jpg,233,งง,wrong_class,209.0,,2026-09-24T12:18:42+00:00
2706,233/bc_014sg_3_357.jpg,233,งง,wrong_class,209.0,,2026-09-24T12:18:42+00:00
2707,233/bc_014sg_3_357.jpg,233,งง,unsure,,,2026-09-24T12:19:26+00:00
2708,233/bc_013sg_5_16.jpg,233,งง,unsure,,,2026-09-24T12:19:26+00:00
2709,233/bc_013sg_5_16.jpg,233,งง,wrong_class,209.0,,2026-09-24T12:20:06+00:00
2710,233/bc_014sg_6_318.jpg,233,งง,wrong_class,209.0,,2026-09-24T12:20:06+00:00
2711,233/bc_014sg_6_318.jpg,233,งง,wrong_class,209.0,,2026-09-24T12:20:49+00:00
2712,233/bc_015sg_3_122.jpg,233,งง,wrong_class,209.0,,2026-09-24T12:20:49+00:00
2713,233/bc_015sg_3_122.jpg,233,งง,wrong_class,209.0,,2026-09-24T12:21:14+00:00
2714,233/bc_016sg_7_18.jpg,233,งง,wrong_class,209.0,,2026-09-24T12:21:14+00:00
2715,233/bc_013tg_3_30.jpg,233,งง,drop,,,2026-09-24T12:21:55+00:00
2716,233/bc_013tg_3_30.jpg,233,งง,wrong_class,209.0,,2026-09-24T12:22:29+00:00
2717,233/bc_015tg_3_377.jpg,233,งง,wrong_class,209.0,,2026-09-24T12:22:29+00:00
2718,233/bc_010sg_5_7.jpg,233,งง,clear,,,2026-09-24T12:23:20+00:00
2719,233/bc_015tg_3_377.jpg,233,งง,drop,,,2026-09-24T12:24:30+00:00
2720,233/bc_013tg_3_30.jpg,233,งง,drop,,,2026-09-24T12:24:30+00:00
2721,233/bc_013tg_3_30.jpg,233,งง,wrong_class,209.0,,2026-09-24T12:25:21+00:00
2722,233/be_001sg_5_159.jpg,233,งง,wrong_class,209.0,,2026-09-24T12:25:21+00:00
2723,233/bc_013tg_3_30.jpg,233,งง,drop,,,2026-09-24T12:26:01+00:00
2724,233/bc_014tg_5_481.jpg,233,งง,wrong_class,209.0,,2026-09-24T12:26:52+00:00
2725,233/bc_013sg_5_16.jpg,233,งง,clear,,,2026-09-24T12:27:36+00:00
2726,233/bc_013sg_5_7.jpg,233,งง,clear,,,2026-09-24T12:27:59+00:00
2727,233/bc_014sg_3_357.jpg,233,งง,wrong_class,209.0,,2026-09-24T12:28:24+00:00
2728,233/bc_016tg_4_18.jpg,233,งง,wrong_class,209.0,,2026-09-24T12:29:09+00:00
2729,233/bc_015tg_3_377.jpg,233,งง,wrong_class,209.0,,2026-09-24T12:29:36+00:00
2730,233/bc_016tg_3_257.jpg,233,งง,wrong_class,209.0,,2026-09-24T12:30:40+00:00
2731,233/bc_014tg_5_39.jpg,233,งง,wrong_class,209.0,,2026-09-24T12:31:51+00:00
2732,231/bc_014sg_6_328.jpg,231,งง,clear,,,2026-09-24T12:34:32+00:00
2733,231/bc_011sg_3_485.jpg,231,งง,clear,,,2026-09-24T12:34:32+00:00
2734,231/bc_008sg_8_312.jpg,231,งง,clear,,,2026-09-24T12:34:38+00:00
2735,231/bc_008tg_14_60.jpg,231,งง,clear,,,2026-09-24T12:34:42+00:00
2736,231/bc_008sg_6_214.jpg,231,งง,clear,,,2026-09-24T12:34:46+00:00
2737,231/bc_011sg_3_171.jpg,231,งง,clear,,,2026-09-24T12:34:49+00:00
2738,231/bc_009sg_2_131.jpg,231,งง,clear,,,2026-09-24T12:34:58+00:00
2739,231/bc_011sg_6_18.jpg,231,งง,clear,,,2026-09-24T12:35:02+00:00
2740,231/bc_014sg_6_20.jpg,231,งง,clear,,,2026-09-24T12:35:09+00:00
2741,231/bc_006sg_3_68.jpg,231,งง,clear,,,2026-09-24T12:35:21+00:00
2742,231/bc_014sg_6_420.jpg,231,งง,clear,,,2026-09-24T12:35:21+00:00
2743,231/bc_014sg_6_293.jpg,231,งง,clear,,,2026-09-24T12:35:21+00:00
2744,231/bc_006sg_6_276.jpg,231,งง,clear,,,2026-09-24T12:35:49+00:00
2745,231/bc_007tg_3_20.jpg,231,งง,clear,,,2026-09-24T12:35:49+00:00
2746,231/bc_007sg_6_305.jpg,231,งง,clear,,,2026-09-24T12:35:49+00:00
2747,231/bc_005sg_8_62.jpg,231,งง,clear,,,2026-09-24T12:35:49+00:00
2748,231/bc_011tg_6_77.jpg,231,งง,clear,,,2026-09-24T12:35:49+00:00
2749,231/bc_007sg_3_18.jpg,231,งง,clear,,,2026-09-24T12:35:49+00:00
2750,231/bc_006sg_6_242.jpg,231,งง,clear,,,2026-09-24T12:35:49+00:00
2751,231/bc_009sg_2_161.jpg,231,งง,clear,,,2026-09-24T12:35:49+00:00
2752,231/bc_014sg_6_418.jpg,231,งง,clear,,,2026-09-24T12:36:00+00:00
2753,231/bc_005sg_4_225.jpg,231,งง,clear,,,2026-09-24T12:36:00+00:00
2754,231/bc_001sg_3_141.jpg,231,งง,clear,,,2026-09-24T12:36:00+00:00
2755,231/bc_002sg_3_38.jpg,231,งง,clear,,,2026-09-24T12:36:00+00:00
2756,231/bc_007sg_3_162.jpg,231,งง,clear,,,2026-09-24T12:36:00+00:00
2757,228/bc_020tg_4_486.jpg,228,งง,wrong_class,227.0,,2026-09-24T12:37:58+00:00
2758,226/bc_016sg_5_226.jpg,226,งง,wrong_class,227.0,,2026-09-24T12:39:07+00:00
2759,226/bc_017sg_3_147.jpg,226,งง,wrong_class,227.0,,2026-09-24T12:39:07+00:00
2760,226/be_004sg_4_137.jpg,226,งง,drop,,,2026-09-24T12:39:17+00:00
2761,210/be_013tg_6_87.jpg,210,งเาะ,flag,,,2026-09-24T12:39:38+00:00
2762,210/be_013tg_6_87.jpg,210,งเาะ,clear,,,2026-09-24T12:39:40+00:00
2763,210/be_013tg_6_87.jpg,210,งเาะ,ok,,,2026-09-24T12:39:59+00:00
2764,210/bc_005sg_4_491.jpg,210,งเาะ,ok,,,2026-09-24T12:40:09+00:00
2765,210/be_013sg_6_142.jpg,210,งเาะ,ok,,,2026-09-24T12:40:12+00:00
2766,210/bl_003tg_3_225.jpg,210,งเาะ,ok,,,2026-09-24T12:40:16+00:00
2767,210/be_008sg_6_89.jpg,210,งเาะ,ok,,,2026-09-24T12:40:19+00:00
2768,210/bc_015sg_3_473.jpg,210,งเาะ,ok,,,2026-09-24T12:40:22+00:00
2769,210/bc_011sg_5_4.jpg,210,งเาะ,ok,,,2026-09-24T12:40:25+00:00
2770,210/be_002sg_10_112.jpg,210,งเาะ,ok,,,2026-09-24T12:40:27+00:00
2771,210/be_007tg_6_374.jpg,210,งเาะ,ok,,,2026-09-24T12:40:29+00:00
2772,210/be_017sg_3_21.jpg,210,งเาะ,ok,,,2026-09-24T12:40:35+00:00
2773,210/be_007tg_4_143.jpg,210,งเาะ,ok,,,2026-09-24T12:40:35+00:00
2774,210/be_017sg_3_21.jpg,210,งเาะ,ok,,,2026-09-24T12:40:42+00:00
2775,210/be_011sg_3_4.jpg,210,งเาะ,ok,,,2026-09-24T12:40:42+00:00
2776,210/be_003tg_7_3.jpg,210,งเาะ,ok,,,2026-09-24T12:40:44+00:00
2777,210/be_018tg_11_8.jpg,210,งเาะ,ok,,,2026-09-24T12:40:46+00:00
2778,210/bl_003sg_7_42.jpg,210,งเาะ,ok,,,2026-09-24T12:40:51+00:00
2779,210/be_002tg_10_129.jpg,210,งเาะ,ok,,,2026-09-24T12:40:51+00:00
2780,210/bl_001tg_8_368.jpg,210,งเาะ,ok,,,2026-09-24T12:40:55+00:00
2781,210/be_018sg_3_117.jpg,210,งเาะ,ok,,,2026-09-24T12:40:55+00:00
2782,210/be_018sg_3_347.jpg,210,งเาะ,ok,,,2026-09-24T12:40:58+00:00
2783,210/be_012tg_4_192.jpg,210,งเาะ,ok,,,2026-09-24T12:41:00+00:00
2784,210/be_007sg_6_379.jpg,210,งเาะ,ok,,,2026-09-24T12:41:02+00:00
2785,210/bc_014sg_3_71.jpg,210,งเาะ,ok,,,2026-09-24T12:41:04+00:00
2786,210/be_018sg_3_60.jpg,210,งเาะ,ok,,,2026-09-24T12:41:06+00:00
2787,210/be_016tg_11_235.jpg,210,งเาะ,ok,,,2026-09-24T12:41:18+00:00
2788,210/be_008sg_5_74.jpg,210,งเาะ,ok,,,2026-09-24T12:41:20+00:00
2789,210/bc_008sg_3_7.jpg,210,งเาะ,ok,,,2026-09-24T12:41:22+00:00
2790,210/be_011sg_2_27.jpg,210,งเาะ,ok,,,2026-09-24T12:41:23+00:00
2791,210/be_004sg_2_22.jpg,210,งเาะ,ok,,,2026-09-24T12:41:28+00:00
2792,210/be_005sg_4_214.jpg,210,งเาะ,ok,,,2026-09-24T12:41:28+00:00
2793,210/be_002sg_6_190.jpg,210,งเาะ,ok,,,2026-09-24T12:41:28+00:00
2794,210/be_018sg_11_21.jpg,210,งเาะ,ok,,,2026-09-24T12:41:28+00:00
2795,210/be_016sg_10_193.jpg,210,งเาะ,ok,,,2026-09-24T12:41:45+00:00
2796,210/be_016sg_8_25.jpg,210,งเาะ,ok,,,2026-09-24T12:41:45+00:00
2797,210/be_017sg_4_254.jpg,210,งเาะ,ok,,,2026-09-24T12:41:45+00:00
2798,210/be_002tg_7_321.jpg,210,งเาะ,ok,,,2026-09-24T12:41:45+00:00
2799,210/bc_004tg_3_116.jpg,210,งเาะ,ok,,,2026-09-24T12:41:45+00:00
2800,210/be_015sg_2_165.jpg,210,งเาะ,ok,,,2026-09-24T12:41:45+00:00
2801,210/bc_010tg_5_23.jpg,210,งเาะ,ok,,,2026-09-24T12:41:45+00:00
2802,210/be_020sg_5_37.jpg,210,งเาะ,ok,,,2026-09-24T12:41:45+00:00
2803,210/be_011sg_2_333.jpg,210,งเาะ,ok,,,2026-09-24T12:41:45+00:00
2804,210/bl_006tg_8_486.jpg,210,งเาะ,ok,,,2026-09-24T12:41:45+00:00
2805,210/be_007sg_3_142.jpg,210,งเาะ,ok,,,2026-09-24T12:41:45+00:00
2806,210/be_007sg_6_359.jpg,210,งเาะ,ok,,,2026-09-24T12:41:45+00:00
2807,210/bc_012tg_4_299.jpg,210,งเาะ,ok,,,2026-09-24T12:41:45+00:00
2808,210/be_002sg_7_103.jpg,210,งเาะ,ok,,,2026-09-24T12:41:45+00:00
2809,210/bc_011tg_5_4.jpg,210,งเาะ,ok,,,2026-09-24T12:41:45+00:00
2810,210/be_002sg_9_195.jpg,210,งเาะ,ok,,,2026-09-24T12:41:45+00:00
2811,210/be_019sg_8_167.jpg,210,งเาะ,ok,,,2026-09-24T12:42:05+00:00
2812,210/bc_004sg_5_21.jpg,210,งเาะ,ok,,,2026-09-24T12:42:05+00:00
2813,210/bc_019sg_3_79.jpg,210,งเาะ,ok,,,2026-09-24T12:42:05+00:00
2814,210/bc_020sg_3_270.jpg,210,งเาะ,ok,,,2026-09-24T12:42:05+00:00
2815,210/be_008sg_5_115.jpg,210,งเาะ,ok,,,2026-09-24T12:42:05+00:00
2816,210/bc_001sg_3_144.jpg,210,งเาะ,ok,,,2026-09-24T12:42:05+00:00
2817,210/bc_007sg_9_100.jpg,210,งเาะ,ok,,,2026-09-24T12:42:05+00:00
2818,210/be_011sg_1_90.jpg,210,งเาะ,ok,,,2026-09-24T12:42:05+00:00
2819,210/be_002sg_6_68.jpg,210,งเาะ,ok,,,2026-09-24T12:42:05+00:00
2820,210/bl_009tg_1_17.jpg,210,งเาะ,ok,,,2026-09-24T12:42:05+00:00
2821,210/be_012sg_3_418.jpg,210,งเาะ,ok,,,2026-09-24T12:42:05+00:00
2822,210/be_019tg_3_262.jpg,210,งเาะ,ok,,,2026-09-24T12:42:05+00:00
2823,210/be_013sg_1_447.jpg,210,งเาะ,ok,,,2026-09-24T12:42:05+00:00
2824,210/bc_001tg_8_262.jpg,210,งเาะ,ok,,,2026-09-24T12:42:05+00:00
2825,210/be_015sg_2_279.jpg,210,งเาะ,ok,,,2026-09-24T12:42:05+00:00
2826,210/be_011sg_2_471.jpg,210,งเาะ,ok,,,2026-09-24T12:42:05+00:00
2827,210/be_003tg_6_19.jpg,210,งเาะ,ok,,,2026-09-24T12:42:05+00:00
2828,210/be_002sg_9_465.jpg,210,งเาะ,ok,,,2026-09-24T12:42:05+00:00
2829,210/bc_007tg_9_155.jpg,210,งเาะ,ok,,,2026-09-24T12:42:05+00:00
2830,210/be_020sg_5_48.jpg,210,งเาะ,ok,,,2026-09-24T12:42:05+00:00
2831,210/bc_005tg_4_121.jpg,210,งเาะ,ok,,,2026-09-24T12:42:05+00:00
2832,210/be_003tg_2_62.jpg,210,งเาะ,ok,,,2026-09-24T12:42:05+00:00
2833,210/bc_020tg_4_245.jpg,210,งเาะ,drop,,,2026-09-24T12:42:12+00:00
2834,215/bc_001tg_8_72.jpg,215,งง,wrong_class,213.0,,2026-09-24T12:42:36+00:00
2835,210/be_003sg_7_198.jpg,210,งเาะ,ok,,,2026-09-24T12:43:05+00:00
2836,210/be_005sg_2_154.jpg,210,งเาะ,ok,,,2026-09-24T12:43:05+00:00
2837,210/be_015sg_1_343.jpg,210,งเาะ,ok,,,2026-09-24T12:43:05+00:00
2838,210/be_018sg_3_387.jpg,210,งเาะ,ok,,,2026-09-24T12:43:05+00:00
2839,210/be_004tg_6_212.jpg,210,งเาะ,ok,,,2026-09-24T12:43:05+00:00
2840,210/bl_007tg_8_197.jpg,210,งเาะ,ok,,,2026-09-24T12:43:05+00:00
2841,210/be_019sg_3_214.jpg,210,งเาะ,ok,,,2026-09-24T12:43:05+00:00
2842,210/bc_004tg_3_114.jpg,210,งเาะ,ok,,,2026-09-24T12:43:05+00:00
2843,210/bl_001sg_3_151.jpg,210,งเาะ,ok,,,2026-09-24T12:43:05+00:00
2844,210/be_020sg_6_150.jpg,210,งเาะ,ok,,,2026-09-24T12:43:05+00:00
2845,210/bc_012tg_6_23.jpg,210,งเาะ,ok,,,2026-09-24T12:43:05+00:00
2846,210/be_009tg_2_142.jpg,210,งเาะ,ok,,,2026-09-24T12:43:05+00:00
2847,210/be_016tg_9_236.jpg,210,งเาะ,ok,,,2026-09-24T12:43:05+00:00
2848,210/bl_008tg_1_68.jpg,210,งเาะ,ok,,,2026-09-24T12:43:05+00:00
2849,210/be_015sg_2_197.jpg,210,งเาะ,ok,,,2026-09-24T12:43:05+00:00
2850,210/be_011sg_6_63.jpg,210,งเาะ,ok,,,2026-09-24T12:43:05+00:00
2851,210/bl_012sg_3_7.jpg,210,งเาะ,ok,,,2026-09-24T12:43:05+00:00
2852,210/be_020sg_5_136.jpg,210,งเาะ,drop,,,2026-09-24T12:43:17+00:00
2853,210/bl_001sg_4_1.jpg,210,งเาะ,drop,,,2026-09-24T12:43:17+00:00
2854,210/bc_005sg_1_12.jpg,210,งเาะ,unsure,,,2026-09-24T12:43:31+00:00
2855,210/be_007sg_3_34.jpg,210,งเาะ,unsure,,,2026-09-24T12:43:31+00:00
2856,210/be_003sg_4_439.jpg,210,งเาะ,ok,,,2026-09-24T12:44:07+00:00
2857,210/be_012sg_3_236.jpg,210,งเาะ,ok,,,2026-09-24T12:44:07+00:00
2858,210/bl_010tg_6_342.jpg,210,งเาะ,ok,,,2026-09-24T12:44:07+00:00
2859,210/be_003sg_4_181.jpg,210,งเาะ,ok,,,2026-09-24T12:44:07+00:00
2860,210/ce_001sg_2_79.jpg,210,งเาะ,ok,,,2026-09-24T12:44:07+00:00
2861,210/be_017tg_6_202.jpg,210,งเาะ,ok,,,2026-09-24T12:44:07+00:00
2862,210/be_004sg_7_100.jpg,210,งเาะ,ok,,,2026-09-24T12:44:07+00:00
2863,210/be_013tg_2_262.jpg,210,งเาะ,ok,,,2026-09-24T12:44:07+00:00
2864,210/bc_001sg_9_19.jpg,210,งเาะ,ok,,,2026-09-24T12:44:07+00:00
2865,210/be_020tg_3_1.jpg,210,งเาะ,ok,,,2026-09-24T12:44:07+00:00
2866,210/be_013sg_1_150.jpg,210,งเาะ,ok,,,2026-09-24T12:44:07+00:00
2867,210/bl_001tg_9_339.jpg,210,งเาะ,ok,,,2026-09-24T12:44:07+00:00
2868,210/be_011sg_5_92.jpg,210,งเาะ,ok,,,2026-09-24T12:44:07+00:00
2869,210/be_004sg_2_62.jpg,210,งเาะ,ok,,,2026-09-24T12:44:07+00:00
2870,210/be_018sg_7_186.jpg,210,งเาะ,ok,,,2026-09-24T12:44:07+00:00
2871,210/bc_001sg_9_306.jpg,210,งเาะ,ok,,,2026-09-24T12:44:07+00:00
2872,210/be_013sg_1_410.jpg,210,งเาะ,ok,,,2026-09-24T12:44:07+00:00
2873,210/be_006sg_3_437.jpg,210,งเาะ,ok,,,2026-09-24T12:44:07+00:00
2874,210/bl_005sg_7_71.jpg,210,งเาะ,drop,,,2026-09-24T12:44:12+00:00
2875,210/be_014sg_2_300.jpg,210,งเาะ,drop,,,2026-09-24T12:44:12+00:00
2876,210/bc_001sg_9_190.jpg,210,งเาะ,unsure,,,2026-09-24T12:44:20+00:00
2877,210/be_014sg_4_120.jpg,210,งเาะ,unsure,,,2026-09-24T12:44:20+00:00
2878,210/bl_011sg_4_280.jpg,210,งเาะ,ok,,,2026-09-24T12:45:11+00:00
2879,210/be_018tg_8_15.jpg,210,งเาะ,ok,,,2026-09-24T12:45:11+00:00
2880,210/bc_008tg_8_277.jpg,210,งเาะ,ok,,,2026-09-24T12:45:11+00:00
2881,210/be_002sg_9_31.jpg,210,งเาะ,ok,,,2026-09-24T12:45:11+00:00
2882,210/bc_020sg_4_38.jpg,210,งเาะ,ok,,,2026-09-24T12:45:11+00:00
2883,210/be_016tg_11_12.jpg,210,งเาะ,ok,,,2026-09-24T12:45:11+00:00
2884,210/bc_005sg_7_19.jpg,210,งเาะ,ok,,,2026-09-24T12:45:11+00:00
2885,210/bc_012sg_4_312.jpg,210,งเาะ,ok,,,2026-09-24T12:45:11+00:00
2886,210/be_002tg_10_116.jpg,210,งเาะ,ok,,,2026-09-24T12:45:11+00:00
2887,210/be_002tg_7_317.jpg,210,งเาะ,ok,,,2026-09-24T12:45:11+00:00
2888,210/bc_008sg_11_146.jpg,210,งเาะ,ok,,,2026-09-24T12:45:11+00:00
2889,210/bc_008sg_11_232.jpg,210,งเาะ,ok,,,2026-09-24T12:45:11+00:00
2890,210/bc_008sg_14_54.jpg,210,งเาะ,ok,,,2026-09-24T12:45:11+00:00
2891,210/bc_006tg_3_383.jpg,210,งเาะ,ok,,,2026-09-24T12:45:11+00:00
2892,210/be_016sg_11_114.jpg,210,งเาะ,ok,,,2026-09-24T12:45:11+00:00
2893,210/bl_012sg_3_55.jpg,210,งเาะ,ok,,,2026-09-24T12:45:11+00:00
2894,210/bc_002tg_3_81.jpg,210,งเาะ,ok,,,2026-09-24T12:45:11+00:00
2895,213/be_020tg_6_468.jpg,213,งง,wrong_class,215.0,,2026-09-24T12:45:29+00:00
2896,213/bl_003sg_7_156.jpg,213,งง,wrong_class,215.0,,2026-09-24T12:45:52+00:00
2897,213/be_012sg_4_488.jpg,213,งง,wrong_class,215.0,,2026-09-24T12:45:52+00:00
2898,210/be_016tg_9_124.jpg,210,งเาะ,unsure,,,2026-09-24T12:46:07+00:00
2899,210/bc_017sg_6_1.jpg,210,งเาะ,unsure,,,2026-09-24T12:46:07+00:00
2900,210/bc_009sg_1_6.jpg,210,งเาะ,unsure,,,2026-09-24T12:46:07+00:00
2901,210/Copy of bc_008tg_8_312.jpg,210,งง,wrong_class,168.0,,2026-09-24T12:46:59+00:00
2902,210/bc_020tg_3_117.jpg,210,งง,wrong_class,168.0,,2026-09-24T12:46:59+00:00
2903,210/Copy of bc_008tg_11_118.jpg,210,งง,wrong_class,168.0,,2026-09-24T12:46:59+00:00
2904,210/Copy of bc_008tg_11_3.jpg,210,งง,wrong_class,168.0,,2026-09-24T12:46:59+00:00
2905,210/Copy of bc_008tg_11_31.jpg,210,งง,wrong_class,168.0,,2026-09-24T12:46:59+00:00
2906,210/Copy of bc_008tg_11_168.jpg,210,งง,wrong_class,168.0,,2026-09-24T12:46:59+00:00
2907,210/be_006tg_1_330.jpg,210,งง,wrong_class,229.0,,2026-09-24T12:47:31+00:00
2908,210/be_002tg_6_129.jpg,210,งง,wrong_class,229.0,,2026-09-24T12:47:31+00:00
2909,210/be_016tg_8_440.jpg,210,งง,wrong_class,229.0,,2026-09-24T12:47:43+00:00
2910,210/be_020sg_4_85.jpg,210,งง,wrong_class,229.0,,2026-09-24T12:48:12+00:00
2911,210/be_018sg_6_186.jpg,210,งง,wrong_class,199.0,,2026-09-24T12:48:50+00:00
2912,210/be_006tg_3_155.jpg,210,งง,wrong_class,199.0,,2026-09-24T12:48:50+00:00
2913,210/be_002sg_5_89.jpg,210,งง,wrong_class,199.0,,2026-09-24T12:48:50+00:00
2914,210/be_018tg_3_436.jpg,210,งง,wrong_class,199.0,,2026-09-24T12:48:50+00:00
2915,210/be_016tg_10_157.jpg,210,งง,wrong_class,199.0,,2026-09-24T12:48:50+00:00
2916,210/be_018sg_6_275.jpg,210,งง,wrong_class,199.0,,2026-09-24T12:48:50+00:00
2917,210/be_007tg_7_243.jpg,210,งง,wrong_class,199.0,,2026-09-24T12:48:50+00:00
2918,210/be_018sg_6_275.jpg,210,งง,clear,,,2026-09-24T12:49:12+00:00
2919,209/bc_002sg_7_68.jpg,209,งง,wrong_class,233.0,,2026-09-24T12:51:48+00:00
2920,209/bc_002sg_5_217.jpg,209,งง,wrong_class,233.0,,2026-09-24T12:51:48+00:00
2921,209/be_002tg_10_162.jpg,209,งง,wrong_class,233.0,,2026-09-24T12:51:48+00:00
2922,209/bc_004sg_4_239.jpg,209,งง,wrong_class,233.0,,2026-09-24T12:51:48+00:00
2923,209/bl_005tg_7_92.jpg,209,งง,wrong_class,233.0,,2026-09-24T12:51:48+00:00
2924,209/bc_002tg_4_187.jpg,209,งง,wrong_class,233.0,,2026-09-24T12:51:48+00:00
2925,209/bc_017sg_5_48.jpg,209,งง,wrong_class,233.0,,2026-09-24T12:51:48+00:00
2926,209/be_016sg_9_337.jpg,209,งง,clear,,,2026-09-24T12:52:22+00:00
2927,209/be_016sg_9_337.jpg,209,งง,wrong_class,233.0,,2026-09-24T12:52:56+00:00
2928,209/bc_017sg_5_489.jpg,209,งง,wrong_class,233.0,,2026-09-24T12:52:56+00:00
2929,209/bc_014sg_3_353.jpg,209,งง,wrong_class,233.0,,2026-09-24T12:52:56+00:00
2930,209/bc_004sg_3_63.jpg,209,งง,wrong_class,233.0,,2026-09-24T12:54:04+00:00
2931,209/bc_005tg_7_135.jpg,209,งง,wrong_class,233.0,,2026-09-24T12:54:04+00:00
2932,209/bc_014sg_3_205.jpg,209,งง,wrong_class,233.0,,2026-09-24T12:54:04+00:00
2933,209/bc_012sg_2_300.jpg,209,งง,wrong_class,233.0,,2026-09-24T12:54:04+00:00
2934,209/bc_006tg_3_439.jpg,209,งง,wrong_class,233.0,,2026-09-24T12:54:04+00:00
2935,209/be_012sg_4_487.jpg,209,งง,wrong_class,233.0,,2026-09-24T12:54:04+00:00
2936,209/bl_002sg_10_132.jpg,209,งง,wrong_class,233.0,,2026-09-24T12:54:04+00:00
2937,209/bc_007sg_5_159.jpg,209,งง,wrong_class,233.0,,2026-09-24T12:54:04+00:00
2938,209/bc_017sg_2_27.jpg,209,งง,wrong_class,233.0,,2026-09-24T12:54:04+00:00
2939,209/bl_003sg_7_412.jpg,209,งง,wrong_class,233.0,,2026-09-24T12:55:09+00:00
2940,209/bc_020tg_3_210.jpg,209,งง,wrong_class,233.0,,2026-09-24T12:55:09+00:00
2941,209/bc_002tg_8_255.jpg,209,งง,wrong_class,233.0,,2026-09-24T12:55:09+00:00
2942,209/bc_007tg_6_250.jpg,209,งง,wrong_class,233.0,,2026-09-24T12:55:09+00:00
2943,209/bc_020tg_3_210.jpg,209,งง,clear,,,2026-09-24T12:55:22+00:00
2944,209/bl_004sg_11_238.jpg,209,งง,wrong_class,233.0,,2026-09-24T12:55:54+00:00
2945,209/bc_002tg_10_28.jpg,209,งง,wrong_class,233.0,,2026-09-24T12:56:26+00:00
2946,209/bl_001sg_8_311.jpg,209,งง,wrong_class,233.0,,2026-09-24T12:56:26+00:00
2947,209/bl_007tg_1_4.jpg,209,งง,drop,,,2026-09-24T12:57:30+00:00
2948,205/bc_008tg_14_90.jpg,205,งง,wrong_class,164.0,,2026-09-24T12:59:39+00:00
2949,205/bc_002tg_8_155.jpg,205,งง,wrong_class,197.0,,2026-09-24T12:59:52+00:00
2950,205/bc_005sg_4_480.jpg,205,งง,wrong_class,180.0,,2026-09-24T13:00:16+00:00
2951,205/bc_007tg_3_138.jpg,205,งง,wrong_class,180.0,,2026-09-24T13:00:16+00:00
2952,205/bl_008sg_3_172.jpg,205,งง,wrong_class,197.0,,2026-09-24T13:00:35+00:00
2953,205/bc_002tg_5_142.jpg,205,งง,wrong_class,197.0,,2026-09-24T13:00:35+00:00
2954,205/be_005sg_4_125.jpg,205,งง,wrong_class,164.0,,2026-09-24T13:01:12+00:00
2955,205/be_011tg_5_423.jpg,205,งง,ok,,,2026-09-24T13:01:54+00:00
2956,202/bc_014sg_3_45.jpg,202,งง,wrong_class,197.0,,2026-09-24T13:04:01+00:00
2957,202/bc_019sg_6_249.jpg,202,งง,wrong_class,197.0,,2026-09-24T13:04:01+00:00
2958,197/bl_009sg_2_18.jpg,197,งง,drop,,,2026-09-24T13:07:04+00:00
2959,195/bc_015sg_3_112.jpg,195,งง,wrong_class,232.0,,2026-09-24T13:09:06+00:00
2960,194/bl_003sg_3_112.jpg,194,งง,wrong_class,209.0,,2026-09-24T13:11:33+00:00
2961,186/bc_020sg_3_365.jpg,186,งง,ok,,,2026-09-24T13:16:49+00:00
2962,186/be_016sg_9_44.jpg,186,งง,ok,,,2026-09-24T13:16:49+00:00
2963,186/bc_020sg_3_365.jpg,186,งง,clear,,,2026-09-24T13:16:57+00:00
2964,186/bc_020tg_7_110.jpg,186,งง,unsure,,,2026-09-24T13:19:51+00:00
2965,181/be_015sg_1_106.jpg,181,งง,wrong_class,180.0,,2026-09-24T13:21:51+00:00
2966,181/be_014sg_2_483.jpg,181,งง,wrong_class,180.0,,2026-09-24T13:21:51+00:00
2967,181/be_007sg_7_34.jpg,181,งง,wrong_class,180.0,,2026-09-24T13:21:51+00:00
2968,181/be_015sg_2_152.jpg,181,งง,wrong_class,180.0,,2026-09-24T13:21:51+00:00
2969,181/bc_017sg_3_261.jpg,181,งง,wrong_class,180.0,,2026-09-24T13:21:51+00:00
2970,181/bl_009sg_3_118.jpg,181,งง,wrong_class,164.0,,2026-09-24T13:22:03+00:00
2971,181/be_015sg_2_173.jpg,181,งง,wrong_class,180.0,,2026-09-24T13:22:27+00:00
2972,181/be_007sg_5_18.jpg,181,งง,wrong_class,180.0,,2026-09-24T13:22:27+00:00
2973,181/bl_011sg_4_338.jpg,181,งง,wrong_class,164.0,,2026-09-24T13:22:38+00:00
2974,181/be_014sg_3_221.jpg,181,งง,unsure,,,2026-09-24T13:23:01+00:00
2975,181/be_012sg_4_229.jpg,181,งง,wrong_class,180.0,,2026-09-24T13:23:51+00:00
2976,181/be_011sg_2_330.jpg,181,งง,wrong_class,180.0,,2026-09-24T13:23:51+00:00
2977,181/be_011sg_1_42.jpg,181,งง,wrong_class,180.0,,2026-09-24T13:23:51+00:00
2978,181/be_013tg_3_23.jpg,181,งง,wrong_class,180.0,,2026-09-24T13:23:51+00:00
2979,181/be_014sg_2_341.jpg,181,งง,ok,,,2026-09-24T13:23:58+00:00
2980,181/bl_011tg_4_198.jpg,181,งง,wrong_class,164.0,,2026-09-24T13:24:47+00:00
2981,180/bc_007sg_6_291.jpg,180,งง,wrong_class,164.0,,2026-09-24T13:28:06+00:00
2982,180/be_003sg_9_106.jpg,180,งง,wrong_class,181.0,,2026-09-24T13:28:21+00:00
2983,180/be_007sg_7_311.jpg,180,งง,wrong_class,181.0,,2026-09-24T13:28:21+00:00
2984,180/be_004sg_5_36.jpg,180,งง,wrong_class,181.0,,2026-09-24T13:30:44+00:00
2985,180/be_019sg_8_131.jpg,180,งง,wrong_class,181.0,,2026-09-24T13:30:44+00:00
2986,180/bc_015sg_5_205.jpg,180,งง,wrong_class,181.0,,2026-09-24T13:31:52+00:00
2987,170/bl_005tg_9_239.jpg,170,งง,clear,,,2026-09-24T13:38:52+00:00
2988,170/bc_008sg_11_112.jpg,170,งง,clear,,,2026-09-24T13:38:52+00:00
2989,170/bc_008sg_1_37.jpg,170,งง,clear,,,2026-09-24T13:38:52+00:00
2990,170/bl_004sg_7_119.jpg,170,งง,clear,,,2026-09-24T13:38:52+00:00
2991,210/bl_003tg_5_163.jpg,210,งง,wrong_class,168.0,,2026-09-24T13:43:45+00:00
2992,210/be_008tg_7_223.jpg,210,งง,wrong_class,199.0,,2026-09-24T13:44:20+00:00
2993,210/be_015sg_1_182.jpg,210,งง,wrong_class,199.0,,2026-09-24T13:44:20+00:00
2994,210/be_020tg_5_254.jpg,210,งง,wrong_class,199.0,,2026-09-24T13:44:20+00:00
2995,210/be_006tg_3_336.jpg,210,งง,wrong_class,199.0,,2026-09-24T13:44:20+00:00
2996,210/be_020tg_6_231.jpg,210,งง,wrong_class,199.0,,2026-09-24T13:44:20+00:00
2997,210/be_001tg_5_67.jpg,210,งง,wrong_class,199.0,,2026-09-24T13:44:20+00:00
2998,210/be_017tg_6_14.jpg,210,งง,wrong_class,199.0,,2026-09-24T13:44:20+00:00
2999,210/be_018tg_9_232.jpg,210,งง,wrong_class,199.0,,2026-09-24T13:44:20+00:00
3000,210/be_005sg_2_28.jpg,210,งง,wrong_class,199.0,,2026-09-24T13:44:42+00:00
3001,210/bl_001sg_3_197.jpg,210,งง,wrong_class,195.0,,2026-09-24T13:44:56+00:00
3002,210/be_015sg_2_204.jpg,210,งง,wrong_class,227.0,,2026-09-24T13:45:08+00:00
3003,210/be_015tg_2_448.jpg,210,งง,wrong_class,199.0,,2026-09-24T13:45:45+00:00
3004,210/bl_006tg_3_16.jpg,210,งง,wrong_class,199.0,,2026-09-24T13:45:45+00:00
3005,210/be_019tg_8_116.jpg,210,งง,wrong_class,199.0,,2026-09-24T13:45:45+00:00
3006,210/be_007tg_7_463.jpg,210,งง,wrong_class,199.0,,2026-09-24T13:45:45+00:00
3007,210/be_018tg_6_201.jpg,210,งง,wrong_class,199.0,,2026-09-24T13:45:45+00:00
3008,210/be_018sg_6_281.jpg,210,san,flag,,,2026-09-24T13:45:51+00:00
3009,210/be_008tg_6_42.jpg,210,san,flag,,,2026-09-24T13:46:02+00:00
3010,210/be_008tg_6_72.jpg,210,san,flag,,,2026-09-24T13:46:03+00:00
3011,210/be_020sg_2_306.jpg,210,งง,wrong_class,227.0,,2026-09-24T13:46:04+00:00
3012,210/be_008tg_6_15.jpg,210,san,flag,,,2026-09-24T13:46:04+00:00
3013,210/bc_019sg_8_380.jpg,210,งง,drop,,,2026-09-24T13:46:33+00:00
3014,210/bl_003tg_5_163.jpg,210,san,flag,,,2026-09-24T13:49:58+00:00
3015,210/bl_003tg_5_163.jpg,210,san,clear,,,2026-09-24T13:50:00+00:00
3016,210/bl_003tg_5_163.jpg,210,san,flag,,,2026-09-24T13:50:02+00:00
3017,210/bl_003tg_5_163.jpg,210,san,clear,,,2026-09-24T13:50:04+00:00
3018,210/bl_003tg_5_163.jpg,210,san,wrong_class,199.0,,2026-09-24T13:50:41+00:00
3019,210/be_005sg_2_28.jpg,210,san,wrong_class,199.0,,2026-09-24T13:50:41+00:00
3020,210/be_019sg_6_67.jpg,210,งง,wrong_class,227.0,,2026-09-24T13:52:11+00:00
3021,170/bl_001tg_1_8.jpg,170,san,ok,,,2026-09-24T13:52:33+00:00
